[Moise] OrgBoard mining_org created.
[Moise] scheme created: mining: mine_resources using artifact SchemeBoard
[Moise] group created: red: mining_team using artifact ora4mas.nopl.GroupBoard
[Moise] group created: blue: mining_team using artifact ora4mas.nopl.GroupBoard
[Moise] group created: green: mining_team using artifact ora4mas.nopl.GroupBoard
[Cartago] Workspace mining created.
[Cartago] artifact m1view: mining.MiningPlanetB(6,0) at mining created.
[Cartago] artifact m9view: mining.MiningPlanetB(6,8) at mining created.
[Cartago] artifact clock: mining.ClockArtifact(10) at mining created.
[Cartago] artifact m3view: mining.MiningPlanetB(6,2) at mining created.
[Cartago] artifact lantern: mining.LanternArtifact(2) at mining created.
[Cartago] artifact m5view: mining.MiningPlanetB(6,4) at mining created.
[Cartago] artifact radio: mining.RadioArtifactA(25) at mining created.
[Cartago] artifact m7view: mining.MiningPlanetB(6,6) at mining created.
[Cartago] artifact m2view: mining.MiningPlanetB(6,1) at mining created.
[Cartago] artifact backpack: mining.BackpackArtifact(3) at mining created.
[Cartago] artifact m4view: mining.MiningPlanetB(6,3) at mining created.
[Cartago] artifact m8view: mining.MiningPlanetB(6,7) at mining created.
[Cartago] artifact m6view: mining.MiningPlanetB(6,5) at mining created.
[miner8] join workspace /main/mining: done
[miner7] join workspace /main/mining: done
[miner2] join workspace /main/mining: done
[miner7] join workspace /main/mining_org: done
[miner8] join workspace /main/mining_org: done
[miner3] join workspace /main/mining: done
[miner8] focusing on artifact m8view (at workspace /main/mining) using namespace default
[miner7] focusing on artifact m7view (at workspace /main/mining) using namespace default
[miner2] join workspace /main/mining_org: done
[miner9] join workspace /main/mining: done
[miner2] focusing on artifact m2view (at workspace /main/mining) using namespace default
[miner3] join workspace /main/mining_org: done
[miner9] join workspace /main/mining_org: done
[miner9] focusing on artifact m9view (at workspace /main/mining) using namespace default
[miner5] join workspace /main/mining: done
[miner3] focusing on artifact m3view (at workspace /main/mining) using namespace default
[miner4] join workspace /main/mining: done
[miner8] focus on m8view: done
[miner7] focus on m7view: done
[miner3] focus on m3view: done
[miner2] focus on m2view: done
[miner5] join workspace /main/mining_org: done
[miner4] join workspace /main/mining_org: done
[miner6] join workspace /main/mining: done
[miner9] focus on m9view: done
[leader] join workspace /main/mining: done
[miner4] focusing on artifact m4view (at workspace /main/mining) using namespace default
[miner5] focusing on artifact m5view (at workspace /main/mining) using namespace default
[leader] focusing on artifact clock (at workspace /main/mining) using namespace default
[miner2] focusing on artifact radio (at workspace /main/mining) using namespace default
[miner3] focusing on artifact radio (at workspace /main/mining) using namespace default
[miner7] focusing on artifact radio (at workspace /main/mining) using namespace default
[miner8] focusing on artifact radio (at workspace /main/mining) using namespace default
[miner6] join workspace /main/mining_org: done
[miner9] focusing on artifact radio (at workspace /main/mining) using namespace default
[miner6] focusing on artifact m6view (at workspace /main/mining) using namespace default
[miner4] focus on m4view: done
[miner3] focus on radio: done
[miner4] focusing on artifact radio (at workspace /main/mining) using namespace default
[miner2] focus on radio: done
[miner2] focusing on artifact backpack (at workspace /main/mining) using namespace default
[miner3] focusing on artifact backpack (at workspace /main/mining) using namespace default
[leader] focus on clock: done
[miner7] focus on radio: done
[miner4] focus on radio: done
[miner7] focusing on artifact lantern (at workspace /main/mining) using namespace default
[miner2] focus on backpack: done
[miner8] focus on radio: done
[miner4] focusing on artifact lantern (at workspace /main/mining) using namespace default
[miner2] focusing on artifact red (at workspace /main/mining_org) using namespace default
[miner6] focus on m6view: done
[miner9] focus on radio: done
[miner6] focusing on artifact radio (at workspace /main/mining) using namespace default
[miner7] focus on lantern: done
[miner8] focusing on artifact backpack (at workspace /main/mining) using namespace default
[miner7] focusing on artifact green (at workspace /main/mining_org) using namespace default
[miner3] focus on backpack: done
[leader] Time left: 10 seconds
[miner5] focus on m5view: done
[miner9] focusing on artifact backpack (at workspace /main/mining) using namespace default
[miner6] focus on radio: done
[miner2] focus on red: done
[miner5] focusing on artifact radio (at workspace /main/mining) using namespace default
[miner6] focusing on artifact backpack (at workspace /main/mining) using namespace default
[miner3] focusing on artifact red (at workspace /main/mining_org) using namespace default
[miner2] focusing on artifact mining_org (at workspace /main/mining_org) using namespace default
[miner8] focus on backpack: done
[miner8] focusing on artifact green (at workspace /main/mining_org) using namespace default
[miner7] focus on green: done
[miner9] focus on backpack: done
[miner7] focusing on artifact mining_org (at workspace /main/mining_org) using namespace default
[miner9] focusing on artifact green (at workspace /main/mining_org) using namespace default
[miner5] focus on radio: done
[miner6] focus on backpack: done
[miner3] focus on red: done
[miner2] focus on mining_org: done
[miner7] focus on mining_org: done
[miner9] focus on green: done
[miner6] focusing on artifact blue (at workspace /main/mining_org) using namespace default
[miner3] focusing on artifact mining_org (at workspace /main/mining_org) using namespace default
[miner5] focusing on artifact backpack (at workspace /main/mining) using namespace default
[miner8] focus on green: done
[miner8] focusing on artifact mining_org (at workspace /main/mining_org) using namespace default
[miner7] I chose to go near 1 22 Coordinates
[miner1] join workspace /main/mining: done
[miner5] focus on backpack: done
[miner9] focusing on artifact mining_org (at workspace /main/mining_org) using namespace default
[miner5] focusing on artifact blue (at workspace /main/mining_org) using namespace default
[miner8] focus on mining_org: done
[miner1] join workspace /main/mining_org: done
[miner2] I chose to go near 28 1 Coordinates
[miner1] focusing on artifact m1view (at workspace /main/mining) using namespace default
[miner6] focus on blue: done
[miner6] focusing on artifact mining_org (at workspace /main/mining_org) using namespace default
[miner3] focus on mining_org: done
[miner8] I chose to go near 24 28 Coordinates
[miner3] I chose to go near 23 2 Coordinates
[miner5] focus on blue: done
[miner5] focusing on artifact mining_org (at workspace /main/mining_org) using namespace default
[miner1] focus on m1view: done
[miner6] focus on mining_org: done
[miner1] focusing on artifact radio (at workspace /main/mining) using namespace default
[miner6] I chose to go near 20 2 Coordinates
[miner9] focus on mining_org: done
[miner5] focus on mining_org: done
[miner1] focus on radio: done
[miner1] focusing on artifact lantern (at workspace /main/mining) using namespace default
[miner9] I chose to go near 30 23 Coordinates
[miner5] I chose to go near 23 11 Coordinates
[miner7] Lantern acquired. Vision radius: 2
[miner2] Backpack acquired. Capacity: 3
[miner3] Backpack acquired. Capacity: 3
[miner8] Leader says time left is 10 seconds
[miner3] Leader says time left is 10 seconds
[miner2] Leader says time left is 10 seconds
[miner8] Backpack acquired. Capacity: 3
[miner7] Leader says time left is 10 seconds
[miner6] Leader says time left is 10 seconds
[miner1] focus on lantern: done
[miner6] Backpack acquired. Capacity: 3
[miner1] focusing on artifact red (at workspace /main/mining_org) using namespace default
[miner7] Moise role perceived: explorer in green
[miner3] Moise role perceived: retriever2 in red
[miner2] Moise role perceived: retriever1 in red
[miner4] focus on lantern: done
[miner4] focusing on artifact blue (at workspace /main/mining_org) using namespace default
[miner1] focus on red: done
[miner8] Moise role perceived: retriever1 in green
[miner6] Moise role perceived: retriever2 in blue
[miner1] focusing on artifact mining_org (at workspace /main/mining_org) using namespace default
[miner5] Leader says time left is 10 seconds
[miner1] focus on mining_org: done
[miner1] I chose to go near 23 5 Coordinates
[miner5] Moise role perceived: retriever1 in blue
[miner5] Backpack acquired. Capacity: 3
[miner9] Leader says time left is 10 seconds
[miner9] Backpack acquired. Capacity: 3
[miner9] Moise role perceived: retriever2 in green
[miner1] Lantern acquired. Vision radius: 2
[miner1] Leader says time left is 10 seconds
[miner1] Moise role perceived: explorer in red
[miner4] focus on blue: done
[miner4] focusing on artifact mining_org (at workspace /main/mining_org) using namespace default
[miner4] focus on mining_org: done
[miner4] I chose to go near 32 29 Coordinates
[miner4] Lantern acquired. Vision radius: 2
[miner4] Leader says time left is 10 seconds
[miner4] Moise role perceived: explorer in blue
[miner8] Ore perceived: ore(diamond,9,27,4)
[miner8] Dropping near(_,_) desires and intentions to handle ore(diamond,9,27,4)
[miner8] Going for ore(diamond,9,27,4)
[miner8] Handling ore(diamond,9,27,4) now.
[miner9] Ore perceived: ore(diamond,9,27,4)
[miner9] Dropping near(_,_) desires and intentions to handle ore(diamond,9,27,4)
[miner9] Going for ore(diamond,9,27,4)
[miner9] Handling ore(diamond,9,27,4) now.
[miner5] Ore perceived: ore(gold,19,2,3)
[miner6] Ore perceived: ore(gold,19,2,3)
[miner5] Dropping near(_,_) desires and intentions to handle ore(gold,19,2,3)
[miner6] Dropping near(_,_) desires and intentions to handle ore(gold,19,2,3)
[miner4] Scout report: ore(gold,19,2,3)
[miner5] Going for ore(gold,19,2,3)
[miner6] Going for ore(gold,19,2,3)
[miner5] Radio received from miner 4: ore(gold,19,2,3)
[miner6] Radio received from miner 4: ore(gold,19,2,3)
[miner5] Handling ore(gold,19,2,3) now.
[miner6] Handling ore(gold,19,2,3) now.
[miner9] I've reached 9x27
[miner9] Stored ore(diamond,9,27,4) in backpack.
[miner9] No known ore left, returning to depot with 1 ores.
[miner6] I've reached 19x2
[miner9] Leader says time left is 9 seconds
[miner5] Leader says time left is 9 seconds
[leader] Time left: 9 seconds
[miner4] Leader says time left is 9 seconds
[miner1] Leader says time left is 9 seconds
[miner2] Leader says time left is 9 seconds
[miner3] Leader says time left is 9 seconds
[miner7] Leader says time left is 9 seconds
[miner8] Leader says time left is 9 seconds
[miner6] Leader says time left is 9 seconds
[miner7] Green explorer ignored low value ore: ore(coal,1,30,1)
[miner8] I've reached 9x27
[miner6] Stored ore(gold,19,2,3) in backpack.
[miner6] Blue retriever 2 returns after one ore.
[WorldModelB] Agent 8 is trying the pick ore, but there is no ore at 9x27!
[miner8] failed to catch ore ore(diamond,9,27,4)
[miner8] I chose to go near 3 12 Coordinates
[miner5] I've reached 19x2
[miner7] Green explorer ignored low value ore: ore(iron,2,22,2)
[WorldModelB] Agent 5 is trying the pick ore, but there is no ore at 19x2!
[miner5] failed to catch ore ore(gold,19,2,3)
[miner5] I chose to go near 10 28 Coordinates
[leader] Time left: 8 seconds
[miner8] Leader says time left is 8 seconds
[miner3] Leader says time left is 8 seconds
[miner1] Leader says time left is 8 seconds
[miner6] Leader says time left is 8 seconds
[miner2] Leader says time left is 8 seconds
[miner5] Leader says time left is 8 seconds
[miner4] Leader says time left is 8 seconds
[miner7] Leader says time left is 8 seconds
[miner9] Leader says time left is 8 seconds
[miner9] Giving up current ore ore(diamond,9,27,4) to handle ore(coal,1,30,1) which I am seeing!
[miner9] Going for ore(coal,1,30,1)
[miner9] Handling ore(coal,1,30,1) now.
[miner9] I've reached 1x30
[leader] Time left: 7 seconds
[miner9] Leader says time left is 7 seconds
[miner8] Leader says time left is 7 seconds
[miner7] Leader says time left is 7 seconds
[miner6] Leader says time left is 7 seconds
[miner3] Leader says time left is 7 seconds
[miner2] Leader says time left is 7 seconds
[miner4] Leader says time left is 7 seconds
[miner1] Leader says time left is 7 seconds
[miner5] Leader says time left is 7 seconds
[miner9] Stored ore(coal,1,30,1) in backpack.
[miner9] No known ore left, returning to depot with 2 ores.
[miner6] Giving up current ore ore(gold,19,2,3) to handle ore(gold,17,10,3) which I am seeing!
[miner6] Going for ore(gold,17,10,3)
[miner6] Handling ore(gold,17,10,3) now.
[miner5] Ore perceived: ore(gold,17,10,3)
[miner5] Dropping near(_,_) desires and intentions to handle ore(gold,17,10,3)
[miner5] Going for ore(gold,17,10,3)
[miner5] Radio received from miner 6: ore(gold,17,10,3)
[miner5] Handling ore(gold,17,10,3) now.
[miner5] Giving up current ore ore(gold,17,10,3) to handle ore(diamond,14,4,4) which I am seeing!
[miner5] Going for ore(diamond,14,4,4)
[miner5] Handling ore(diamond,14,4,4) now.
[miner6] Radio received from miner 5: ore(diamond,14,4,4)
[miner4] Scout report: ore(diamond,30,7,4)
[miner5] Radio received from miner 4: ore(diamond,30,7,4)
[miner6] Radio received from miner 4: ore(diamond,30,7,4)
[miner6] I've reached 17x10
[miner5] I've reached 14x4
[miner6] Stored ore(gold,17,10,3) in backpack.
[miner6] Blue retriever 2 returns after one ore.
[miner5] Stored ore(diamond,14,4,4) in backpack.
[miner5] Ore distances: [d(19,ore(diamond,30,7,4)),d(9,ore(gold,17,10,3))]2
[miner5] Next ore is ore(gold,17,10,3)
[miner5] Handling ore(gold,17,10,3) now.
[leader] Time left: 6 seconds
[miner9] Leader says time left is 6 seconds
[miner2] Leader says time left is 6 seconds
[miner6] Leader says time left is 6 seconds
[miner7] Leader says time left is 6 seconds
[miner1] Leader says time left is 6 seconds
[miner4] Leader says time left is 6 seconds
[miner5] Leader says time left is 6 seconds
[miner3] Leader says time left is 6 seconds
[miner8] Leader says time left is 6 seconds
[miner3] I am at (23,1) which is near (23,2)
[miner3] I chose to go near 30 17 Coordinates
[miner9] Giving up current ore ore(coal,1,30,1) to handle ore(iron,2,22,2) which I am seeing!
[miner9] Going for ore(iron,2,22,2)
[miner9] Handling ore(iron,2,22,2) now.
[miner2] Ore perceived: ore(iron,23,3,2)
[miner2] Dropping near(_,_) desires and intentions to handle ore(iron,23,3,2)
[miner2] Going for ore(iron,23,3,2)
[miner2] Radio received from miner 1: ore(iron,23,3,2)
[miner2] Handling ore(iron,23,3,2) now.
[miner1] Scout report: ore(iron,23,3,2)
[miner1] I am at (23,4) which is near (23,5)
[miner3] I am at (30,16) which is near (30,17)
[miner1] I chose to go near 22 2 Coordinates
[miner3] I chose to go near 1 15 Coordinates
[miner1] I am at (22,3) which is near (22,2)
[miner1] I chose to go near 2 28 Coordinates
[miner7] I am at (1,23) which is near (1,22)
[miner7] I chose to go near 1 16 Coordinates
[miner2] I've reached 23x3
[miner9] I've reached 2x22
[miner2] Stored ore(iron,23,3,2) in backpack.
[miner3] Ore perceived: ore(gold,25,18,3)
[miner2] No known ore left, returning to depot with 1 ores.
[miner9] Stored ore(iron,2,22,2) in backpack.
[miner3] Dropping near(_,_) desires and intentions to handle ore(gold,25,18,3)
[miner9] Backpack is full: 3/3
[miner3] Going for ore(gold,25,18,3)
[miner3] Handling ore(gold,25,18,3) now.
[miner3] I've reached 25x18
[miner3] Stored ore(gold,25,18,3) in backpack.
[miner7] I am at (1,17) which is near (1,16)
[miner3] No known ore left, returning to depot with 1 ores.
[miner7] I chose to go near 4 5 Coordinates
[miner7] Green explorer ignored low value ore: ore(coal,2,12,1)
[miner1] Scout report: ore(coal,6,6,1)
[miner2] Radio received from miner 1: ore(coal,6,6,1)
[miner8] I am at (2,13) which is near (3,12)
[miner8] I chose to go near 15 4 Coordinates
[miner3] I've reached 16x16
[WorldModelB] Agent 3 carried 1 ores to depot, worth 3 points!
[miner3] Dropped backpack with 1 ores, worth 3 points.
[leader] Team red is now leading with 3 points.
[miner3] I chose to go near 31 11 Coordinates
[miner1] Scout report: ore(coal,5,4,1)
[miner2] Radio received from miner 1: ore(coal,5,4,1)
[miner9] I've reached 16x16
[miner2] I've reached 16x16
[WorldModelB] Agent 9 carried 3 ores to depot, worth 7 points!
[WorldModelB] Agent 2 carried 1 ores to depot, worth 2 points!
[miner9] Dropped backpack with 3 ores, worth 7 points.
[miner9] Ore distances: [d(5,ore(iron,15,20,2)),d(16,ore(gold,5,21,3))]2
[leader] Team green is now leading with 7 points.
[miner9] Next ore is ore(iron,15,20,2)
[miner7] Green explorer ignored low value ore: ore(coal,6,6,1)
[miner9] Handling ore(iron,15,20,2) now.
[miner7] Green explorer ignored low value ore: ore(coal,6,9,1)
[leader] Team red scored 2 points; total is 5
[miner2] Dropped backpack with 1 ores, worth 2 points.
[miner3] Ore perceived: ore(iron,20,13,2)
[miner1] Scout report: ore(coal,3,5,1)
[miner3] Dropping near(_,_) desires and intentions to handle ore(iron,20,13,2)
[miner2] Radio received from miner 1: ore(coal,3,5,1)
[miner7] Green explorer ignored low value ore: ore(coal,3,5,1)
[miner2] Ore distances: [d(24,ore(coal,3,5,1)),d(23,ore(coal,5,4,1)),d(20,ore(coal,6,6,1))]3
[miner3] Going for ore(iron,20,13,2)
[miner2] Next ore is ore(coal,6,6,1)
[miner2] Handling ore(coal,6,6,1) now.
[miner3] Handling ore(iron,20,13,2) now.
[miner7] Green explorer ignored low value ore: ore(coal,5,4,1)
[miner7] I am at (4,6) which is near (4,5)
[miner7] I chose to go near 19 1 Coordinates
[miner9] I've reached 15x20
[miner8] I am at (15,5) which is near (15,4)
[miner8] I chose to go near 22 25 Coordinates
[miner3] I've reached 20x13
[miner2] Giving up current ore ore(coal,6,6,1) to handle ore(iron,15,12,2) which I am seeing!
[miner9] Stored ore(iron,15,20,2) in backpack.
[miner2] Going for ore(iron,15,12,2)
[miner2] Handling ore(iron,15,12,2) now.
[miner9] Ore distances: [d(11,ore(gold,5,21,3))]1
[miner9] Next ore is ore(gold,5,21,3)
[miner9] Handling ore(gold,5,21,3) now.
[miner3] Stored ore(iron,20,13,2) in backpack.
[miner3] Ore distances: [d(2,ore(diamond,21,14,4)),d(2,ore(gold,20,15,3))]2
[miner3] Next ore is ore(diamond,21,14,4)
[miner3] Handling ore(diamond,21,14,4) now.
[miner2] I've reached 15x12
[miner3] I've reached 21x14
[miner2] Stored ore(iron,15,12,2) in backpack.
[miner3] Stored ore(diamond,21,14,4) in backpack.
[miner2] Ore distances: [d(19,ore(coal,3,5,1)),d(18,ore(coal,5,4,1)),d(15,ore(coal,6,6,1))]3
[miner3] Ore distances: [d(2,ore(gold,20,15,3))]1
[miner2] Next ore is ore(coal,6,6,1)
[miner3] Next ore is ore(gold,20,15,3)
[miner2] Handling ore(coal,6,6,1) now.
[miner3] Handling ore(gold,20,15,3) now.
[miner3] I've reached 20x15
[miner7] Leader says time left is 5 seconds
[miner6] Leader says time left is 5 seconds
[miner9] Leader says time left is 5 seconds
[miner5] Leader says time left is 5 seconds
[miner2] Giving up current ore ore(coal,6,6,1) to handle ore(iron,11,11,2) which I am seeing!
[miner4] Leader says time left is 5 seconds
[miner8] Leader says time left is 5 seconds
[leader] Time left: 5 seconds
[miner1] Leader says time left is 5 seconds
[miner9] I've reached 5x21
[miner3] Leader says time left is 5 seconds
[miner2] Going for ore(iron,11,11,2)
[miner1] Scout report: ore(coal,2,12,1)
[miner3] Stored ore(gold,20,15,3) in backpack.
[miner9] Stored ore(gold,5,21,3) in backpack.
[miner9] No known ore left, returning to depot with 2 ores.
[miner2] Handling ore(iron,11,11,2) now.
[miner3] Backpack is full: 3/3
[miner2] Radio received from miner 1: ore(coal,2,12,1)
[miner2] Leader says time left is 5 seconds
[miner6] I've reached 16x16
[miner2] I've reached 11x11
[miner7] I am at (18,2) which is near (19,1)
[WorldModelB] Agent 6 carried 2 ores to depot, worth 6 points!
[miner7] I chose to go near 28 31 Coordinates
[miner2] Stored ore(iron,11,11,2) in backpack.
[miner6] Dropped backpack with 2 ores, worth 6 points.
[leader] Team blue scored 6 points; total is 6
[miner6] Ore distances: [d(23,ore(diamond,30,7,4)),d(14,ore(diamond,14,4,4))]2
[miner2] Ore distances: [d(2,ore(coal,10,10,1)),d(10,ore(coal,2,12,1)),d(14,ore(coal,3,5,1)),d(13,ore(coal,5,4,1)),d(10,ore(coal,6,6,1))]5
[miner6] Next ore is ore(diamond,14,4,4)
[miner6] Handling ore(diamond,14,4,4) now.
[miner2] Next ore is ore(coal,10,10,1)
[miner3] I've reached 16x16
[WorldModelB] Agent 3 carried 3 ores to depot, worth 9 points!
[miner2] Handling ore(coal,10,10,1) now.
[leader] Team red is now leading with 14 points.
[miner3] Dropped backpack with 3 ores, worth 9 points.
[miner3] I chose to go near 27 2 Coordinates
[miner2] I've reached 10x10
[miner2] Stored ore(coal,10,10,1) in backpack.
[miner8] I am at (22,24) which is near (22,25)
[miner2] Backpack is full: 3/3
[miner8] I chose to go near 26 12 Coordinates
[miner9] I've reached 16x16
[WorldModelB] Agent 9 carried 2 ores to depot, worth 5 points!
[miner9] Dropped backpack with 2 ores, worth 5 points.
[leader] Team green scored 5 points; total is 12
[miner9] I chose to go near 14 15 Coordinates
[miner9] I am at (15,16) which is near (14,15)
[miner9] I chose to go near 0 2 Coordinates
[miner1] I am at (1,27) which is near (2,28)
[miner1] I chose to go near 4 24 Coordinates
[miner2] I've reached 16x16
[WorldModelB] Agent 2 carried 3 ores to depot, worth 5 points!
[miner2] Dropped backpack with 3 ores, worth 5 points.
[leader] Team red is now leading with 19 points.
[miner2] Ore distances: [d(18,ore(coal,2,12,1)),d(24,ore(coal,3,5,1)),d(23,ore(coal,5,4,1)),d(20,ore(coal,6,6,1))]4
[miner2] Next ore is ore(coal,2,12,1)
[miner2] Handling ore(coal,2,12,1) now.
[miner6] I've reached 14x4
[WorldModelB] Agent 6 is trying the pick ore, but there is no ore at 14x4!
[miner8] I am at (26,13) which is near (26,12)
[miner8] I chose to go near 25 13 Coordinates
[miner8] I am at (26,13) which is near (25,13)
[miner3] I am at (27,3) which is near (27,2)
[miner8] I chose to go near 9 6 Coordinates
[miner6] failed to catch ore ore(diamond,14,4,4)
[miner3] I chose to go near 4 19 Coordinates
[miner6] Ore distances: [d(19,ore(diamond,30,7,4))]1
[miner6] Next ore is ore(diamond,30,7,4)
[miner6] Handling ore(diamond,30,7,4) now.
[miner5] I've reached 17x10
[WorldModelB] Agent 5 is trying the pick ore, but there is no ore at 17x10!
[miner9] Ore perceived: ore(coal,3,5,1)
[miner9] Dropping near(_,_) desires and intentions to handle ore(coal,3,5,1)
[miner9] Going for ore(coal,3,5,1)
[miner5] failed to catch ore ore(gold,17,10,3)
[miner9] Handling ore(coal,3,5,1) now.
[miner5] Ore distances: [d(16,ore(diamond,30,7,4))]1
[miner5] Next ore is ore(diamond,30,7,4)
[miner1] I am at (5,24) which is near (4,24)
[miner5] Handling ore(diamond,30,7,4) now.
[miner9] I've reached 3x5
[miner1] I chose to go near 33 0 Coordinates
[miner9] Stored ore(coal,3,5,1) in backpack.
[miner9] No known ore left, returning to depot with 1 ores.
[miner5] I've reached 30x7
[miner5] Stored ore(diamond,30,7,4) in backpack.
[miner5] Blue retriever 1 keeps searching until backpack is full: 2/3
[miner5] I chose to go near 22 33 Coordinates
[miner9] I've reached 16x16
[WorldModelB] Agent 9 carried 1 ores to depot, worth 1 points!
[miner9] Dropped backpack with 1 ores, worth 1 points.
[leader] Team green scored 1 points; total is 13
[miner9] Ore distances: [d(20,ore(coal,6,6,1)),d(23,ore(coal,5,4,1))]2
[miner9] Next ore is ore(coal,6,6,1)
[miner9] Handling ore(coal,6,6,1) now.
[miner5] Ore perceived: ore(gold,24,24,3)
[miner5] Dropping near(_,_) desires and intentions to handle ore(gold,24,24,3)
[miner5] Going for ore(gold,24,24,3)
[miner5] Handling ore(gold,24,24,3) now.
[miner5] I've reached 24x24
[miner6] Radio received from miner 5: ore(gold,24,24,3)
[miner5] Stored ore(gold,24,24,3) in backpack.
[miner5] Backpack is full: 3/3
[miner2] Radio received from miner 1: ore(coal,11,24,1)
[miner4] I am at (32,28) which is near (32,29)
[miner1] Scout report: ore(coal,11,24,1)
[miner4] Scout report: ore(iron,30,30,2)
[miner5] Radio received from miner 4: ore(iron,30,30,2)
[miner6] Radio received from miner 5: ore(gold,20,21,3)
[miner9] Giving up current ore ore(coal,6,6,1) to handle ore(coal,6,9,1) which I am seeing!
[miner9] Going for ore(coal,6,9,1)
[miner9] Handling ore(coal,6,9,1) now.
[miner2] I've reached 2x12
[miner9] I've reached 6x9
[miner2] Stored ore(coal,2,12,1) in backpack.
[miner9] Stored ore(coal,6,9,1) in backpack.
[miner2] Ore distances: [d(21,ore(coal,11,24,1)),d(8,ore(coal,3,5,1)),d(11,ore(coal,5,4,1)),d(10,ore(coal,6,6,1))]4
[miner2] Next ore is ore(coal,3,5,1)
[miner9] Ore distances: [d(3,ore(coal,6,6,1)),d(6,ore(coal,5,4,1))]2
[miner2] Handling ore(coal,3,5,1) now.
[miner6] I've reached 30x7
[miner9] Next ore is ore(coal,6,6,1)
[miner9] Handling ore(coal,6,6,1) now.
[WorldModelB] Agent 6 is trying the pick ore, but there is no ore at 30x7!
[miner6] failed to catch ore ore(diamond,30,7,4)
[miner3] Ore perceived: ore(coal,6,6,1)
[miner9] I've reached 6x6
[miner6] Ore distances: [d(24,ore(gold,20,21,3)),d(23,ore(gold,24,24,3))]2
[miner3] Dropping near(_,_) desires and intentions to handle ore(coal,6,6,1)
[miner9] Stored ore(coal,6,6,1) in backpack.
[miner6] Next ore is ore(gold,24,24,3)
[miner3] Going for ore(coal,6,6,1)
[miner6] Handling ore(gold,24,24,3) now.
[miner3] Handling ore(coal,6,6,1) now.
[miner9] Ore distances: [d(3,ore(coal,5,4,1))]1
[miner9] Next ore is ore(coal,5,4,1)
[miner7] Green explorer ignored low value ore: ore(iron,30,30,2)
[miner9] Handling ore(coal,5,4,1) now.
[miner3] I've reached 6x6
[miner2] I've reached 3x5
[WorldModelB] Agent 3 is trying the pick ore, but there is no ore at 6x6!
[WorldModelB] Agent 2 is trying the pick ore, but there is no ore at 3x5!
[miner3] failed to catch ore ore(coal,6,6,1)
[miner7] I am at (28,30) which is near (28,31)
[miner2] failed to catch ore ore(coal,3,5,1)
[miner7] I chose to go near 27 27 Coordinates
[miner3] Ore distances: [d(3,ore(coal,5,4,1))]1
[miner3] Next ore is ore(coal,5,4,1)
[miner2] Ore distances: [d(27,ore(coal,11,24,1)),d(3,ore(coal,5,4,1)),d(4,ore(coal,6,6,1))]3
[miner3] Handling ore(coal,5,4,1) now.
[miner2] Next ore is ore(coal,5,4,1)
[miner7] Green scout report: valuable ore(diamond,25,29,4)
[miner2] Handling ore(coal,5,4,1) now.
[miner3] I've reached 5x4
[miner3] Stored ore(coal,5,4,1) in backpack.
[miner3] No known ore left, returning to depot with 1 ores.
[miner2] I've reached 5x4
[WorldModelB] Agent 2 is trying the pick ore, but there is no ore at 5x4!
[miner2] failed to catch ore ore(coal,5,4,1)
[miner2] Ore distances: [d(26,ore(coal,11,24,1)),d(3,ore(coal,6,6,1))]2
[miner2] Next ore is ore(coal,6,6,1)
[miner2] Handling ore(coal,6,6,1) now.
[miner2] I've reached 6x6
[WorldModelB] Agent 2 is trying the pick ore, but there is no ore at 6x6!
[miner2] failed to catch ore ore(coal,6,6,1)
[miner2] Ore distances: [d(23,ore(coal,11,24,1))]1
[miner2] Next ore is ore(coal,11,24,1)
[miner2] Handling ore(coal,11,24,1) now.
[miner6] I've reached 24x24
[WorldModelB] Agent 6 is trying the pick ore, but there is no ore at 24x24!
[miner6] failed to catch ore ore(gold,24,24,3)
[miner6] Ore distances: [d(7,ore(gold,20,21,3))]1
[miner6] Next ore is ore(gold,20,21,3)
[miner6] Handling ore(gold,20,21,3) now.
[miner6] Giving up current ore ore(gold,20,21,3) to handle ore(iron,22,22,2) which I am seeing!
[miner6] Going for ore(iron,22,22,2)
[miner6] Handling ore(iron,22,22,2) now.
[miner5] Radio received from miner 6: ore(iron,22,22,2)
[miner7] I am at (27,28) which is near (27,27)
[miner7] I chose to go near 26 21 Coordinates
[miner6] I've reached 22x22
[miner9] I've reached 5x4
[miner5] I've reached 16x16
[WorldModelB] Agent 9 is trying the pick ore, but there is no ore at 5x4!
[WorldModelB] Agent 5 carried 3 ores to depot, worth 11 points!
[miner5] Dropped backpack with 3 ores, worth 11 points.
[miner5] Ore distances: [d(12,ore(iron,22,22,2)),d(9,ore(gold,20,21,3)),d(28,ore(iron,30,30,2))]3
[miner5] Next ore is ore(gold,20,21,3)
[miner6] Stored ore(iron,22,22,2) in backpack.
[miner5] Handling ore(gold,20,21,3) now.
[leader] Team blue scored 11 points; total is 17
[miner9] failed to catch ore ore(coal,5,4,1)
[miner6] Blue retriever 2 returns after one ore.
[miner3] I've reached 16x16
[WorldModelB] Agent 3 carried 1 ores to depot, worth 1 points!
[miner7] I am at (26,22) which is near (26,21)
[leader] Team red is now leading with 20 points.
[miner2] I've reached 11x24
[miner3] Dropped backpack with 1 ores, worth 1 points.
[miner7] I chose to go near 27 18 Coordinates
[miner3] I chose to go near 11 0 Coordinates
[miner2] Stored ore(coal,11,24,1) in backpack.
[miner2] No known ore left, returning to depot with 2 ores.
[miner8] I am at (9,7) which is near (9,6)
[miner8] I chose to go near 29 31 Coordinates
[miner5] I've reached 20x21
[miner5] Stored ore(gold,20,21,3) in backpack.
[miner5] Ore distances: [d(3,ore(iron,22,22,2)),d(19,ore(iron,30,30,2))]2
[miner5] Next ore is ore(iron,22,22,2)
[miner5] Handling ore(iron,22,22,2) now.
[miner5] I've reached 22x22
[WorldModelB] Agent 5 is trying the pick ore, but there is no ore at 22x22!
[miner5] failed to catch ore ore(iron,22,22,2)
[miner5] Ore distances: [d(16,ore(iron,30,30,2))]1
[miner5] Next ore is ore(iron,30,30,2)
[miner5] Handling ore(iron,30,30,2) now.
[miner3] I am at (11,1) which is near (11,0)
[miner3] I chose to go near 2 2 Coordinates
[miner5] I've reached 30x30
[miner5] Stored ore(iron,30,30,2) in backpack.
[miner5] Ore distances: [d(2,ore(gold,31,31,3))]1
[miner5] Next ore is ore(gold,31,31,3)
[miner6] Radio received from miner 5: ore(gold,31,31,3)
[miner7] I am at (27,19) which is near (27,18)
[miner5] Handling ore(gold,31,31,3) now.
[miner7] I chose to go near 23 31 Coordinates
[miner2] I've reached 16x16
[miner3] I am at (3,1) which is near (2,2)
[miner3] I chose to go near 26 31 Coordinates
[WorldModelB] Agent 2 carried 2 ores to depot, worth 2 points!
[miner5] I've reached 31x31
[miner6] I've reached 16x16
[miner5] Stored ore(gold,31,31,3) in backpack.
[WorldModelB] Agent 6 carried 1 ores to depot, worth 2 points!
[miner2] Dropped backpack with 2 ores, worth 2 points.
[miner2] Red retriever 1 staying near explorer at 25 6
[miner5] Backpack is full: 3/3
[miner9] I've reached 16x16
[miner6] Dropped backpack with 1 ores, worth 2 points.
[leader] Team blue scored 2 points; total is 19
[miner6] Ore distances: [d(30,ore(gold,31,31,3)),d(9,ore(gold,20,21,3))]2
[miner6] Next ore is ore(gold,20,21,3)
[miner6] Handling ore(gold,20,21,3) now.
[WorldModelB] Agent 9 carried 2 ores to depot, worth 2 points!
[miner9] Dropped backpack with 2 ores, worth 2 points.
[miner9] I chose to go near 21 8 Coordinates
[leader] Team green scored 2 points; total is 15
[miner6] Radio received from miner 5: ore(diamond,25,29,4)
[miner6] Radio received from miner 5: ore(diamond,22,30,4)
[miner1] I am at (33,1) which is near (33,0)
[miner1] I chose to go near 2 15 Coordinates
[miner6] I've reached 20x21
[WorldModelB] Agent 6 is trying the pick ore, but there is no ore at 20x21!
[miner6] failed to catch ore ore(gold,20,21,3)
[miner6] Ore distances: [d(11,ore(diamond,22,30,4)),d(13,ore(diamond,25,29,4)),d(21,ore(gold,31,31,3))]3
[miner7] Green scout report: valuable ore(diamond,22,30,4)
[miner6] Next ore is ore(diamond,22,30,4)
[miner6] Handling ore(diamond,22,30,4) now.
[miner9] I am at (21,9) which is near (21,8)
[miner2] I am at (25,7) which is near (25,6)
[miner8] Ore perceived: ore(diamond,22,30,4)
[miner4] I am at (0,1) which is near (0,0)
[miner2] Red retriever 1 staying near explorer at 31 1
[miner8] Dropping near(_,_) desires and intentions to handle ore(diamond,22,30,4)
[miner9] I chose to go near 30 5 Coordinates
[miner8] Going for ore(diamond,22,30,4)
[miner8] Radio received from miner 7: ore(diamond,22,30,4)
[miner8] Handling ore(diamond,22,30,4) now.
[miner7] I am at (23,30) which is near (23,31)
[miner7] I chose to go near 1 11 Coordinates
[miner7] Green scout report: valuable ore(diamond,19,29,4)
[miner8] Radio received from miner 7: ore(diamond,19,29,4)
[miner5] I've reached 16x16
[WorldModelB] Agent 5 carried 3 ores to depot, worth 8 points!
[miner5] Dropped backpack with 3 ores, worth 8 points.
[miner5] Ore distances: [d(20,ore(diamond,22,30,4)),d(22,ore(diamond,25,29,4))]2
[miner5] Next ore is ore(diamond,22,30,4)
[miner5] Handling ore(diamond,22,30,4) now.
[leader] Team blue is now leading with 27 points.
[miner9] I am at (30,6) which is near (30,5)
[miner9] I chose to go near 20 17 Coordinates
[miner2] I am at (31,2) which is near (31,1)
[miner2] Red retriever 1 staying near explorer at 16 4
[miner3] Ore perceived: ore(diamond,25,29,4)
[miner3] Dropping near(_,_) desires and intentions to handle ore(diamond,25,29,4)
[miner3] Going for ore(diamond,25,29,4)
[miner3] Handling ore(diamond,25,29,4) now.
[miner3] I've reached 25x29
[miner3] Stored ore(diamond,25,29,4) in backpack.
[miner3] No known ore left, returning to depot with 1 ores.
[miner4] I am at (33,1) which is near (34,0)
[miner1] I am at (2,14) which is near (2,15)
[miner1] I chose to go near 29 30 Coordinates
[miner1] Scout report: ore(diamond,5,17,4)
[miner4] I am at (34,6) which is near (34,7)
[miner7] I am at (1,12) which is near (1,11)
[miner7] I chose to go near 17 21 Coordinates
[miner7] Green scout report: valuable ore(diamond,5,17,4)
[miner6] I've reached 22x30
[miner6] Stored ore(diamond,22,30,4) in backpack.
[miner4] I am at (1,6) which is near (0,7)
[miner6] Blue retriever 2 returns after one ore.
[miner8] I've reached 22x30
[WorldModelB] Agent 8 is trying the pick ore, but there is no ore at 22x30!
[miner4] I am at (0,13) which is near (0,14)
[miner8] failed to catch ore ore(diamond,22,30,4)
[miner8] Ore distances: [d(4,ore(diamond,19,29,4))]1
[miner8] Next ore is ore(diamond,19,29,4)
[miner8] Handling ore(diamond,19,29,4) now.
[miner8] I've reached 19x29
[miner8] Stored ore(diamond,19,29,4) in backpack.
[miner8] No known ore left, returning to depot with 1 ores.
[miner6] I've reached 16x16
[WorldModelB] Agent 6 carried 1 ores to depot, worth 4 points!
[miner2] I am at (16,3) which is near (16,4)
[miner6] Dropped backpack with 1 ores, worth 4 points.
[leader] Team blue is now leading with 31 points.
[miner2] Red retriever 1 staying near explorer at 4 16
[miner6] Ore distances: [d(22,ore(diamond,25,29,4)),d(30,ore(gold,31,31,3))]2
[miner6] Next ore is ore(diamond,25,29,4)
[miner6] Handling ore(diamond,25,29,4) now.
[miner9] I am at (20,16) which is near (20,17)
[miner9] I chose to go near 32 8 Coordinates
[miner8] I've reached 16x16
[WorldModelB] Agent 8 carried 1 ores to depot, worth 4 points!
[miner5] I've reached 22x30
[miner8] Dropped backpack with 1 ores, worth 4 points.
[leader] Team green scored 4 points; total is 19
[miner8] I chose to go near 30 19 Coordinates
[WorldModelB] Agent 5 is trying the pick ore, but there is no ore at 22x30!
[miner5] failed to catch ore ore(diamond,22,30,4)
[miner5] Ore distances: [d(4,ore(diamond,25,29,4))]1
[miner5] Next ore is ore(diamond,25,29,4)
[miner5] Handling ore(diamond,25,29,4) now.
[miner5] I've reached 25x29
[WorldModelB] Agent 5 is trying the pick ore, but there is no ore at 25x29!
[miner7] I am at (16,20) which is near (17,21)
[miner7] I chose to go near 33 24 Coordinates
[miner5] failed to catch ore ore(diamond,25,29,4)
[miner5] I chose to go near 21 32 Coordinates
[miner4] I am at (34,13) which is near (34,14)
[miner8] I am at (29,18) which is near (30,19)
[miner5] I am at (21,31) which is near (21,32)
[miner5] I chose to go near 33 22 Coordinates
[miner8] I chose to go near 25 7 Coordinates
[miner4] I am at (34,20) which is near (34,21)
[miner7] I am at (33,23) which is near (33,24)
[miner7] I chose to go near 2 27 Coordinates
[miner8] I am at (25,8) which is near (25,7)
[miner8] I chose to go near 32 12 Coordinates
[miner5] I am at (33,23) which is near (33,22)
[miner5] I chose to go near 1 10 Coordinates
[miner8] I am at (31,11) which is near (32,12)
[miner8] I chose to go near 22 4 Coordinates
[miner9] I am at (32,9) which is near (32,8)
[miner6] I've reached 25x29
[miner9] I chose to go near 0 22 Coordinates
[WorldModelB] Agent 6 is trying the pick ore, but there is no ore at 25x29!
[miner6] failed to catch ore ore(diamond,25,29,4)
[miner6] Ore distances: [d(8,ore(gold,31,31,3))]1
[miner6] Next ore is ore(gold,31,31,3)
[miner2] I am at (4,15) which is near (4,16)
[miner2] Red retriever 1 staying near explorer at 15 20
[miner6] Handling ore(gold,31,31,3) now.
[miner6] I've reached 31x31
[miner5] Ore perceived: ore(diamond,5,17,4)
[WorldModelB] Agent 6 is trying the pick ore, but there is no ore at 31x31!
[miner5] Dropping near(_,_) desires and intentions to handle ore(diamond,5,17,4)
[miner5] Going for ore(diamond,5,17,4)
[miner6] failed to catch ore ore(gold,31,31,3)
[miner6] I chose to go near 33 15 Coordinates
[miner5] Handling ore(diamond,5,17,4) now.
[miner3] I've reached 16x16
[miner2] I am at (15,19) which is near (15,20)
[miner5] I've reached 5x17
[miner2] Red retriever 1 staying near explorer at 15 20
[WorldModelB] Agent 3 carried 1 ores to depot, worth 4 points!
[miner2] I am at (15,19) which is near (15,20)
[miner2] Red retriever 1 staying near explorer at 15 20
[miner2] I am at (15,19) which is near (15,20)
[miner2] Red retriever 1 staying near explorer at 15 20
[miner5] Stored ore(diamond,5,17,4) in backpack.
[miner2] I am at (15,19) which is near (15,20)
[miner5] Blue retriever 1 keeps searching until backpack is full: 1/3
[miner2] Red retriever 1 staying near explorer at 15 20
[miner5] I chose to go near 17 29 Coordinates
[miner2] I am at (15,19) which is near (15,20)
[miner2] Red retriever 1 staying near explorer at 15 20
[miner2] I am at (15,19) which is near (15,20)
[miner3] Dropped backpack with 1 ores, worth 4 points.
[miner2] Red retriever 1 staying near explorer at 15 20
[leader] Team red scored 4 points; total is 24
[miner2] I am at (15,19) which is near (15,20)
[miner3] I chose to go near 3 26 Coordinates
[miner2] Red retriever 1 staying near explorer at 15 20
[miner2] I am at (15,19) which is near (15,20)
[miner2] Red retriever 1 staying near explorer at 15 20
[miner2] I am at (15,19) which is near (15,20)
[miner2] Red retriever 1 staying near explorer at 15 20
[miner2] I am at (15,19) which is near (15,20)
[miner2] Red retriever 1 staying near explorer at 15 20
[miner2] I am at (15,19) which is near (15,20)
[miner2] Red retriever 1 staying near explorer at 15 20
[miner2] I am at (15,19) which is near (15,20)
[miner2] Red retriever 1 staying near explorer at 15 20
[miner2] I am at (15,19) which is near (15,20)
[miner2] Red retriever 1 staying near explorer at 15 20
[miner8] I am at (22,5) which is near (22,4)
[miner8] I chose to go near 23 28 Coordinates
[miner2] I am at (15,19) which is near (15,20)
[miner2] Red retriever 1 staying near explorer at 15 20
[miner2] I am at (15,19) which is near (15,20)
[miner2] Red retriever 1 staying near explorer at 15 20
[miner2] I am at (15,19) which is near (15,20)
[miner2] Red retriever 1 staying near explorer at 15 20
[miner2] I am at (15,19) which is near (15,20)
[miner2] Red retriever 1 staying near explorer at 15 20
[miner2] I am at (15,19) which is near (15,20)
[miner6] I am at (33,16) which is near (33,15)
[miner6] I chose to go near 3 30 Coordinates
[miner2] Red retriever 1 staying near explorer at 15 20
[miner2] I am at (15,19) which is near (15,20)
[miner2] Red retriever 1 staying near explorer at 15 20
[miner2] I am at (15,19) which is near (15,20)
[miner2] Red retriever 1 staying near explorer at 15 20
[miner1] I am at (29,29) which is near (29,30)
[miner2] I am at (15,19) which is near (15,20)
[miner1] I chose to go near 10 32 Coordinates
[miner2] Red retriever 1 staying near explorer at 15 20
[miner2] I am at (15,19) which is near (15,20)
[miner2] Red retriever 1 staying near explorer at 15 20
[miner2] I am at (15,19) which is near (15,20)
[miner2] Red retriever 1 staying near explorer at 15 20
[miner2] I am at (15,19) which is near (15,20)
[miner2] Red retriever 1 staying near explorer at 15 20
[miner2] I am at (15,19) which is near (15,20)
[miner2] Red retriever 1 staying near explorer at 15 20
[miner2] I am at (15,19) which is near (15,20)
[miner2] Red retriever 1 staying near explorer at 15 20
[miner2] I am at (15,19) which is near (15,20)
[miner2] Red retriever 1 staying near explorer at 15 20
[miner2] I am at (15,19) which is near (15,20)
[miner2] Red retriever 1 staying near explorer at 15 20
[miner8] I am at (23,27) which is near (23,28)
[miner2] I am at (15,19) which is near (15,20)
[miner8] I chose to go near 0 16 Coordinates
[miner2] Red retriever 1 staying near explorer at 15 20
[miner2] I am at (15,19) which is near (15,20)
[miner2] Red retriever 1 staying near explorer at 15 20
[miner2] I am at (15,19) which is near (15,20)
[miner2] Red retriever 1 staying near explorer at 15 20
[miner2] I am at (15,19) which is near (15,20)
[miner2] Red retriever 1 staying near explorer at 15 20
[miner2] I am at (15,19) which is near (15,20)
[miner2] Red retriever 1 staying near explorer at 15 20
[miner2] I am at (15,19) which is near (15,20)
[miner2] Red retriever 1 staying near explorer at 15 20
[miner2] I am at (15,19) which is near (15,20)
[miner2] Red retriever 1 staying near explorer at 15 20
[miner2] I am at (15,19) which is near (15,20)
[miner2] Red retriever 1 staying near explorer at 15 20
[miner2] I am at (15,19) which is near (15,20)
[miner2] Red retriever 1 staying near explorer at 15 20
[miner2] I am at (15,19) which is near (15,20)
[miner2] Red retriever 1 staying near explorer at 15 20
[miner2] I am at (15,19) which is near (15,20)
[miner2] Red retriever 1 staying near explorer at 15 20
[miner2] I am at (15,19) which is near (15,20)
[miner2] Red retriever 1 staying near explorer at 15 20
[miner2] I am at (15,19) which is near (15,20)
[miner2] Red retriever 1 staying near explorer at 15 20
[miner2] I am at (15,19) which is near (15,20)
[miner1] I am at (11,31) which is near (10,32)
[miner2] Red retriever 1 staying near explorer at 15 20
[miner1] I chose to go near 2 25 Coordinates
[miner2] I am at (15,19) which is near (15,20)
[miner2] Red retriever 1 staying near explorer at 15 20
[miner2] I am at (15,19) which is near (15,20)
[miner2] Red retriever 1 staying near explorer at 15 20
[miner2] I am at (15,19) which is near (15,20)
[miner2] Red retriever 1 staying near explorer at 15 20
[miner2] I am at (15,19) which is near (15,20)
[miner2] Red retriever 1 staying near explorer at 15 20
[miner2] I am at (15,19) which is near (15,20)
[miner2] Red retriever 1 staying near explorer at 15 20
[miner2] I am at (15,19) which is near (15,20)
[miner2] Red retriever 1 staying near explorer at 15 20
[miner2] I am at (15,19) which is near (15,20)
[miner2] Red retriever 1 staying near explorer at 15 20
[miner2] I am at (15,19) which is near (15,20)
[miner2] Red retriever 1 staying near explorer at 15 20
[miner2] I am at (15,19) which is near (15,20)
[miner2] Red retriever 1 staying near explorer at 15 20
[miner2] I am at (15,19) which is near (15,20)
[miner2] Red retriever 1 staying near explorer at 15 20
[miner3] I am at (3,25) which is near (3,26)
[miner2] I am at (15,19) which is near (15,20)
[miner2] Red retriever 1 staying near explorer at 15 20
[miner3] I chose to go near 10 31 Coordinates
[miner2] I am at (15,19) which is near (15,20)
[miner2] Red retriever 1 staying near explorer at 15 20
[miner2] I am at (15,19) which is near (15,20)
[miner2] Red retriever 1 staying near explorer at 15 20
[miner2] I am at (15,19) which is near (15,20)
[miner2] Red retriever 1 staying near explorer at 15 20
[miner2] I am at (15,19) which is near (15,20)
[miner2] Red retriever 1 staying near explorer at 15 20
[miner2] I am at (15,19) which is near (15,20)
[miner2] Red retriever 1 staying near explorer at 15 20
[miner2] I am at (15,19) which is near (15,20)
[miner2] Red retriever 1 staying near explorer at 15 20
[miner2] I am at (15,19) which is near (15,20)
[miner2] Red retriever 1 staying near explorer at 15 20
[miner2] I am at (15,19) which is near (15,20)
[miner2] Red retriever 1 staying near explorer at 15 20
[miner6] I am at (2,30) which is near (3,30)
[miner2] I am at (15,19) which is near (15,20)
[miner6] I chose to go near 12 24 Coordinates
[miner2] Red retriever 1 staying near explorer at 15 20
[miner2] I am at (15,19) which is near (15,20)
[miner2] Red retriever 1 staying near explorer at 15 20
[miner2] I am at (15,19) which is near (15,20)
[miner2] Red retriever 1 staying near explorer at 15 20
[miner2] I am at (15,19) which is near (15,20)
[miner2] Red retriever 1 staying near explorer at 15 20
[miner2] I am at (15,19) which is near (15,20)
[miner2] Red retriever 1 staying near explorer at 15 20
[miner2] I am at (15,19) which is near (15,20)
[miner2] Red retriever 1 staying near explorer at 15 20
[miner3] I am at (9,30) which is near (10,31)
[miner2] I am at (15,19) which is near (15,20)
[miner3] I chose to go near 31 9 Coordinates
[miner2] Red retriever 1 staying near explorer at 15 20
[miner2] I am at (15,19) which is near (15,20)
[miner2] Red retriever 1 staying near explorer at 15 20
[miner2] I am at (15,19) which is near (15,20)
[miner7] I am at (1,26) which is near (2,27)
[miner2] Red retriever 1 staying near explorer at 15 20
[miner7] I chose to go near 2 16 Coordinates
[miner2] I am at (15,19) which is near (15,20)
[miner2] Red retriever 1 staying near explorer at 15 20
[miner4] I am at (1,21) which is near (0,21)
[miner2] I am at (15,19) which is near (15,20)
[miner2] Red retriever 1 staying near explorer at 15 20
[miner2] I am at (15,19) which is near (15,20)
[miner2] Red retriever 1 staying near explorer at 15 20
[miner2] I am at (15,19) which is near (15,20)
[miner2] Red retriever 1 staying near explorer at 15 20
[miner9] I am at (0,21) which is near (0,22)
[miner2] I am at (15,19) which is near (15,20)
[miner9] I chose to go near 32 13 Coordinates
[miner2] Red retriever 1 staying near explorer at 15 20
[miner2] I am at (15,19) which is near (15,20)
[miner2] Red retriever 1 staying near explorer at 15 20
[miner2] I am at (15,19) which is near (15,20)
[miner2] Red retriever 1 staying near explorer at 15 20
[miner2] I am at (15,19) which is near (15,20)
[miner2] Red retriever 1 staying near explorer at 15 20
[miner4] I am at (0,27) which is near (0,28)
[miner5] I am at (16,29) which is near (17,29)
[miner7] I am at (2,17) which is near (2,16)
[miner5] I chose to go near 30 28 Coordinates
[miner7] I chose to go near 19 27 Coordinates
[miner2] I am at (15,19) which is near (15,20)
[miner2] Red retriever 1 staying near explorer at 15 20
[miner2] I am at (15,19) which is near (15,20)
[miner2] Red retriever 1 staying near explorer at 15 20
[miner2] I am at (15,19) which is near (15,20)
[miner2] Red retriever 1 staying near explorer at 15 20
[miner2] I am at (15,19) which is near (15,20)
[miner2] Red retriever 1 staying near explorer at 15 20
[miner2] I am at (15,19) which is near (15,20)
[miner2] Red retriever 1 staying near explorer at 15 20
[miner2] I am at (15,19) which is near (15,20)
[miner2] Red retriever 1 staying near explorer at 15 20
[miner2] I am at (15,19) which is near (15,20)
[miner2] Red retriever 1 staying near explorer at 15 20
[miner2] I am at (15,19) which is near (15,20)
[miner2] Red retriever 1 staying near explorer at 15 20
[miner2] I am at (15,19) which is near (15,20)
[miner2] Red retriever 1 staying near explorer at 15 20
[miner2] I am at (15,19) which is near (15,20)
[miner2] Red retriever 1 staying near explorer at 15 20
[miner2] I am at (15,19) which is near (15,20)
[miner2] Red retriever 1 staying near explorer at 15 20
[miner2] I am at (15,19) which is near (15,20)
[miner2] Red retriever 1 staying near explorer at 15 20
[miner2] I am at (15,19) which is near (15,20)
[miner2] Red retriever 1 staying near explorer at 15 20
[miner2] I am at (15,19) which is near (15,20)
[miner2] Red retriever 1 staying near explorer at 15 20
[miner2] I am at (15,19) which is near (15,20)
[miner2] Red retriever 1 staying near explorer at 15 20
[miner2] I am at (15,19) which is near (15,20)
[miner2] Red retriever 1 staying near explorer at 15 20
[miner2] I am at (15,19) which is near (15,20)
[miner2] Red retriever 1 staying near explorer at 15 20
[miner2] I am at (15,19) which is near (15,20)
[miner2] Red retriever 1 staying near explorer at 15 20
[miner2] I am at (15,19) which is near (15,20)
[miner2] Red retriever 1 staying near explorer at 15 20
[miner2] I am at (15,19) which is near (15,20)
[miner2] Red retriever 1 staying near explorer at 15 20
[miner2] I am at (15,19) which is near (15,20)
[miner2] Red retriever 1 staying near explorer at 15 20
[miner2] I am at (15,19) which is near (15,20)
[miner2] Red retriever 1 staying near explorer at 15 20
[miner2] I am at (15,19) which is near (15,20)
[miner2] Red retriever 1 staying near explorer at 15 20
[miner2] I am at (15,19) which is near (15,20)
[miner2] Red retriever 1 staying near explorer at 15 20
[miner2] I am at (15,19) which is near (15,20)
[miner2] Red retriever 1 staying near explorer at 15 20
[miner2] I am at (15,19) which is near (15,20)
[miner2] Red retriever 1 staying near explorer at 15 20
[miner2] I am at (15,19) which is near (15,20)
[miner2] Red retriever 1 staying near explorer at 15 20
[miner2] I am at (15,19) which is near (15,20)
[miner2] Red retriever 1 staying near explorer at 15 20
[miner2] I am at (15,19) which is near (15,20)
[miner2] Red retriever 1 staying near explorer at 15 20
[miner2] I am at (15,19) which is near (15,20)
[miner2] Red retriever 1 staying near explorer at 15 20
[miner2] I am at (15,19) which is near (15,20)
[miner7] I am at (19,26) which is near (19,27)
[miner2] Red retriever 1 staying near explorer at 15 20
[miner7] I chose to go near 24 16 Coordinates
[miner9] I am at (31,13) which is near (32,13)
[miner9] I chose to go near 9 25 Coordinates
[miner2] I am at (15,19) which is near (15,20)
[miner2] Red retriever 1 staying near explorer at 15 20
[miner2] I am at (15,19) which is near (15,20)
[miner8] I am at (0,17) which is near (0,16)
[miner2] Red retriever 1 staying near explorer at 15 20
[miner8] I chose to go near 24 20 Coordinates
[miner2] I am at (15,19) which is near (15,20)
[miner2] Red retriever 1 staying near explorer at 15 20
[miner2] I am at (15,19) which is near (15,20)
[miner2] Red retriever 1 staying near explorer at 15 20
[miner1] I am at (1,26) which is near (2,25)
[miner2] I am at (15,19) which is near (15,20)
[miner2] Red retriever 1 staying near explorer at 15 20
[miner2] I am at (15,19) which is near (15,20)
[miner1] I chose to go near 4 25 Coordinates
[miner2] Red retriever 1 staying near explorer at 15 20
[miner2] I am at (15,19) which is near (15,20)
[miner2] Red retriever 1 staying near explorer at 15 20
[miner2] I am at (15,19) which is near (15,20)
[miner2] Red retriever 1 staying near explorer at 15 20
[miner2] I am at (15,19) which is near (15,20)
[miner2] Red retriever 1 staying near explorer at 15 20
[miner2] I am at (15,19) which is near (15,20)
[miner2] Red retriever 1 staying near explorer at 15 20
[miner2] I am at (15,19) which is near (15,20)
[miner2] Red retriever 1 staying near explorer at 15 20
[miner2] I am at (15,19) which is near (15,20)
[miner2] Red retriever 1 staying near explorer at 15 20
[miner2] I am at (15,19) which is near (15,20)
[miner2] Red retriever 1 staying near explorer at 15 20
[miner2] I am at (15,19) which is near (15,20)
[miner2] Red retriever 1 staying near explorer at 15 20
[miner2] I am at (15,19) which is near (15,20)
[miner2] Red retriever 1 staying near explorer at 15 20
[miner7] I am at (24,17) which is near (24,16)
[miner2] I am at (15,19) which is near (15,20)
[miner7] I chose to go near 18 15 Coordinates
[miner2] Red retriever 1 staying near explorer at 15 20
[miner2] I am at (15,19) which is near (15,20)
[miner2] Red retriever 1 staying near explorer at 15 20
[miner2] I am at (15,19) which is near (15,20)
[miner2] Red retriever 1 staying near explorer at 15 20
[miner2] I am at (15,19) which is near (15,20)
[miner4] I am at (34,27) which is near (34,28)
[miner2] Red retriever 1 staying near explorer at 15 20
[miner2] I am at (15,19) which is near (15,20)
[miner2] Red retriever 1 staying near explorer at 15 20
[miner2] I am at (15,19) which is near (15,20)
[miner2] Red retriever 1 staying near explorer at 15 20
[miner2] I am at (15,19) which is near (15,20)
[miner7] I am at (18,16) which is near (18,15)
[miner2] Red retriever 1 staying near explorer at 15 20
[miner7] I chose to go near 24 27 Coordinates
[miner2] I am at (15,19) which is near (15,20)
[miner2] Red retriever 1 staying near explorer at 15 20
[miner2] I am at (15,19) which is near (15,20)
[miner2] Red retriever 1 staying near explorer at 15 20
[miner2] I am at (15,19) which is near (15,20)
[miner2] Red retriever 1 staying near explorer at 15 20
[miner2] I am at (15,19) which is near (15,20)
[miner2] Red retriever 1 staying near explorer at 15 20
[miner2] I am at (15,19) which is near (15,20)
[miner2] Red retriever 1 staying near explorer at 15 20
[miner1] I am at (5,24) which is near (4,25)
[miner2] I am at (15,19) which is near (15,20)
[miner2] Red retriever 1 staying near explorer at 15 20
[miner1] I chose to go near 1 8 Coordinates
[miner2] I am at (15,19) which is near (15,20)
[miner2] Red retriever 1 staying near explorer at 15 20
[miner2] I am at (15,19) which is near (15,20)
[miner2] Red retriever 1 staying near explorer at 15 20
[miner2] I am at (15,19) which is near (15,20)
[miner2] Red retriever 1 staying near explorer at 15 20
[miner2] I am at (15,19) which is near (15,20)
[miner2] Red retriever 1 staying near explorer at 15 20
[miner2] I am at (15,19) which is near (15,20)
[miner2] Red retriever 1 staying near explorer at 15 20
[miner5] I am at (29,29) which is near (30,28)
[miner2] I am at (15,19) which is near (15,20)
[miner5] I chose to go near 24 20 Coordinates
[miner2] Red retriever 1 staying near explorer at 15 20
[miner2] I am at (15,19) which is near (15,20)
[miner2] Red retriever 1 staying near explorer at 15 20
[miner7] I am at (24,26) which is near (24,27)
[miner7] I chose to go near 29 22 Coordinates
[miner2] I am at (15,19) which is near (15,20)
[miner2] Red retriever 1 staying near explorer at 15 20
[miner2] I am at (15,19) which is near (15,20)
[miner2] Red retriever 1 staying near explorer at 15 20
[miner2] I am at (15,19) which is near (15,20)
[miner2] Red retriever 1 staying near explorer at 15 20
[miner2] I am at (15,19) which is near (15,20)
[miner2] Red retriever 1 staying near explorer at 15 20
[miner2] I am at (15,19) which is near (15,20)
[miner2] Red retriever 1 staying near explorer at 15 20
[miner2] I am at (15,19) which is near (15,20)
[miner2] Red retriever 1 staying near explorer at 15 20
[miner2] I am at (15,19) which is near (15,20)
[miner2] Red retriever 1 staying near explorer at 15 20
[miner2] I am at (15,19) which is near (15,20)
[miner2] Red retriever 1 staying near explorer at 15 20
[miner7] I am at (29,23) which is near (29,22)
[miner7] I chose to go near 16 7 Coordinates
[miner2] I am at (15,19) which is near (15,20)
[miner2] Red retriever 1 staying near explorer at 15 20
[miner2] I am at (15,19) which is near (15,20)
[miner2] Red retriever 1 staying near explorer at 15 20
[miner2] I am at (15,19) which is near (15,20)
[miner2] Red retriever 1 staying near explorer at 15 20
[miner2] I am at (15,19) which is near (15,20)
[miner2] Red retriever 1 staying near explorer at 15 20
[miner2] I am at (15,19) which is near (15,20)
[miner2] Red retriever 1 staying near explorer at 15 20
[miner2] I am at (15,19) which is near (15,20)
[miner2] Red retriever 1 staying near explorer at 15 20
[miner2] I am at (15,19) which is near (15,20)
[miner2] Red retriever 1 staying near explorer at 15 20
[miner2] I am at (15,19) which is near (15,20)
[miner5] I am at (24,21) which is near (24,20)
[miner5] I chose to go near 22 9 Coordinates
[miner2] Red retriever 1 staying near explorer at 15 20
[miner2] I am at (15,19) which is near (15,20)
[miner2] Red retriever 1 staying near explorer at 15 20
[miner2] I am at (15,19) which is near (15,20)
[miner2] Red retriever 1 staying near explorer at 15 20
[miner2] I am at (15,19) which is near (15,20)
[miner2] Red retriever 1 staying near explorer at 15 20
[miner2] I am at (15,19) which is near (15,20)
[miner2] Red retriever 1 staying near explorer at 15 20
[miner2] I am at (15,19) which is near (15,20)
[miner2] Red retriever 1 staying near explorer at 15 20
[miner2] I am at (15,19) which is near (15,20)
[miner2] Red retriever 1 staying near explorer at 15 20
[miner2] I am at (15,19) which is near (15,20)
[miner2] Red retriever 1 staying near explorer at 15 20
[miner2] I am at (15,19) which is near (15,20)
[miner2] Red retriever 1 staying near explorer at 15 20
[miner2] I am at (15,19) which is near (15,20)
[miner5] I am at (22,10) which is near (22,9)
[miner2] Red retriever 1 staying near explorer at 15 20
[miner5] I chose to go near 24 24 Coordinates
[miner2] I am at (15,19) which is near (15,20)
[miner2] Red retriever 1 staying near explorer at 15 20
[miner2] I am at (15,19) which is near (15,20)
[miner2] Red retriever 1 staying near explorer at 15 20
[miner2] I am at (15,19) which is near (15,20)
[miner2] Red retriever 1 staying near explorer at 15 20
[miner2] I am at (15,19) which is near (15,20)
[miner2] Red retriever 1 staying near explorer at 15 20
[miner2] I am at (15,19) which is near (15,20)
[miner2] Red retriever 1 staying near explorer at 15 20
[miner2] I am at (15,19) which is near (15,20)
[miner2] Red retriever 1 staying near explorer at 15 20
[miner2] I am at (15,19) which is near (15,20)
[miner2] Red retriever 1 staying near explorer at 15 20
[miner2] I am at (15,19) which is near (15,20)
[miner2] Red retriever 1 staying near explorer at 15 20
[miner2] I am at (15,19) which is near (15,20)
[miner2] Red retriever 1 staying near explorer at 15 20
[miner1] I am at (1,9) which is near (1,8)
[miner2] I am at (15,19) which is near (15,20)
[miner2] Red retriever 1 staying near explorer at 15 20
[miner1] I chose to go near 3 0 Coordinates
[miner2] I am at (15,19) which is near (15,20)
[miner2] Red retriever 1 staying near explorer at 15 20
[miner2] I am at (15,19) which is near (15,20)
[miner2] Red retriever 1 staying near explorer at 15 20
[miner5] I am at (24,23) which is near (24,24)
[miner2] I am at (15,19) which is near (15,20)
[miner5] I chose to go near 19 7 Coordinates
[miner2] Red retriever 1 staying near explorer at 15 20
[miner2] I am at (15,19) which is near (15,20)
[miner2] Red retriever 1 staying near explorer at 15 20
[miner2] I am at (15,19) which is near (15,20)
[miner8] I am at (23,20) which is near (24,20)
[miner8] I chose to go near 33 4 Coordinates
[miner2] Red retriever 1 staying near explorer at 15 20
[miner2] I am at (15,19) which is near (15,20)
[miner2] Red retriever 1 staying near explorer at 15 20
[miner2] I am at (15,19) which is near (15,20)
[miner2] Red retriever 1 staying near explorer at 15 20
[miner2] I am at (15,19) which is near (15,20)
[miner2] Red retriever 1 staying near explorer at 15 20
[miner1] I am at (3,1) which is near (3,0)
[miner4] I am at (0,1) which is near (0,0)
[miner2] I am at (15,19) which is near (15,20)
[miner1] I chose to go near 26 14 Coordinates
[miner2] Red retriever 1 staying near explorer at 15 20
[miner2] I am at (15,19) which is near (15,20)
[miner2] Red retriever 1 staying near explorer at 15 20
[miner2] I am at (15,19) which is near (15,20)
[miner2] Red retriever 1 staying near explorer at 15 20
[miner2] I am at (15,19) which is near (15,20)
[miner2] Red retriever 1 staying near explorer at 15 20
[miner2] I am at (15,19) which is near (15,20)
[miner2] Red retriever 1 staying near explorer at 15 20
[miner2] I am at (15,19) which is near (15,20)
[miner2] Red retriever 1 staying near explorer at 15 20
[miner2] I am at (15,19) which is near (15,20)
[miner2] Red retriever 1 staying near explorer at 15 20
[miner2] I am at (15,19) which is near (15,20)
[miner2] Red retriever 1 staying near explorer at 15 20
[miner2] I am at (15,19) which is near (15,20)
[miner2] Red retriever 1 staying near explorer at 15 20
[miner2] I am at (15,19) which is near (15,20)
[miner2] Red retriever 1 staying near explorer at 15 20
[miner2] I am at (15,19) which is near (15,20)
[miner2] Red retriever 1 staying near explorer at 15 20
[miner2] I am at (15,19) which is near (15,20)
[miner2] Red retriever 1 staying near explorer at 15 20
[miner2] I am at (15,19) which is near (15,20)
[miner2] Red retriever 1 staying near explorer at 15 20
[miner2] I am at (15,19) which is near (15,20)
[miner2] Red retriever 1 staying near explorer at 15 20
[miner2] I am at (15,19) which is near (15,20)
[miner2] Red retriever 1 staying near explorer at 15 20
[miner2] I am at (15,19) which is near (15,20)
[miner2] Red retriever 1 staying near explorer at 15 20
[miner2] I am at (15,19) which is near (15,20)
[miner2] Red retriever 1 staying near explorer at 15 20
[miner2] I am at (15,19) which is near (15,20)
[miner2] Red retriever 1 staying near explorer at 15 20
[miner2] I am at (15,19) which is near (15,20)
[miner2] Red retriever 1 staying near explorer at 15 20
[miner2] I am at (15,19) which is near (15,20)
[miner2] Red retriever 1 staying near explorer at 15 20
[miner2] I am at (15,19) which is near (15,20)
[miner2] Red retriever 1 staying near explorer at 15 20
[miner2] I am at (15,19) which is near (15,20)
[miner2] Red retriever 1 staying near explorer at 15 20
[miner2] I am at (15,19) which is near (15,20)
[miner8] I am at (33,5) which is near (33,4)
[miner2] Red retriever 1 staying near explorer at 15 20
[miner8] I chose to go near 2 33 Coordinates
[miner2] I am at (15,19) which is near (15,20)
[miner2] Red retriever 1 staying near explorer at 15 20
[miner2] I am at (15,19) which is near (15,20)
[miner2] Red retriever 1 staying near explorer at 15 20
[miner2] I am at (15,19) which is near (15,20)
[miner2] Red retriever 1 staying near explorer at 15 20
[miner2] I am at (15,19) which is near (15,20)
[miner2] Red retriever 1 staying near explorer at 15 20
[miner2] I am at (15,19) which is near (15,20)
[miner2] Red retriever 1 staying near explorer at 15 20
[miner2] I am at (15,19) which is near (15,20)
[miner2] Red retriever 1 staying near explorer at 15 20
[miner2] I am at (15,19) which is near (15,20)
[miner2] Red retriever 1 staying near explorer at 15 20
[miner2] I am at (15,19) which is near (15,20)
[miner2] Red retriever 1 staying near explorer at 15 20
[miner2] I am at (15,19) which is near (15,20)
[miner2] Red retriever 1 staying near explorer at 15 20
[miner2] I am at (15,19) which is near (15,20)
[miner2] Red retriever 1 staying near explorer at 15 20
[miner2] I am at (15,19) which is near (15,20)
[miner2] Red retriever 1 staying near explorer at 15 20
[miner2] I am at (15,19) which is near (15,20)
[miner2] Red retriever 1 staying near explorer at 15 20
[miner2] I am at (15,19) which is near (15,20)
[miner2] Red retriever 1 staying near explorer at 15 20
[miner2] I am at (15,19) which is near (15,20)
[miner2] Red retriever 1 staying near explorer at 15 20
[miner2] I am at (15,19) which is near (15,20)
[miner2] Red retriever 1 staying near explorer at 15 20
[miner2] I am at (15,19) which is near (15,20)
[miner2] Red retriever 1 staying near explorer at 15 20
[miner2] I am at (15,19) which is near (15,20)
[miner2] Red retriever 1 staying near explorer at 15 20
[miner2] I am at (15,19) which is near (15,20)
[miner2] Red retriever 1 staying near explorer at 15 20
[miner2] I am at (15,19) which is near (15,20)
[miner2] Red retriever 1 staying near explorer at 15 20
[miner1] I am at (26,13) which is near (26,14)
[miner2] I am at (15,19) which is near (15,20)
[miner1] I chose to go near 18 5 Coordinates
[miner2] Red retriever 1 staying near explorer at 15 20
[miner2] I am at (15,19) which is near (15,20)
[miner2] Red retriever 1 staying near explorer at 15 20
[miner2] I am at (15,19) which is near (15,20)
[miner2] Red retriever 1 staying near explorer at 15 20
[miner2] I am at (15,19) which is near (15,20)
[miner2] Red retriever 1 staying near explorer at 15 20
[miner2] I am at (15,19) which is near (15,20)
[miner2] Red retriever 1 staying near explorer at 15 20
[miner2] I am at (15,19) which is near (15,20)
[miner2] Red retriever 1 staying near explorer at 15 20
[miner6] I am at (12,23) which is near (12,24)
[miner2] I am at (15,19) which is near (15,20)
[miner6] I chose to go near 32 13 Coordinates
[miner2] Red retriever 1 staying near explorer at 15 20
[miner2] I am at (15,19) which is near (15,20)
[miner2] Red retriever 1 staying near explorer at 15 20
[miner2] I am at (15,19) which is near (15,20)
[miner2] Red retriever 1 staying near explorer at 15 20
[miner2] I am at (15,19) which is near (15,20)
[miner2] Red retriever 1 staying near explorer at 15 20
[miner2] I am at (15,19) which is near (15,20)
[miner2] Red retriever 1 staying near explorer at 15 20
[miner2] I am at (15,19) which is near (15,20)
[miner2] Red retriever 1 staying near explorer at 15 20
[miner2] I am at (15,19) which is near (15,20)
[miner2] Red retriever 1 staying near explorer at 15 20
[miner2] I am at (15,19) which is near (15,20)
[miner2] Red retriever 1 staying near explorer at 15 20
[miner2] I am at (15,19) which is near (15,20)
[miner2] Red retriever 1 staying near explorer at 15 20
[miner2] I am at (15,19) which is near (15,20)
[miner2] Red retriever 1 staying near explorer at 15 20
[miner2] I am at (15,19) which is near (15,20)
[miner2] Red retriever 1 staying near explorer at 15 20
[miner2] I am at (15,19) which is near (15,20)
[miner2] Red retriever 1 staying near explorer at 15 20
[miner2] I am at (15,19) which is near (15,20)
[miner2] Red retriever 1 staying near explorer at 15 20
[miner1] I am at (18,6) which is near (18,5)
[miner2] I am at (15,19) which is near (15,20)
[miner1] I chose to go near 33 23 Coordinates
[miner2] Red retriever 1 staying near explorer at 15 20
[miner2] I am at (15,19) which is near (15,20)
[miner2] Red retriever 1 staying near explorer at 15 20
[miner2] I am at (15,19) which is near (15,20)
[miner2] Red retriever 1 staying near explorer at 15 20
[miner2] I am at (15,19) which is near (15,20)
[miner2] Red retriever 1 staying near explorer at 15 20
[miner2] I am at (15,19) which is near (15,20)
[miner2] Red retriever 1 staying near explorer at 15 20
[miner2] I am at (15,19) which is near (15,20)
[miner2] Red retriever 1 staying near explorer at 15 20
[miner2] I am at (15,19) which is near (15,20)
[miner2] Red retriever 1 staying near explorer at 15 20
[miner2] I am at (15,19) which is near (15,20)
[miner2] Red retriever 1 staying near explorer at 15 20
[miner2] I am at (15,19) which is near (15,20)
[miner2] Red retriever 1 staying near explorer at 15 20
[miner2] I am at (15,19) which is near (15,20)
[miner2] Red retriever 1 staying near explorer at 15 20
[miner2] I am at (15,19) which is near (15,20)
[miner2] Red retriever 1 staying near explorer at 15 20
[miner2] I am at (15,19) which is near (15,20)
[miner2] Red retriever 1 staying near explorer at 15 20
[miner2] I am at (15,19) which is near (15,20)
[miner2] Red retriever 1 staying near explorer at 15 20
[miner2] I am at (15,19) which is near (15,20)
[miner2] Red retriever 1 staying near explorer at 15 20
[miner2] I am at (15,19) which is near (15,20)
[miner2] Red retriever 1 staying near explorer at 15 20
[miner2] I am at (15,19) which is near (15,20)
[miner2] Red retriever 1 staying near explorer at 15 20
[miner2] I am at (15,19) which is near (15,20)
[miner2] Red retriever 1 staying near explorer at 15 20
[miner2] I am at (15,19) which is near (15,20)
[miner2] Red retriever 1 staying near explorer at 15 20
[miner2] I am at (15,19) which is near (15,20)
[miner2] Red retriever 1 staying near explorer at 15 20
[miner2] I am at (15,19) which is near (15,20)
[miner2] Red retriever 1 staying near explorer at 15 20
[miner2] I am at (15,19) which is near (15,20)
[miner2] Red retriever 1 staying near explorer at 15 20
[miner2] I am at (15,19) which is near (15,20)
[miner2] Red retriever 1 staying near explorer at 15 20
[miner5] I am at (20,7) which is near (19,7)
[miner5] I chose to go near 27 32 Coordinates
[miner2] I am at (15,19) which is near (15,20)
[miner2] Red retriever 1 staying near explorer at 15 20
[miner2] I am at (15,19) which is near (15,20)
[miner2] Red retriever 1 staying near explorer at 15 20
[miner2] I am at (15,19) which is near (15,20)
[miner2] Red retriever 1 staying near explorer at 15 20
[miner2] I am at (15,19) which is near (15,20)
[miner2] Red retriever 1 staying near explorer at 15 20
[miner2] I am at (15,19) which is near (15,20)
[miner2] Red retriever 1 staying near explorer at 15 20
[miner8] I am at (3,33) which is near (2,33)
[miner8] I chose to go near 25 23 Coordinates
[miner3] I am at (31,10) which is near (31,9)
[miner2] I am at (15,19) which is near (15,20)
[miner3] I chose to go near 23 14 Coordinates
[miner1] I am at (33,22) which is near (33,23)
[miner2] Red retriever 1 staying near explorer at 15 20
[miner1] I chose to go near 10 3 Coordinates
[miner2] I am at (15,19) which is near (15,20)
[miner2] Red retriever 1 staying near explorer at 15 20
[miner2] I am at (15,19) which is near (15,20)
[miner2] Red retriever 1 staying near explorer at 15 20
[miner2] I am at (15,19) which is near (15,20)
[miner2] Red retriever 1 staying near explorer at 15 20
[miner2] I am at (15,19) which is near (15,20)
[miner2] Red retriever 1 staying near explorer at 15 20
[miner2] I am at (15,19) which is near (15,20)
[miner2] Red retriever 1 staying near explorer at 15 20
[miner2] I am at (15,19) which is near (15,20)
[miner2] Red retriever 1 staying near explorer at 15 20
[miner2] I am at (15,19) which is near (15,20)
[miner2] Red retriever 1 staying near explorer at 15 20
[miner3] I am at (23,13) which is near (23,14)
[miner2] I am at (15,19) which is near (15,20)
[miner3] I chose to go near 25 28 Coordinates
[miner2] Red retriever 1 staying near explorer at 15 20
[miner2] I am at (15,19) which is near (15,20)
[miner2] Red retriever 1 staying near explorer at 15 20
[miner5] I am at (27,31) which is near (27,32)
[miner2] I am at (15,19) which is near (15,20)
[miner5] I chose to go near 5 9 Coordinates
[miner2] Red retriever 1 staying near explorer at 15 20
[miner2] I am at (15,19) which is near (15,20)
[miner2] Red retriever 1 staying near explorer at 15 20
[miner2] I am at (15,19) which is near (15,20)
[miner2] Red retriever 1 staying near explorer at 15 20
[miner2] I am at (15,19) which is near (15,20)
[miner2] Red retriever 1 staying near explorer at 15 20
[miner2] I am at (15,19) which is near (15,20)
[miner2] Red retriever 1 staying near explorer at 15 20
[miner2] I am at (15,19) which is near (15,20)
[miner2] Red retriever 1 staying near explorer at 15 20
[miner2] I am at (15,19) which is near (15,20)
[miner2] Red retriever 1 staying near explorer at 15 20
[miner2] I am at (15,19) which is near (15,20)
[miner2] Red retriever 1 staying near explorer at 15 20
[miner2] I am at (15,19) which is near (15,20)
[miner2] Red retriever 1 staying near explorer at 15 20
[miner2] I am at (15,19) which is near (15,20)
[miner2] Red retriever 1 staying near explorer at 15 20
[miner2] I am at (15,19) which is near (15,20)
[miner2] Red retriever 1 staying near explorer at 15 20
[miner2] I am at (15,19) which is near (15,20)
[miner2] Red retriever 1 staying near explorer at 15 20
[miner2] I am at (15,19) which is near (15,20)
[miner2] Red retriever 1 staying near explorer at 15 20
[miner3] I am at (25,27) which is near (25,28)
[miner2] I am at (15,19) which is near (15,20)
[miner3] I chose to go near 29 20 Coordinates
[miner2] Red retriever 1 staying near explorer at 15 20
[miner2] I am at (15,19) which is near (15,20)
[miner2] Red retriever 1 staying near explorer at 15 20
[miner2] I am at (15,19) which is near (15,20)
[miner2] Red retriever 1 staying near explorer at 15 20
[miner2] I am at (15,19) which is near (15,20)
[miner2] Red retriever 1 staying near explorer at 15 20
[miner2] I am at (15,19) which is near (15,20)
[miner2] Red retriever 1 staying near explorer at 15 20
[miner2] I am at (15,19) which is near (15,20)
[miner2] Red retriever 1 staying near explorer at 15 20
[miner2] I am at (15,19) which is near (15,20)
[miner2] Red retriever 1 staying near explorer at 15 20
[miner2] I am at (15,19) which is near (15,20)
[miner3] I am at (29,21) which is near (29,20)
[miner2] Red retriever 1 staying near explorer at 15 20
[miner3] I chose to go near 28 25 Coordinates
[miner2] I am at (15,19) which is near (15,20)
[miner2] Red retriever 1 staying near explorer at 15 20
[miner2] I am at (15,19) which is near (15,20)
[miner2] Red retriever 1 staying near explorer at 15 20
[miner2] I am at (15,19) which is near (15,20)
[miner2] Red retriever 1 staying near explorer at 15 20
[miner2] I am at (15,19) which is near (15,20)
[miner2] Red retriever 1 staying near explorer at 15 20
[miner3] I am at (28,24) which is near (28,25)
[miner3] I chose to go near 28 9 Coordinates
[miner2] I am at (15,19) which is near (15,20)
[miner2] Red retriever 1 staying near explorer at 15 20
[miner2] I am at (15,19) which is near (15,20)
[miner2] Red retriever 1 staying near explorer at 15 20
[miner2] I am at (15,19) which is near (15,20)
[miner2] Red retriever 1 staying near explorer at 15 20
[miner2] I am at (15,19) which is near (15,20)
[miner2] Red retriever 1 staying near explorer at 15 20
[miner2] I am at (15,19) which is near (15,20)
[miner2] Red retriever 1 staying near explorer at 15 20
[miner2] I am at (15,19) which is near (15,20)
[miner2] Red retriever 1 staying near explorer at 15 20
[miner2] I am at (15,19) which is near (15,20)
[miner2] Red retriever 1 staying near explorer at 15 20
[miner2] I am at (15,19) which is near (15,20)
[miner2] Red retriever 1 staying near explorer at 15 20
[miner2] I am at (15,19) which is near (15,20)
[miner2] Red retriever 1 staying near explorer at 15 20
[miner2] I am at (15,19) which is near (15,20)
[miner2] Red retriever 1 staying near explorer at 15 20
[miner2] I am at (15,19) which is near (15,20)
[miner2] Red retriever 1 staying near explorer at 15 20
[miner2] I am at (15,19) which is near (15,20)
[miner2] Red retriever 1 staying near explorer at 15 20
[miner2] I am at (15,19) which is near (15,20)
[miner2] Red retriever 1 staying near explorer at 15 20
[miner2] I am at (15,19) which is near (15,20)
[miner2] Red retriever 1 staying near explorer at 15 20
[miner2] I am at (15,19) which is near (15,20)
[miner2] Red retriever 1 staying near explorer at 15 20
[miner2] I am at (15,19) which is near (15,20)
[miner2] Red retriever 1 staying near explorer at 15 20
[miner2] I am at (15,19) which is near (15,20)
[miner2] Red retriever 1 staying near explorer at 15 20
[miner2] I am at (15,19) which is near (15,20)
[miner2] Red retriever 1 staying near explorer at 15 20
[miner2] I am at (15,19) which is near (15,20)
[miner2] Red retriever 1 staying near explorer at 15 20
[miner3] I am at (28,10) which is near (28,9)
[miner2] I am at (15,19) which is near (15,20)
[miner3] I chose to go near 24 20 Coordinates
[miner2] Red retriever 1 staying near explorer at 15 20
[miner2] I am at (15,19) which is near (15,20)
[miner2] Red retriever 1 staying near explorer at 15 20
[miner2] I am at (15,19) which is near (15,20)
[miner2] Red retriever 1 staying near explorer at 15 20
[miner2] I am at (15,19) which is near (15,20)
[miner2] Red retriever 1 staying near explorer at 15 20
[miner2] I am at (15,19) which is near (15,20)
[miner2] Red retriever 1 staying near explorer at 15 20
[miner2] I am at (15,19) which is near (15,20)
[miner2] Red retriever 1 staying near explorer at 15 20
[miner2] I am at (15,19) which is near (15,20)
[miner2] Red retriever 1 staying near explorer at 15 20
[miner2] I am at (15,19) which is near (15,20)
[miner2] Red retriever 1 staying near explorer at 15 20
[miner2] I am at (15,19) which is near (15,20)
[miner2] Red retriever 1 staying near explorer at 15 20
[miner3] I am at (24,19) which is near (24,20)
[miner2] I am at (15,19) which is near (15,20)
[miner3] I chose to go near 26 20 Coordinates
[miner2] Red retriever 1 staying near explorer at 15 20
[miner2] I am at (15,19) which is near (15,20)
[miner2] Red retriever 1 staying near explorer at 15 20
[miner3] I am at (25,19) which is near (26,20)
[miner3] I chose to go near 16 14 Coordinates
[miner2] I am at (15,19) which is near (15,20)
[miner2] Red retriever 1 staying near explorer at 15 20
[miner2] I am at (15,19) which is near (15,20)
[miner4] I am at (33,1) which is near (34,0)
[miner2] Red retriever 1 staying near explorer at 15 20
[miner2] I am at (15,19) which is near (15,20)
[miner2] Red retriever 1 staying near explorer at 15 20
[miner2] I am at (15,19) which is near (15,20)
[miner2] Red retriever 1 staying near explorer at 15 20
[miner2] I am at (15,19) which is near (15,20)
[miner2] Red retriever 1 staying near explorer at 15 20
[miner2] I am at (15,19) which is near (15,20)
[miner2] Red retriever 1 staying near explorer at 15 20
[miner2] I am at (15,19) which is near (15,20)
[miner2] Red retriever 1 staying near explorer at 15 20
[miner4] I am at (34,6) which is near (34,7)
[miner2] I am at (15,19) which is near (15,20)
[miner2] Red retriever 1 staying near explorer at 15 20
[miner2] I am at (15,19) which is near (15,20)
[miner2] Red retriever 1 staying near explorer at 15 20
[miner2] I am at (15,19) which is near (15,20)
[miner2] Red retriever 1 staying near explorer at 15 20
[miner2] I am at (15,19) which is near (15,20)
[miner2] Red retriever 1 staying near explorer at 15 20
[miner2] I am at (15,19) which is near (15,20)
[miner3] I am at (16,15) which is near (16,14)
[miner2] Red retriever 1 staying near explorer at 15 20
[miner2] I am at (15,19) which is near (15,20)
[miner2] Red retriever 1 staying near explorer at 15 20
[miner2] I am at (15,19) which is near (15,20)
[miner3] I chose to go near 16 6 Coordinates
[miner2] Red retriever 1 staying near explorer at 15 20
[miner2] I am at (15,19) which is near (15,20)
[miner2] Red retriever 1 staying near explorer at 15 20
[miner2] I am at (15,19) which is near (15,20)
[miner2] Red retriever 1 staying near explorer at 15 20
[miner2] I am at (15,19) which is near (15,20)
[miner2] Red retriever 1 staying near explorer at 15 20
[miner2] I am at (15,19) which is near (15,20)
[miner2] Red retriever 1 staying near explorer at 15 20
[miner2] I am at (15,19) which is near (15,20)
[miner2] Red retriever 1 staying near explorer at 15 20
[miner8] I am at (25,24) which is near (25,23)
[miner2] I am at (15,19) which is near (15,20)
[miner2] Red retriever 1 staying near explorer at 15 20
[miner2] I am at (15,19) which is near (15,20)
[miner8] I chose to go near 12 27 Coordinates
[miner2] Red retriever 1 staying near explorer at 15 20
[miner2] I am at (15,19) which is near (15,20)
[miner2] Red retriever 1 staying near explorer at 15 20
[miner2] I am at (15,19) which is near (15,20)
[miner2] Red retriever 1 staying near explorer at 15 20
[miner2] I am at (15,19) which is near (15,20)
[miner2] Red retriever 1 staying near explorer at 15 20
[miner2] I am at (15,19) which is near (15,20)
[miner2] Red retriever 1 staying near explorer at 15 20
[miner2] I am at (15,19) which is near (15,20)
[miner2] Red retriever 1 staying near explorer at 15 20
[miner3] I am at (17,7) which is near (16,6)
[miner3] I chose to go near 11 20 Coordinates
[miner2] I am at (15,19) which is near (15,20)
[miner2] Red retriever 1 staying near explorer at 15 20
[miner2] I am at (15,19) which is near (15,20)
[miner2] Red retriever 1 staying near explorer at 15 20
[miner2] I am at (15,19) which is near (15,20)
[miner2] Red retriever 1 staying near explorer at 15 20
[miner2] I am at (15,19) which is near (15,20)
[miner2] Red retriever 1 staying near explorer at 15 20
[miner2] I am at (15,19) which is near (15,20)
[miner2] Red retriever 1 staying near explorer at 15 20
[miner2] I am at (15,19) which is near (15,20)
[miner2] Red retriever 1 staying near explorer at 15 20
[miner2] I am at (15,19) which is near (15,20)
[miner2] Red retriever 1 staying near explorer at 15 20
[miner2] I am at (15,19) which is near (15,20)
[miner2] Red retriever 1 staying near explorer at 15 20
[miner2] I am at (15,19) which is near (15,20)
[miner2] Red retriever 1 staying near explorer at 15 20
[miner2] I am at (15,19) which is near (15,20)
[miner2] Red retriever 1 staying near explorer at 15 20
[miner2] I am at (15,19) which is near (15,20)
[miner1] I am at (10,4) which is near (10,3)
[miner2] Red retriever 1 staying near explorer at 15 20
[miner1] I chose to go near 1 10 Coordinates
[miner2] I am at (15,19) which is near (15,20)
[miner2] Red retriever 1 staying near explorer at 15 20
[miner2] I am at (15,19) which is near (15,20)
[miner2] Red retriever 1 staying near explorer at 15 20
[miner2] I am at (15,19) which is near (15,20)
[miner2] Red retriever 1 staying near explorer at 15 20
[miner2] I am at (15,19) which is near (15,20)
[miner2] Red retriever 1 staying near explorer at 15 20
[miner2] I am at (15,19) which is near (15,20)
[miner2] Red retriever 1 staying near explorer at 15 20
[miner2] I am at (15,19) which is near (15,20)
[miner2] Red retriever 1 staying near explorer at 15 20
[miner2] I am at (15,19) which is near (15,20)
[miner2] Red retriever 1 staying near explorer at 15 20
[miner2] I am at (15,19) which is near (15,20)
[miner2] Red retriever 1 staying near explorer at 15 20
[miner3] I am at (11,19) which is near (11,20)
[miner3] I chose to go near 27 2 Coordinates
[miner2] I am at (15,19) which is near (15,20)
[miner2] Red retriever 1 staying near explorer at 15 20
[miner2] I am at (15,19) which is near (15,20)
[miner2] Red retriever 1 staying near explorer at 15 20
[miner2] I am at (15,19) which is near (15,20)
[miner2] Red retriever 1 staying near explorer at 15 20
[miner2] I am at (15,19) which is near (15,20)
[miner2] Red retriever 1 staying near explorer at 15 20
[miner2] I am at (15,19) which is near (15,20)
[miner2] Red retriever 1 staying near explorer at 15 20
[miner1] I am at (1,9) which is near (1,10)
[miner2] I am at (15,19) which is near (15,20)
[miner1] I chose to go near 12 8 Coordinates
[miner2] Red retriever 1 staying near explorer at 15 20
[miner2] I am at (15,19) which is near (15,20)
[miner2] Red retriever 1 staying near explorer at 15 20
[miner2] I am at (15,19) which is near (15,20)
[miner2] Red retriever 1 staying near explorer at 15 20
[miner2] I am at (15,19) which is near (15,20)
[miner2] Red retriever 1 staying near explorer at 15 20
[miner2] I am at (15,19) which is near (15,20)
[miner2] Red retriever 1 staying near explorer at 15 20
[miner2] I am at (15,19) which is near (15,20)
[miner2] Red retriever 1 staying near explorer at 15 20
[miner2] I am at (15,19) which is near (15,20)
[miner9] I am at (9,26) which is near (9,25)
[miner9] I chose to go near 14 9 Coordinates
[miner2] Red retriever 1 staying near explorer at 15 20
[miner2] I am at (15,19) which is near (15,20)
[miner2] Red retriever 1 staying near explorer at 15 20
[miner2] I am at (15,19) which is near (15,20)
[miner1] I am at (11,9) which is near (12,8)
[miner2] Red retriever 1 staying near explorer at 15 20
[miner1] I chose to go near 33 12 Coordinates
[miner2] I am at (15,19) which is near (15,20)
[miner2] Red retriever 1 staying near explorer at 15 20
[miner2] I am at (15,19) which is near (15,20)
[miner2] Red retriever 1 staying near explorer at 15 20
[miner2] I am at (15,19) which is near (15,20)
[miner2] Red retriever 1 staying near explorer at 15 20
[miner2] I am at (15,19) which is near (15,20)
[miner2] Red retriever 1 staying near explorer at 15 20
[miner6] I am at (31,13) which is near (32,13)
[miner6] I chose to go near 29 5 Coordinates
[miner2] I am at (15,19) which is near (15,20)
[miner2] Red retriever 1 staying near explorer at 15 20
[miner2] I am at (15,19) which is near (15,20)
[miner2] Red retriever 1 staying near explorer at 15 20
[miner2] I am at (15,19) which is near (15,20)
[miner2] Red retriever 1 staying near explorer at 15 20
[miner2] I am at (15,19) which is near (15,20)
[miner2] Red retriever 1 staying near explorer at 15 20
[miner2] I am at (15,19) which is near (15,20)
[miner2] Red retriever 1 staying near explorer at 15 20
[miner2] I am at (15,19) which is near (15,20)
[miner2] Red retriever 1 staying near explorer at 15 20
[miner2] I am at (15,19) which is near (15,20)
[miner6] I am at (29,6) which is near (29,5)
[miner2] Red retriever 1 staying near explorer at 15 20
[miner6] I chose to go near 25 1 Coordinates
[miner2] I am at (15,19) which is near (15,20)
[miner2] Red retriever 1 staying near explorer at 15 20
[miner2] I am at (15,19) which is near (15,20)
[miner2] Red retriever 1 staying near explorer at 15 20
[miner2] I am at (15,19) which is near (15,20)
[miner2] Red retriever 1 staying near explorer at 15 20
[miner2] I am at (15,19) which is near (15,20)
[miner2] Red retriever 1 staying near explorer at 15 20
[miner2] I am at (15,19) which is near (15,20)
[miner2] Red retriever 1 staying near explorer at 15 20
[miner2] I am at (15,19) which is near (15,20)
[miner2] Red retriever 1 staying near explorer at 15 20
[miner2] I am at (15,19) which is near (15,20)
[miner2] Red retriever 1 staying near explorer at 15 20
[miner2] I am at (15,19) which is near (15,20)
[miner6] I am at (25,2) which is near (25,1)
[miner6] I chose to go near 7 26 Coordinates
[miner2] Red retriever 1 staying near explorer at 15 20
[miner8] I am at (12,26) which is near (12,27)
[miner2] I am at (15,19) which is near (15,20)
[miner8] I chose to go near 28 2 Coordinates
[miner2] Red retriever 1 staying near explorer at 15 20
[miner2] I am at (15,19) which is near (15,20)
[miner2] Red retriever 1 staying near explorer at 15 20
[miner2] I am at (15,19) which is near (15,20)
[miner2] Red retriever 1 staying near explorer at 15 20
[miner2] I am at (15,19) which is near (15,20)
[miner2] Red retriever 1 staying near explorer at 15 20
[miner2] I am at (15,19) which is near (15,20)
[miner1] I am at (33,11) which is near (33,12)
[miner2] Red retriever 1 staying near explorer at 15 20
[miner1] I chose to go near 24 29 Coordinates
[miner2] I am at (15,19) which is near (15,20)
[miner2] Red retriever 1 staying near explorer at 15 20
[miner2] I am at (15,19) which is near (15,20)
[miner2] Red retriever 1 staying near explorer at 15 20
[miner2] I am at (15,19) which is near (15,20)
[miner2] Red retriever 1 staying near explorer at 15 20
[miner2] I am at (15,19) which is near (15,20)
[miner4] I am at (1,6) which is near (0,7)
[miner2] Red retriever 1 staying near explorer at 15 20
[miner2] I am at (15,19) which is near (15,20)
[miner2] Red retriever 1 staying near explorer at 15 20
[miner2] I am at (15,19) which is near (15,20)
[miner2] Red retriever 1 staying near explorer at 15 20
[miner2] I am at (15,19) which is near (15,20)
[miner2] Red retriever 1 staying near explorer at 15 20
[miner2] I am at (15,19) which is near (15,20)
[miner2] Red retriever 1 staying near explorer at 15 20
[miner2] I am at (15,19) which is near (15,20)
[miner2] Red retriever 1 staying near explorer at 15 20
[miner2] I am at (15,19) which is near (15,20)
[miner4] I am at (0,13) which is near (0,14)
[miner2] Red retriever 1 staying near explorer at 15 20
[miner2] I am at (15,19) which is near (15,20)
[miner2] Red retriever 1 staying near explorer at 15 20
[miner2] I am at (15,19) which is near (15,20)
[miner2] Red retriever 1 staying near explorer at 15 20
[miner9] I am at (14,10) which is near (14,9)
[miner2] I am at (15,19) which is near (15,20)
[miner7] I am at (17,7) which is near (16,7)
[miner9] I chose to go near 21 5 Coordinates
[miner2] Red retriever 1 staying near explorer at 15 20
[miner7] I chose to go near 16 5 Coordinates
[miner2] I am at (15,19) which is near (15,20)
[miner2] Red retriever 1 staying near explorer at 15 20
[miner7] I am at (16,6) which is near (16,5)
[miner7] I chose to go near 2 33 Coordinates
[miner2] I am at (15,19) which is near (15,20)
[miner2] Red retriever 1 staying near explorer at 15 20
[miner2] I am at (15,19) which is near (15,20)
[miner2] Red retriever 1 staying near explorer at 15 20
[miner2] I am at (15,19) which is near (15,20)
[miner2] Red retriever 1 staying near explorer at 15 20
[miner2] I am at (15,19) which is near (15,20)
[miner2] Red retriever 1 staying near explorer at 15 20
[miner2] I am at (15,19) which is near (15,20)
[miner1] I am at (24,28) which is near (24,29)
[miner1] I chose to go near 7 33 Coordinates
[miner2] Red retriever 1 staying near explorer at 15 20
[miner2] I am at (15,19) which is near (15,20)
[miner2] Red retriever 1 staying near explorer at 15 20
[miner2] I am at (15,19) which is near (15,20)
[miner2] Red retriever 1 staying near explorer at 15 20
[miner2] I am at (15,19) which is near (15,20)
[miner2] Red retriever 1 staying near explorer at 15 20
[miner9] I am at (21,6) which is near (21,5)
[miner2] I am at (15,19) which is near (15,20)
[miner9] I chose to go near 10 11 Coordinates
[miner2] Red retriever 1 staying near explorer at 15 20
[miner2] I am at (15,19) which is near (15,20)
[miner2] Red retriever 1 staying near explorer at 15 20
[miner2] I am at (15,19) which is near (15,20)
[miner2] Red retriever 1 staying near explorer at 15 20
[miner2] I am at (15,19) which is near (15,20)
[miner2] Red retriever 1 staying near explorer at 15 20
[miner2] I am at (15,19) which is near (15,20)
[miner2] Red retriever 1 staying near explorer at 15 20
[miner2] I am at (15,19) which is near (15,20)
[miner2] Red retriever 1 staying near explorer at 15 20
[miner2] I am at (15,19) which is near (15,20)
[miner2] Red retriever 1 staying near explorer at 15 20
[miner2] I am at (15,19) which is near (15,20)
[miner2] Red retriever 1 staying near explorer at 15 20
[miner2] I am at (15,19) which is near (15,20)
[miner2] Red retriever 1 staying near explorer at 15 20
[miner2] I am at (15,19) which is near (15,20)
[miner2] Red retriever 1 staying near explorer at 15 20
[miner2] I am at (15,19) which is near (15,20)
[miner2] Red retriever 1 staying near explorer at 15 20
[miner2] I am at (15,19) which is near (15,20)
[miner2] Red retriever 1 staying near explorer at 15 20
[miner2] I am at (15,19) which is near (15,20)
[miner2] Red retriever 1 staying near explorer at 15 20
[miner2] I am at (15,19) which is near (15,20)
[miner2] Red retriever 1 staying near explorer at 15 20
[miner2] I am at (15,19) which is near (15,20)
[miner9] I am at (10,10) which is near (10,11)
[miner2] Red retriever 1 staying near explorer at 15 20
[miner9] I chose to go near 21 21 Coordinates
[miner2] I am at (15,19) which is near (15,20)
[miner2] Red retriever 1 staying near explorer at 15 20
[miner2] I am at (15,19) which is near (15,20)
[miner2] Red retriever 1 staying near explorer at 15 20
[miner2] I am at (15,19) which is near (15,20)
[miner2] Red retriever 1 staying near explorer at 15 20
[miner2] I am at (15,19) which is near (15,20)
[miner2] Red retriever 1 staying near explorer at 15 20
[miner2] I am at (15,19) which is near (15,20)
[miner2] Red retriever 1 staying near explorer at 15 20
[miner2] I am at (15,19) which is near (15,20)
[miner1] I am at (8,33) which is near (7,33)
[miner2] Red retriever 1 staying near explorer at 15 20
[miner1] I chose to go near 7 24 Coordinates
[miner2] I am at (15,19) which is near (15,20)
[miner2] Red retriever 1 staying near explorer at 15 20
[miner2] I am at (15,19) which is near (15,20)
[miner2] Red retriever 1 staying near explorer at 15 20
[miner2] I am at (15,19) which is near (15,20)
[miner4] I am at (34,13) which is near (34,14)
[miner2] Red retriever 1 staying near explorer at 15 20
[miner2] I am at (15,19) which is near (15,20)
[miner2] Red retriever 1 staying near explorer at 15 20
[miner2] I am at (15,19) which is near (15,20)
[miner2] Red retriever 1 staying near explorer at 15 20
[miner2] I am at (15,19) which is near (15,20)
[miner2] Red retriever 1 staying near explorer at 15 20
[miner2] I am at (15,19) which is near (15,20)
[miner2] Red retriever 1 staying near explorer at 15 20
[miner4] I am at (34,20) which is near (34,21)
[miner2] I am at (15,19) which is near (15,20)
[miner9] I am at (21,20) which is near (21,21)
[miner9] I chose to go near 6 24 Coordinates
[miner2] Red retriever 1 staying near explorer at 15 20
[miner2] I am at (15,19) which is near (15,20)
[miner2] Red retriever 1 staying near explorer at 15 20
[miner2] I am at (15,19) which is near (15,20)
[miner2] Red retriever 1 staying near explorer at 15 20
[miner2] I am at (15,19) which is near (15,20)
[miner2] Red retriever 1 staying near explorer at 15 20
[miner2] I am at (15,19) which is near (15,20)
[miner2] Red retriever 1 staying near explorer at 15 20
[miner2] I am at (15,19) which is near (15,20)
[miner2] Red retriever 1 staying near explorer at 15 20
[miner7] I am at (3,33) which is near (2,33)
[miner7] I chose to go near 33 9 Coordinates
[miner2] I am at (15,19) which is near (15,20)
[miner2] Red retriever 1 staying near explorer at 15 20
[miner2] I am at (15,19) which is near (15,20)
[miner2] Red retriever 1 staying near explorer at 15 20
[miner2] I am at (15,19) which is near (15,20)
[miner2] Red retriever 1 staying near explorer at 15 20
[miner2] I am at (15,19) which is near (15,20)
[miner2] Red retriever 1 staying near explorer at 15 20
[miner2] I am at (15,19) which is near (15,20)
[miner2] Red retriever 1 staying near explorer at 15 20
[miner2] I am at (15,19) which is near (15,20)
[miner2] Red retriever 1 staying near explorer at 15 20
[miner2] I am at (15,19) which is near (15,20)
[miner2] Red retriever 1 staying near explorer at 15 20
[miner2] I am at (15,19) which is near (15,20)
[miner2] Red retriever 1 staying near explorer at 15 20
[miner2] I am at (15,19) which is near (15,20)
[miner2] Red retriever 1 staying near explorer at 15 20
[miner2] I am at (15,19) which is near (15,20)
[miner2] Red retriever 1 staying near explorer at 15 20
[miner2] I am at (15,19) which is near (15,20)
[miner2] Red retriever 1 staying near explorer at 15 20
[miner1] I am at (8,25) which is near (7,24)
[miner2] I am at (15,19) which is near (15,20)
[miner1] I chose to go near 14 21 Coordinates
[miner2] Red retriever 1 staying near explorer at 15 20
[miner2] I am at (15,19) which is near (15,20)
[miner2] Red retriever 1 staying near explorer at 15 20
[miner2] I am at (15,19) which is near (15,20)
[miner2] Red retriever 1 staying near explorer at 15 20
[miner2] I am at (15,19) which is near (15,20)
[miner2] Red retriever 1 staying near explorer at 15 20
[miner2] I am at (15,19) which is near (15,20)
[miner2] Red retriever 1 staying near explorer at 15 20
[miner2] I am at (15,19) which is near (15,20)
[miner8] I am at (28,3) which is near (28,2)
[miner8] I chose to go near 32 27 Coordinates
[miner2] Red retriever 1 staying near explorer at 15 20
[miner2] I am at (15,19) which is near (15,20)
[miner2] Red retriever 1 staying near explorer at 15 20
[miner2] I am at (15,19) which is near (15,20)
[miner2] Red retriever 1 staying near explorer at 15 20
[miner2] I am at (15,19) which is near (15,20)
[miner2] Red retriever 1 staying near explorer at 15 20
[miner2] I am at (15,19) which is near (15,20)
[miner2] Red retriever 1 staying near explorer at 15 20
[miner2] I am at (15,19) which is near (15,20)
[miner2] Red retriever 1 staying near explorer at 15 20
[miner2] I am at (15,19) which is near (15,20)
[miner2] Red retriever 1 staying near explorer at 15 20
[miner2] I am at (15,19) which is near (15,20)
[miner2] Red retriever 1 staying near explorer at 15 20
[miner2] I am at (15,19) which is near (15,20)
[miner2] Red retriever 1 staying near explorer at 15 20
[miner2] I am at (15,19) which is near (15,20)
[miner2] Red retriever 1 staying near explorer at 15 20
[miner2] I am at (15,19) which is near (15,20)
[miner2] Red retriever 1 staying near explorer at 15 20
[miner2] I am at (15,19) which is near (15,20)
[miner2] Red retriever 1 staying near explorer at 15 20
[miner2] I am at (15,19) which is near (15,20)
[miner2] Red retriever 1 staying near explorer at 15 20
[miner2] I am at (15,19) which is near (15,20)
[miner2] Red retriever 1 staying near explorer at 15 20
[miner2] I am at (15,19) which is near (15,20)
[miner2] Red retriever 1 staying near explorer at 15 20
[miner2] I am at (15,19) which is near (15,20)
[miner2] Red retriever 1 staying near explorer at 15 20
[miner2] I am at (15,19) which is near (15,20)
[miner2] Red retriever 1 staying near explorer at 15 20
[miner2] I am at (15,19) which is near (15,20)
[miner2] Red retriever 1 staying near explorer at 15 20
[miner2] I am at (15,19) which is near (15,20)
[miner2] Red retriever 1 staying near explorer at 15 20
[miner2] I am at (15,19) which is near (15,20)
[miner2] Red retriever 1 staying near explorer at 15 20
[miner2] I am at (15,19) which is near (15,20)
[miner2] Red retriever 1 staying near explorer at 15 20
[miner2] I am at (15,19) which is near (15,20)
[miner2] Red retriever 1 staying near explorer at 15 20
[miner9] I am at (7,24) which is near (6,24)
[miner2] I am at (15,19) which is near (15,20)
[miner9] I chose to go near 12 27 Coordinates
[miner2] Red retriever 1 staying near explorer at 15 20
[miner2] I am at (15,19) which is near (15,20)
[miner2] Red retriever 1 staying near explorer at 15 20
[miner2] I am at (15,19) which is near (15,20)
[miner2] Red retriever 1 staying near explorer at 15 20
[miner2] I am at (15,19) which is near (15,20)
[miner2] Red retriever 1 staying near explorer at 15 20
[miner2] I am at (15,19) which is near (15,20)
[miner5] I am at (5,10) which is near (5,9)
[miner8] I am at (32,26) which is near (32,27)
[miner5] I chose to go near 19 7 Coordinates
[miner2] Red retriever 1 staying near explorer at 15 20
[miner8] I chose to go near 15 21 Coordinates
[miner2] I am at (15,19) which is near (15,20)
[miner2] Red retriever 1 staying near explorer at 15 20
[miner2] I am at (15,19) which is near (15,20)
[miner2] Red retriever 1 staying near explorer at 15 20
[miner2] I am at (15,19) which is near (15,20)
[miner2] Red retriever 1 staying near explorer at 15 20
[miner2] I am at (15,19) which is near (15,20)
[miner2] Red retriever 1 staying near explorer at 15 20
[miner2] I am at (15,19) which is near (15,20)
[miner2] Red retriever 1 staying near explorer at 15 20
[miner2] I am at (15,19) which is near (15,20)
[miner2] Red retriever 1 staying near explorer at 15 20
[miner2] I am at (15,19) which is near (15,20)
[miner2] Red retriever 1 staying near explorer at 15 20
[miner2] I am at (15,19) which is near (15,20)
[miner2] Red retriever 1 staying near explorer at 15 20
[miner2] I am at (15,19) which is near (15,20)
[miner2] Red retriever 1 staying near explorer at 15 20
[miner2] I am at (15,19) which is near (15,20)
[miner2] Red retriever 1 staying near explorer at 15 20
[miner2] I am at (15,19) which is near (15,20)
[miner2] Red retriever 1 staying near explorer at 15 20
[miner2] I am at (15,19) which is near (15,20)
[miner2] Red retriever 1 staying near explorer at 15 20
[miner2] I am at (15,19) which is near (15,20)
[miner2] Red retriever 1 staying near explorer at 15 20
[miner5] Leader says time left is 4 seconds
[miner3] Leader says time left is 4 seconds
[miner4] Leader says time left is 4 seconds
[miner6] Leader says time left is 4 seconds
[leader] Time left: 4 seconds
[miner1] I am at (13,22) which is near (14,21)
[miner7] Leader says time left is 4 seconds
[miner2] Leader says time left is 4 seconds
[miner9] Leader says time left is 4 seconds
[miner8] Leader says time left is 4 seconds
[miner1] Leader says time left is 4 seconds
[miner1] I chose to go near 10 5 Coordinates
[miner5] I am at (18,8) which is near (19,7)
[miner2] I am at (15,19) which is near (15,20)
[miner3] I am at (27,3) which is near (27,2)
[miner5] I chose to go near 33 19 Coordinates
[miner3] I chose to go near 4 20 Coordinates
[miner2] Red retriever 1 staying near explorer at 15 20
[miner2] I am at (15,19) which is near (15,20)
[miner2] Red retriever 1 staying near explorer at 15 20
[miner2] I am at (15,19) which is near (15,20)
[miner2] Red retriever 1 staying near explorer at 15 20
[miner2] I am at (15,19) which is near (15,20)
[miner2] Red retriever 1 staying near explorer at 15 20
[miner2] I am at (15,19) which is near (15,20)
[miner2] Red retriever 1 staying near explorer at 15 20
[miner2] I am at (15,19) which is near (15,20)
[miner8] I am at (15,22) which is near (15,21)
[miner8] I chose to go near 18 31 Coordinates
[miner2] Red retriever 1 staying near explorer at 15 20
[miner2] I am at (15,19) which is near (15,20)
[miner2] Red retriever 1 staying near explorer at 15 20
[miner2] I am at (15,19) which is near (15,20)
[miner2] Red retriever 1 staying near explorer at 15 20
[miner2] I am at (15,19) which is near (15,20)
[miner2] Red retriever 1 staying near explorer at 15 20
[miner9] I am at (12,28) which is near (12,27)
[miner2] I am at (15,19) which is near (15,20)
[miner9] I chose to go near 27 15 Coordinates
[miner2] Red retriever 1 staying near explorer at 15 20
[miner2] I am at (15,19) which is near (15,20)
[miner2] Red retriever 1 staying near explorer at 15 20
[miner2] I am at (15,19) which is near (15,20)
[miner2] Red retriever 1 staying near explorer at 15 20
[miner8] I am at (18,30) which is near (18,31)
[miner8] I chose to go near 27 2 Coordinates
[miner2] I am at (15,19) which is near (15,20)
[miner2] Red retriever 1 staying near explorer at 15 20
[miner2] I am at (15,19) which is near (15,20)
[miner1] I am at (10,6) which is near (10,5)
[miner1] I chose to go near 16 4 Coordinates
[miner2] Red retriever 1 staying near explorer at 15 20
[miner2] I am at (15,19) which is near (15,20)
[miner2] Red retriever 1 staying near explorer at 15 20
[miner2] I am at (15,19) which is near (15,20)
[miner2] Red retriever 1 staying near explorer at 15 20
[miner2] I am at (15,19) which is near (15,20)
[miner2] Red retriever 1 staying near explorer at 15 20
[miner2] I am at (15,19) which is near (15,20)
[miner2] Red retriever 1 staying near explorer at 15 20
[miner2] I am at (15,19) which is near (15,20)
[miner2] Red retriever 1 staying near explorer at 15 20
[miner5] I am at (33,18) which is near (33,19)
[miner2] I am at (15,19) which is near (15,20)
[miner5] I chose to go near 27 23 Coordinates
[miner1] I am at (16,5) which is near (16,4)
[miner1] I chose to go near 31 18 Coordinates
[miner2] Red retriever 1 staying near explorer at 15 20
[miner2] I am at (15,19) which is near (15,20)
[miner2] Red retriever 1 staying near explorer at 15 20
[miner2] I am at (15,19) which is near (15,20)
[miner2] Red retriever 1 staying near explorer at 15 20
[miner2] I am at (15,19) which is near (15,20)
[miner4] I am at (1,21) which is near (0,21)
[miner2] Red retriever 1 staying near explorer at 15 20
[miner2] I am at (15,19) which is near (15,20)
[miner2] Red retriever 1 staying near explorer at 15 20
[miner2] I am at (15,19) which is near (15,20)
[miner2] Red retriever 1 staying near explorer at 15 20
[miner2] I am at (15,19) which is near (15,20)
[miner2] Red retriever 1 staying near explorer at 15 20
[miner2] I am at (15,19) which is near (15,20)
[miner2] Red retriever 1 staying near explorer at 15 20
[miner5] I am at (27,22) which is near (27,23)
[miner2] I am at (15,19) which is near (15,20)
[miner5] I chose to go near 24 7 Coordinates
[miner2] Red retriever 1 staying near explorer at 15 20
[miner2] I am at (15,19) which is near (15,20)
[miner2] Red retriever 1 staying near explorer at 15 20
[miner3] I am at (4,19) which is near (4,20)
[miner4] I am at (0,27) which is near (0,28)
[miner3] I chose to go near 21 7 Coordinates
[miner2] I am at (15,19) which is near (15,20)
[miner2] Red retriever 1 staying near explorer at 15 20
[miner2] I am at (15,19) which is near (15,20)
[miner9] I am at (27,16) which is near (27,15)
[miner2] Red retriever 1 staying near explorer at 15 20
[miner9] I chose to go near 32 4 Coordinates
[miner2] I am at (15,19) which is near (15,20)
[miner2] Red retriever 1 staying near explorer at 15 20
[miner2] I am at (15,19) which is near (15,20)
[miner2] Red retriever 1 staying near explorer at 15 20
[miner2] I am at (15,19) which is near (15,20)
[miner2] Red retriever 1 staying near explorer at 15 20
[miner2] I am at (15,19) which is near (15,20)
[miner2] Red retriever 1 staying near explorer at 15 20
[miner2] I am at (15,19) which is near (15,20)
[miner2] Red retriever 1 staying near explorer at 15 20
[miner2] I am at (15,19) which is near (15,20)
[miner2] Red retriever 1 staying near explorer at 15 20
[miner2] I am at (15,19) which is near (15,20)
[miner5] I am at (24,8) which is near (24,7)
[miner5] I chose to go near 13 13 Coordinates
[miner2] Red retriever 1 staying near explorer at 15 20
[miner2] I am at (15,19) which is near (15,20)
[miner2] Red retriever 1 staying near explorer at 15 20
[miner2] I am at (15,19) which is near (15,20)
[miner2] Red retriever 1 staying near explorer at 15 20
[miner2] I am at (15,19) which is near (15,20)
[miner2] Red retriever 1 staying near explorer at 15 20
[miner2] I am at (15,19) which is near (15,20)
[miner7] I am at (33,10) which is near (33,9)
[miner7] I chose to go near 21 14 Coordinates
[miner9] I am at (32,5) which is near (32,4)
[miner1] I am at (31,17) which is near (31,18)
[miner2] Red retriever 1 staying near explorer at 15 20
[miner1] I chose to go near 24 8 Coordinates
[miner9] I chose to go near 0 16 Coordinates
[miner2] I am at (15,19) which is near (15,20)
[miner2] Red retriever 1 staying near explorer at 15 20
[miner2] I am at (15,19) which is near (15,20)
[miner2] Red retriever 1 staying near explorer at 15 20
[miner2] I am at (15,19) which is near (15,20)
[miner2] Red retriever 1 staying near explorer at 15 20
[miner5] I am at (12,12) which is near (13,13)
[miner5] I chose to go near 19 30 Coordinates
[miner3] I am at (21,8) which is near (21,7)
[miner3] I chose to go near 7 11 Coordinates
[miner2] I am at (15,19) which is near (15,20)
[miner2] Red retriever 1 staying near explorer at 15 20
[miner2] I am at (15,19) which is near (15,20)
[miner2] Red retriever 1 staying near explorer at 15 20
[miner2] I am at (15,19) which is near (15,20)
[miner2] Red retriever 1 staying near explorer at 15 20
[miner2] I am at (15,19) which is near (15,20)
[miner2] Red retriever 1 staying near explorer at 15 20
[miner2] I am at (15,19) which is near (15,20)
[miner2] Red retriever 1 staying near explorer at 15 20
[miner2] I am at (15,19) which is near (15,20)
[miner2] Red retriever 1 staying near explorer at 15 20
[miner7] I am at (21,13) which is near (21,14)
[miner2] I am at (15,19) which is near (15,20)
[miner7] I chose to go near 25 9 Coordinates
[miner2] Red retriever 1 staying near explorer at 15 20
[miner2] I am at (15,19) which is near (15,20)
[miner2] Red retriever 1 staying near explorer at 15 20
[miner1] I am at (24,9) which is near (24,8)
[miner2] I am at (15,19) which is near (15,20)
[miner1] I chose to go near 22 3 Coordinates
[miner2] Red retriever 1 staying near explorer at 15 20
[miner2] I am at (15,19) which is near (15,20)
[miner2] Red retriever 1 staying near explorer at 15 20
[miner2] I am at (15,19) which is near (15,20)
[miner2] Red retriever 1 staying near explorer at 15 20
[miner7] I am at (25,10) which is near (25,9)
[miner2] I am at (15,19) which is near (15,20)
[miner7] I chose to go near 9 13 Coordinates
[miner2] Red retriever 1 staying near explorer at 15 20
[miner2] I am at (15,19) which is near (15,20)
[miner2] Red retriever 1 staying near explorer at 15 20
[miner3] I am at (7,10) which is near (7,11)
[miner3] I chose to go near 2 22 Coordinates
[miner2] I am at (15,19) which is near (15,20)
[miner2] Red retriever 1 staying near explorer at 15 20
[miner4] I am at (34,27) which is near (34,28)
[miner1] I am at (22,4) which is near (22,3)
[miner2] I am at (15,19) which is near (15,20)
[miner1] I chose to go near 15 17 Coordinates
[miner2] Red retriever 1 staying near explorer at 15 20
[miner2] I am at (15,19) which is near (15,20)
[miner2] Red retriever 1 staying near explorer at 15 20
[miner2] I am at (15,19) which is near (15,20)
[miner2] Red retriever 1 staying near explorer at 15 20
[miner2] I am at (15,19) which is near (15,20)
[miner2] Red retriever 1 staying near explorer at 15 20
[miner2] I am at (15,19) which is near (15,20)
[miner2] Red retriever 1 staying near explorer at 15 20
[miner6] I am at (8,27) which is near (7,26)
[miner2] I am at (15,19) which is near (15,20)
[miner6] I chose to go near 1 21 Coordinates
[miner2] Red retriever 1 staying near explorer at 15 20
[miner2] I am at (15,19) which is near (15,20)
[miner9] I am at (0,15) which is near (0,16)
[miner2] Red retriever 1 staying near explorer at 15 20
[miner9] I chose to go near 27 24 Coordinates
[miner2] I am at (15,19) which is near (15,20)
[miner2] Red retriever 1 staying near explorer at 15 20
[miner2] I am at (15,19) which is near (15,20)
[miner2] Red retriever 1 staying near explorer at 15 20
[miner2] I am at (15,19) which is near (15,20)
[miner2] Red retriever 1 staying near explorer at 15 20
[miner2] I am at (15,19) which is near (15,20)
[miner2] Red retriever 1 staying near explorer at 15 20
[miner2] I am at (15,19) which is near (15,20)
[miner2] Red retriever 1 staying near explorer at 15 20
[miner2] I am at (15,19) which is near (15,20)
[miner2] Red retriever 1 staying near explorer at 15 20
[miner7] I am at (9,12) which is near (9,13)
[miner2] I am at (15,19) which is near (15,20)
[miner7] I chose to go near 14 25 Coordinates
[miner2] Red retriever 1 staying near explorer at 15 20
[miner2] I am at (15,19) which is near (15,20)
[miner2] Red retriever 1 staying near explorer at 15 20
[miner2] I am at (15,19) which is near (15,20)
[miner2] Red retriever 1 staying near explorer at 15 20
[miner2] I am at (15,19) which is near (15,20)
[miner2] Red retriever 1 staying near explorer at 15 20
[miner2] I am at (15,19) which is near (15,20)
[miner2] Red retriever 1 staying near explorer at 15 20
[miner1] I am at (15,16) which is near (15,17)
[miner2] I am at (15,19) which is near (15,20)
[miner1] I chose to go near 13 25 Coordinates
[miner2] Red retriever 1 staying near explorer at 15 20
[miner2] I am at (15,19) which is near (15,20)
[miner6] I am at (1,22) which is near (1,21)
[miner2] Red retriever 1 staying near explorer at 15 20
[miner6] I chose to go near 0 21 Coordinates
[miner2] I am at (15,19) which is near (15,20)
[miner6] I am at (1,22) which is near (0,21)
[miner6] I chose to go near 14 21 Coordinates
[miner2] Red retriever 1 staying near explorer at 15 20
[miner2] I am at (15,19) which is near (15,20)
[miner2] Red retriever 1 staying near explorer at 15 20
[miner2] I am at (15,19) which is near (15,20)
[miner2] Red retriever 1 staying near explorer at 15 20
[miner2] I am at (15,19) which is near (15,20)
[miner2] Red retriever 1 staying near explorer at 15 20
[miner2] I am at (15,19) which is near (15,20)
[miner1] I am at (13,24) which is near (13,25)
[miner2] Red retriever 1 staying near explorer at 15 20
[miner1] I chose to go near 16 27 Coordinates
[miner2] I am at (15,19) which is near (15,20)
[miner2] Red retriever 1 staying near explorer at 15 20
[miner7] I am at (14,24) which is near (14,25)
[miner2] I am at (15,19) which is near (15,20)
[miner7] I chose to go near 32 31 Coordinates
[miner2] Red retriever 1 staying near explorer at 15 20
[miner2] I am at (15,19) which is near (15,20)
[miner2] Red retriever 1 staying near explorer at 15 20
[miner2] I am at (15,19) which is near (15,20)
[miner2] Red retriever 1 staying near explorer at 15 20
[miner2] I am at (15,19) which is near (15,20)
[miner2] Red retriever 1 staying near explorer at 15 20
[miner2] I am at (15,19) which is near (15,20)
[miner2] Red retriever 1 staying near explorer at 15 20
[miner2] I am at (15,19) which is near (15,20)
[miner2] Red retriever 1 staying near explorer at 15 20
[miner6] I am at (13,22) which is near (14,21)
[miner1] I am at (16,26) which is near (16,27)
[miner6] I chose to go near 14 29 Coordinates
[miner1] I chose to go near 14 5 Coordinates
[miner2] I am at (15,19) which is near (15,20)
[miner2] Red retriever 1 staying near explorer at 15 20
[miner2] I am at (15,19) which is near (15,20)
[miner2] Red retriever 1 staying near explorer at 15 20
[miner2] I am at (15,19) which is near (15,20)
[miner9] I am at (27,23) which is near (27,24)
[miner9] I chose to go near 6 26 Coordinates
[miner2] Red retriever 1 staying near explorer at 15 20
[miner2] I am at (15,19) which is near (15,20)
[miner2] Red retriever 1 staying near explorer at 15 20
[miner2] I am at (15,19) which is near (15,20)
[miner6] I am at (13,28) which is near (14,29)
[miner6] I chose to go near 0 6 Coordinates
[miner2] Red retriever 1 staying near explorer at 15 20
[miner2] I am at (15,19) which is near (15,20)
[miner2] Red retriever 1 staying near explorer at 15 20
[miner2] I am at (15,19) which is near (15,20)
[miner2] Red retriever 1 staying near explorer at 15 20
[miner2] I am at (15,19) which is near (15,20)
[miner2] Red retriever 1 staying near explorer at 15 20
[miner2] I am at (15,19) which is near (15,20)
[miner2] Red retriever 1 staying near explorer at 15 20
[miner2] I am at (15,19) which is near (15,20)
[miner2] Red retriever 1 staying near explorer at 15 20
[miner2] I am at (15,19) which is near (15,20)
[miner2] Red retriever 1 staying near explorer at 15 20
[miner7] I am at (32,30) which is near (32,31)
[miner4] I am at (0,1) which is near (0,0)
[miner2] I am at (15,19) which is near (15,20)
[miner2] Red retriever 1 staying near explorer at 15 20
[miner7] I chose to go near 8 19 Coordinates
[miner2] I am at (15,19) which is near (15,20)
[miner2] Red retriever 1 staying near explorer at 15 20
[miner2] I am at (15,19) which is near (15,20)
[miner2] Red retriever 1 staying near explorer at 15 20
[miner2] I am at (15,19) which is near (15,20)
[miner2] Red retriever 1 staying near explorer at 15 20
[miner2] I am at (15,19) which is near (15,20)
[miner2] Red retriever 1 staying near explorer at 15 20
[miner2] I am at (15,19) which is near (15,20)
[miner2] Red retriever 1 staying near explorer at 15 20
[miner1] I am at (14,6) which is near (14,5)
[miner2] I am at (15,19) which is near (15,20)
[miner1] I chose to go near 20 2 Coordinates
[miner2] Red retriever 1 staying near explorer at 15 20
[miner2] I am at (15,19) which is near (15,20)
[miner2] Red retriever 1 staying near explorer at 15 20
[miner2] I am at (15,19) which is near (15,20)
[miner2] Red retriever 1 staying near explorer at 15 20
[miner2] I am at (15,19) which is near (15,20)
[miner2] Red retriever 1 staying near explorer at 15 20
[miner2] I am at (15,19) which is near (15,20)
[miner2] Red retriever 1 staying near explorer at 15 20
[miner2] I am at (15,19) which is near (15,20)
[miner2] Red retriever 1 staying near explorer at 15 20
[miner8] I am at (27,3) which is near (27,2)
[miner2] I am at (15,19) which is near (15,20)
[miner8] I chose to go near 23 0 Coordinates
[miner2] Red retriever 1 staying near explorer at 15 20
[miner2] I am at (15,19) which is near (15,20)
[miner2] Red retriever 1 staying near explorer at 15 20
[miner2] I am at (15,19) which is near (15,20)
[miner2] Red retriever 1 staying near explorer at 15 20
[miner3] I am at (2,21) which is near (2,22)
[miner2] I am at (15,19) which is near (15,20)
[miner3] I chose to go near 3 8 Coordinates
[miner2] Red retriever 1 staying near explorer at 15 20
[miner2] I am at (15,19) which is near (15,20)
[miner1] I am at (19,2) which is near (20,2)
[miner6] I am at (0,7) which is near (0,6)
[miner6] I chose to go near 11 0 Coordinates
[miner1] I chose to go near 0 8 Coordinates
[miner8] I am at (23,1) which is near (23,0)
[miner2] Red retriever 1 staying near explorer at 15 20
[miner8] I chose to go near 24 22 Coordinates
[miner2] I am at (15,19) which is near (15,20)
[miner2] Red retriever 1 staying near explorer at 15 20
[miner2] I am at (15,19) which is near (15,20)
[miner2] Red retriever 1 staying near explorer at 15 20
[miner2] I am at (15,19) which is near (15,20)
[miner2] Red retriever 1 staying near explorer at 15 20
[miner2] I am at (15,19) which is near (15,20)
[miner2] Red retriever 1 staying near explorer at 15 20
[miner2] I am at (15,19) which is near (15,20)
[miner2] Red retriever 1 staying near explorer at 15 20
[miner2] I am at (15,19) which is near (15,20)
[miner2] Red retriever 1 staying near explorer at 15 20
[miner2] I am at (15,19) which is near (15,20)
[miner2] Red retriever 1 staying near explorer at 15 20
[miner2] I am at (15,19) which is near (15,20)
[miner2] Red retriever 1 staying near explorer at 15 20
[miner2] I am at (15,19) which is near (15,20)
[miner2] Red retriever 1 staying near explorer at 15 20
[miner2] I am at (15,19) which is near (15,20)
[miner2] Red retriever 1 staying near explorer at 15 20
[miner2] I am at (15,19) which is near (15,20)
[miner2] Red retriever 1 staying near explorer at 15 20
[miner4] I am at (33,1) which is near (34,0)
[miner2] I am at (15,19) which is near (15,20)
[miner2] Red retriever 1 staying near explorer at 15 20
[miner6] I am at (11,1) which is near (11,0)
[miner6] I chose to go near 25 30 Coordinates
[miner2] I am at (15,19) which is near (15,20)
[miner2] Red retriever 1 staying near explorer at 15 20
[miner2] I am at (15,19) which is near (15,20)
[miner4] I am at (34,6) which is near (34,7)
[miner2] Red retriever 1 staying near explorer at 15 20
[miner2] I am at (15,19) which is near (15,20)
[miner2] Red retriever 1 staying near explorer at 15 20
[miner2] I am at (15,19) which is near (15,20)
[miner2] Red retriever 1 staying near explorer at 15 20
[miner7] I am at (7,20) which is near (8,19)
[miner2] I am at (15,19) which is near (15,20)
[miner7] I chose to go near 31 28 Coordinates
[miner2] Red retriever 1 staying near explorer at 15 20
[miner2] I am at (15,19) which is near (15,20)
[miner2] Red retriever 1 staying near explorer at 15 20
[miner2] I am at (15,19) which is near (15,20)
[miner2] Red retriever 1 staying near explorer at 15 20
[miner2] I am at (15,19) which is near (15,20)
[miner2] Red retriever 1 staying near explorer at 15 20
[miner2] I am at (15,19) which is near (15,20)
[miner1] I am at (0,7) which is near (0,8)
[miner2] Red retriever 1 staying near explorer at 15 20
[miner1] I chose to go near 11 28 Coordinates
[miner2] I am at (15,19) which is near (15,20)
[miner2] Red retriever 1 staying near explorer at 15 20
[miner2] I am at (15,19) which is near (15,20)
[miner2] Red retriever 1 staying near explorer at 15 20
[miner2] I am at (15,19) which is near (15,20)
[miner2] Red retriever 1 staying near explorer at 15 20
[miner2] I am at (15,19) which is near (15,20)
[miner9] I am at (6,27) which is near (6,26)
[miner9] I chose to go near 5 0 Coordinates
[miner2] Red retriever 1 staying near explorer at 15 20
[miner2] I am at (15,19) which is near (15,20)
[miner2] Red retriever 1 staying near explorer at 15 20
[miner2] I am at (15,19) which is near (15,20)
[miner2] Red retriever 1 staying near explorer at 15 20
[miner2] I am at (15,19) which is near (15,20)
[miner2] Red retriever 1 staying near explorer at 15 20
[miner2] I am at (15,19) which is near (15,20)
[miner2] Red retriever 1 staying near explorer at 15 20
[miner2] I am at (15,19) which is near (15,20)
[miner2] Red retriever 1 staying near explorer at 15 20
[miner2] I am at (15,19) which is near (15,20)
[miner2] Red retriever 1 staying near explorer at 15 20
[miner2] I am at (15,19) which is near (15,20)
[miner2] Red retriever 1 staying near explorer at 15 20
[miner2] I am at (15,19) which is near (15,20)
[miner2] Red retriever 1 staying near explorer at 15 20
[miner4] I am at (1,6) which is near (0,7)
[miner2] I am at (15,19) which is near (15,20)
[miner2] Red retriever 1 staying near explorer at 15 20
[miner2] I am at (15,19) which is near (15,20)
[miner2] Red retriever 1 staying near explorer at 15 20
[miner2] I am at (15,19) which is near (15,20)
[miner2] Red retriever 1 staying near explorer at 15 20
[miner2] I am at (15,19) which is near (15,20)
[miner2] Red retriever 1 staying near explorer at 15 20
[miner2] I am at (15,19) which is near (15,20)
[miner3] I am at (3,9) which is near (3,8)
[miner3] I chose to go near 3 22 Coordinates
[miner2] Red retriever 1 staying near explorer at 15 20
[miner2] I am at (15,19) which is near (15,20)
[miner2] Red retriever 1 staying near explorer at 15 20
[miner2] I am at (15,19) which is near (15,20)
[miner2] Red retriever 1 staying near explorer at 15 20
[miner1] I am at (11,27) which is near (11,28)
[miner1] I chose to go near 31 16 Coordinates
[miner2] I am at (15,19) which is near (15,20)
[miner4] I am at (0,13) which is near (0,14)
[miner2] Red retriever 1 staying near explorer at 15 20
[miner7] I am at (31,27) which is near (31,28)
[miner7] I chose to go near 4 33 Coordinates
[miner2] I am at (15,19) which is near (15,20)
[miner2] Red retriever 1 staying near explorer at 15 20
[miner2] I am at (15,19) which is near (15,20)
[miner2] Red retriever 1 staying near explorer at 15 20
[miner2] I am at (15,19) which is near (15,20)
[miner2] Red retriever 1 staying near explorer at 15 20
[miner2] I am at (15,19) which is near (15,20)
[miner2] Red retriever 1 staying near explorer at 15 20
[miner2] I am at (15,19) which is near (15,20)
[miner2] Red retriever 1 staying near explorer at 15 20
[miner2] I am at (15,19) which is near (15,20)
[miner2] Red retriever 1 staying near explorer at 15 20
[miner2] I am at (15,19) which is near (15,20)
[miner2] Red retriever 1 staying near explorer at 15 20
[miner2] I am at (15,19) which is near (15,20)
[miner2] Red retriever 1 staying near explorer at 15 20
[miner2] I am at (15,19) which is near (15,20)
[miner2] Red retriever 1 staying near explorer at 15 20
[miner8] I am at (24,21) which is near (24,22)
[miner8] I chose to go near 26 9 Coordinates
[miner2] I am at (15,19) which is near (15,20)
[miner2] Red retriever 1 staying near explorer at 15 20
[miner2] I am at (15,19) which is near (15,20)
[miner2] Red retriever 1 staying near explorer at 15 20
[miner2] I am at (15,19) which is near (15,20)
[miner2] Red retriever 1 staying near explorer at 15 20
[miner2] I am at (15,19) which is near (15,20)
[miner2] Red retriever 1 staying near explorer at 15 20
[miner2] I am at (15,19) which is near (15,20)
[miner2] Red retriever 1 staying near explorer at 15 20
[miner2] I am at (15,19) which is near (15,20)
[miner2] Red retriever 1 staying near explorer at 15 20
[miner2] I am at (15,19) which is near (15,20)
[miner3] I am at (4,21) which is near (3,22)
[miner3] I chose to go near 11 26 Coordinates
[miner2] Red retriever 1 staying near explorer at 15 20
[miner2] I am at (15,19) which is near (15,20)
[miner2] Red retriever 1 staying near explorer at 15 20
[miner2] I am at (15,19) which is near (15,20)
[miner5] I am at (18,29) which is near (19,30)
[miner2] Red retriever 1 staying near explorer at 15 20
[miner5] I chose to go near 10 25 Coordinates
[miner2] I am at (15,19) which is near (15,20)
[miner2] Red retriever 1 staying near explorer at 15 20
[miner2] I am at (15,19) which is near (15,20)
[miner8] I am at (26,10) which is near (26,9)
[miner8] I chose to go near 30 25 Coordinates
[miner2] Red retriever 1 staying near explorer at 15 20
[miner2] I am at (15,19) which is near (15,20)
[miner2] Red retriever 1 staying near explorer at 15 20
[miner2] I am at (15,19) which is near (15,20)
[miner2] Red retriever 1 staying near explorer at 15 20
[miner2] I am at (15,19) which is near (15,20)
[miner2] Red retriever 1 staying near explorer at 15 20
[miner2] I am at (15,19) which is near (15,20)
[miner2] Red retriever 1 staying near explorer at 15 20
[miner3] I am at (11,25) which is near (11,26)
[miner3] I chose to go near 26 29 Coordinates
[miner2] I am at (15,19) which is near (15,20)
[miner2] Red retriever 1 staying near explorer at 15 20
[miner2] I am at (15,19) which is near (15,20)
[miner2] Red retriever 1 staying near explorer at 15 20
[miner2] I am at (15,19) which is near (15,20)
[miner2] Red retriever 1 staying near explorer at 15 20
[miner2] I am at (15,19) which is near (15,20)
[miner2] Red retriever 1 staying near explorer at 15 20
[miner2] I am at (15,19) which is near (15,20)
[miner2] Red retriever 1 staying near explorer at 15 20
[miner2] I am at (15,19) which is near (15,20)
[miner2] Red retriever 1 staying near explorer at 15 20
[miner2] I am at (15,19) which is near (15,20)
[miner2] Red retriever 1 staying near explorer at 15 20
[miner2] I am at (15,19) which is near (15,20)
[miner8] I am at (30,24) which is near (30,25)
[miner8] I chose to go near 22 1 Coordinates
[miner2] Red retriever 1 staying near explorer at 15 20
[miner2] I am at (15,19) which is near (15,20)
[miner2] Red retriever 1 staying near explorer at 15 20
[miner2] I am at (15,19) which is near (15,20)
[miner2] Red retriever 1 staying near explorer at 15 20
[miner2] I am at (15,19) which is near (15,20)
[miner2] Red retriever 1 staying near explorer at 15 20
[miner1] I am at (31,17) which is near (31,16)
[miner2] I am at (15,19) which is near (15,20)
[miner1] I chose to go near 28 21 Coordinates
[miner2] Red retriever 1 staying near explorer at 15 20
[miner7] I am at (5,33) which is near (4,33)
[miner7] I chose to go near 30 29 Coordinates
[miner6] I am at (25,29) which is near (25,30)
[miner6] I chose to go near 14 19 Coordinates
[miner2] I am at (15,19) which is near (15,20)
[miner2] Red retriever 1 staying near explorer at 15 20
[miner4] I am at (34,13) which is near (34,14)
[miner2] I am at (15,19) which is near (15,20)
[miner2] Red retriever 1 staying near explorer at 15 20
[miner2] I am at (15,19) which is near (15,20)
[miner2] Red retriever 1 staying near explorer at 15 20
[miner2] I am at (15,19) which is near (15,20)
[miner3] I am at (26,28) which is near (26,29)
[miner2] Red retriever 1 staying near explorer at 15 20
[miner9] I am at (5,1) which is near (5,0)
[miner9] I chose to go near 17 28 Coordinates
[miner1] I am at (29,20) which is near (28,21)
[miner2] I am at (15,19) which is near (15,20)
[miner3] I chose to go near 11 7 Coordinates
[miner1] I chose to go near 0 25 Coordinates
[miner2] Red retriever 1 staying near explorer at 15 20
[miner2] I am at (15,19) which is near (15,20)
[miner2] Red retriever 1 staying near explorer at 15 20
[miner2] I am at (15,19) which is near (15,20)
[miner2] Red retriever 1 staying near explorer at 15 20
[miner2] I am at (15,19) which is near (15,20)
[miner2] Red retriever 1 staying near explorer at 15 20
[miner4] I am at (34,20) which is near (34,21)
[miner2] I am at (15,19) which is near (15,20)
[miner2] Red retriever 1 staying near explorer at 15 20
[miner2] I am at (15,19) which is near (15,20)
[miner5] I am at (9,26) which is near (10,25)
[miner5] I chose to go near 8 14 Coordinates
[miner2] Red retriever 1 staying near explorer at 15 20
[miner2] I am at (15,19) which is near (15,20)
[miner2] Red retriever 1 staying near explorer at 15 20
[miner2] I am at (15,19) which is near (15,20)
[miner2] Red retriever 1 staying near explorer at 15 20
[miner2] I am at (15,19) which is near (15,20)
[miner2] Red retriever 1 staying near explorer at 15 20
[miner2] I am at (15,19) which is near (15,20)
[miner2] Red retriever 1 staying near explorer at 15 20
[miner2] I am at (15,19) which is near (15,20)
[miner6] I am at (12,19) and I can't get to' (14,19)
[miner2] Red retriever 1 staying near explorer at 15 20
[miner6] I chose to go near 11 1 Coordinates
[miner2] I am at (15,19) which is near (15,20)
[miner8] I am at (22,2) which is near (22,1)
[miner2] Red retriever 1 staying near explorer at 15 20
[miner8] I chose to go near 0 29 Coordinates
[miner2] I am at (15,19) which is near (15,20)
[miner2] Red retriever 1 staying near explorer at 15 20
[miner2] I am at (15,19) which is near (15,20)
[miner2] Red retriever 1 staying near explorer at 15 20
[miner2] I am at (15,19) which is near (15,20)
[miner2] Red retriever 1 staying near explorer at 15 20
[miner2] I am at (15,19) which is near (15,20)
[miner2] Red retriever 1 staying near explorer at 15 20
[miner2] I am at (15,19) which is near (15,20)
[miner2] Red retriever 1 staying near explorer at 15 20
[miner2] I am at (15,19) which is near (15,20)
[miner2] Red retriever 1 staying near explorer at 15 20
[miner2] I am at (15,19) which is near (15,20)
[miner7] I am at (30,30) which is near (30,29)
[miner2] Red retriever 1 staying near explorer at 15 20
[miner7] I chose to go near 25 23 Coordinates
[miner2] I am at (15,19) which is near (15,20)
[miner2] Red retriever 1 staying near explorer at 15 20
[miner2] I am at (15,19) which is near (15,20)
[miner2] Red retriever 1 staying near explorer at 15 20
[miner2] I am at (15,19) which is near (15,20)
[miner6] I am at (11,2) which is near (11,1)
[miner6] I chose to go near 20 23 Coordinates
[miner2] Red retriever 1 staying near explorer at 15 20
[miner2] I am at (15,19) which is near (15,20)
[miner2] Red retriever 1 staying near explorer at 15 20
[miner2] I am at (15,19) which is near (15,20)
[miner2] Red retriever 1 staying near explorer at 15 20
[miner2] I am at (15,19) which is near (15,20)
[miner2] Red retriever 1 staying near explorer at 15 20
[miner2] I am at (15,19) which is near (15,20)
[miner9] I am at (13,28) and I can't get to' (17,28)
[miner2] Red retriever 1 staying near explorer at 15 20
[miner9] I chose to go near 33 25 Coordinates
[miner2] I am at (15,19) which is near (15,20)
[miner4] I am at (1,21) which is near (0,21)
[miner2] Red retriever 1 staying near explorer at 15 20
[miner7] I am at (25,24) which is near (25,23)
[miner7] I chose to go near 9 31 Coordinates
[miner2] I am at (15,19) which is near (15,20)
[miner2] Red retriever 1 staying near explorer at 15 20
[miner2] I am at (15,19) which is near (15,20)
[miner2] Red retriever 1 staying near explorer at 15 20
[miner5] I am at (7,15) which is near (8,14)
[miner5] I chose to go near 24 13 Coordinates
[miner2] I am at (15,19) which is near (15,20)
[miner1] I am at (0,24) which is near (0,25)
[miner2] Red retriever 1 staying near explorer at 15 20
[miner1] I chose to go near 12 26 Coordinates
[miner2] I am at (15,19) which is near (15,20)
[miner2] Red retriever 1 staying near explorer at 15 20
[miner2] I am at (15,19) which is near (15,20)
[miner4] I am at (0,27) which is near (0,28)
[miner2] Red retriever 1 staying near explorer at 15 20
[miner2] I am at (15,19) which is near (15,20)
[miner2] Red retriever 1 staying near explorer at 15 20
[miner2] I am at (15,19) which is near (15,20)
[miner2] Red retriever 1 staying near explorer at 15 20
[miner2] I am at (15,19) which is near (15,20)
[miner2] Red retriever 1 staying near explorer at 15 20
[miner2] I am at (15,19) which is near (15,20)
[miner2] Red retriever 1 staying near explorer at 15 20
[miner2] I am at (15,19) which is near (15,20)
[miner2] Red retriever 1 staying near explorer at 15 20
[miner2] I am at (15,19) which is near (15,20)
[miner2] Red retriever 1 staying near explorer at 15 20
[miner2] I am at (15,19) which is near (15,20)
[miner2] Red retriever 1 staying near explorer at 15 20
[miner2] I am at (15,19) which is near (15,20)
[miner2] Red retriever 1 staying near explorer at 15 20
[miner5] I am at (23,12) which is near (24,13)
[miner8] I am at (0,28) which is near (0,29)
[miner5] I chose to go near 25 17 Coordinates
[miner8] I chose to go near 13 26 Coordinates
[miner9] I am at (33,26) which is near (33,25)
[miner9] I chose to go near 4 22 Coordinates
[miner2] I am at (15,19) which is near (15,20)
[miner2] Red retriever 1 staying near explorer at 15 20
[miner2] I am at (15,19) which is near (15,20)
[miner2] Red retriever 1 staying near explorer at 15 20
[miner2] I am at (15,19) which is near (15,20)
[miner2] Red retriever 1 staying near explorer at 15 20
[miner2] I am at (15,19) which is near (15,20)
[miner2] Red retriever 1 staying near explorer at 15 20
[miner2] I am at (15,19) which is near (15,20)
[miner5] I am at (25,16) which is near (25,17)
[miner2] Red retriever 1 staying near explorer at 15 20
[miner5] I chose to go near 16 23 Coordinates
[miner1] I am at (12,25) which is near (12,26)
[miner2] I am at (15,19) which is near (15,20)
[miner1] I chose to go near 18 2 Coordinates
[miner2] Red retriever 1 staying near explorer at 15 20
[miner2] I am at (15,19) which is near (15,20)
[miner2] Red retriever 1 staying near explorer at 15 20
[miner2] I am at (15,19) which is near (15,20)
[miner2] Red retriever 1 staying near explorer at 15 20
[miner2] I am at (15,19) which is near (15,20)
[miner2] Red retriever 1 staying near explorer at 15 20
[miner2] I am at (15,19) which is near (15,20)
[miner2] Red retriever 1 staying near explorer at 15 20
[miner2] I am at (15,19) which is near (15,20)
[miner2] Red retriever 1 staying near explorer at 15 20
[miner2] I am at (15,19) which is near (15,20)
[miner2] Red retriever 1 staying near explorer at 15 20
[miner2] I am at (15,19) which is near (15,20)
[miner2] Red retriever 1 staying near explorer at 15 20
[miner2] I am at (15,19) which is near (15,20)
[miner2] Red retriever 1 staying near explorer at 15 20
[miner2] I am at (15,19) which is near (15,20)
[miner2] Red retriever 1 staying near explorer at 15 20
[miner2] I am at (15,19) which is near (15,20)
[miner2] Red retriever 1 staying near explorer at 15 20
[miner5] I am at (16,22) which is near (16,23)
[miner2] I am at (15,19) which is near (15,20)
[miner5] I chose to go near 29 24 Coordinates
[miner2] Red retriever 1 staying near explorer at 15 20
[miner2] I am at (15,19) which is near (15,20)
[miner7] I am at (8,31) which is near (9,31)
[miner7] I chose to go near 3 30 Coordinates
[miner2] Red retriever 1 staying near explorer at 15 20
[miner2] I am at (15,19) which is near (15,20)
[miner2] Red retriever 1 staying near explorer at 15 20
[miner2] I am at (15,19) which is near (15,20)
[miner2] Red retriever 1 staying near explorer at 15 20
[miner2] I am at (15,19) which is near (15,20)
[miner2] Red retriever 1 staying near explorer at 15 20
[miner7] I am at (4,31) which is near (3,30)
[miner9] I am at (5,22) which is near (4,22)
[miner7] I chose to go near 22 26 Coordinates
[miner2] I am at (15,19) which is near (15,20)
[miner9] I chose to go near 2 8 Coordinates
[miner3] I am at (11,8) which is near (11,7)
[miner2] Red retriever 1 staying near explorer at 15 20
[miner3] I chose to go near 27 26 Coordinates
[miner2] I am at (15,19) which is near (15,20)
[miner4] I am at (34,27) which is near (34,28)
[miner5] I am at (29,23) which is near (29,24)
[miner5] I chose to go near 18 25 Coordinates
[miner2] Red retriever 1 staying near explorer at 15 20
[miner2] I am at (15,19) which is near (15,20)
[miner2] Red retriever 1 staying near explorer at 15 20
[miner2] I am at (15,19) which is near (15,20)
[miner2] Red retriever 1 staying near explorer at 15 20
[miner2] I am at (15,19) which is near (15,20)
[miner2] Red retriever 1 staying near explorer at 15 20
[miner1] I am at (17,3) which is near (18,2)
[miner2] I am at (15,19) which is near (15,20)
[miner1] I chose to go near 22 10 Coordinates
[miner2] Red retriever 1 staying near explorer at 15 20
[miner2] I am at (15,19) which is near (15,20)
[miner2] Red retriever 1 staying near explorer at 15 20
[miner2] I am at (15,19) which is near (15,20)
[miner2] Red retriever 1 staying near explorer at 15 20
[miner2] I am at (15,19) which is near (15,20)
[miner2] Red retriever 1 staying near explorer at 15 20
[miner5] I am at (18,24) which is near (18,25)
[miner5] I chose to go near 7 8 Coordinates
[miner2] I am at (15,19) which is near (15,20)
[miner2] Red retriever 1 staying near explorer at 15 20
[miner2] I am at (15,19) which is near (15,20)
[miner2] Red retriever 1 staying near explorer at 15 20
[miner2] I am at (15,19) which is near (15,20)
[miner9] I am at (2,9) which is near (2,8)
[miner9] I chose to go near 8 8 Coordinates
[miner2] Red retriever 1 staying near explorer at 15 20
[miner2] I am at (15,19) which is near (15,20)
[miner2] Red retriever 1 staying near explorer at 15 20
[miner2] I am at (15,19) which is near (15,20)
[miner2] Red retriever 1 staying near explorer at 15 20
[miner1] I am at (22,9) which is near (22,10)
[miner1] I chose to go near 13 32 Coordinates
[miner9] I am at (7,9) which is near (8,8)
[miner2] I am at (15,19) which is near (15,20)
[miner9] I chose to go near 25 20 Coordinates
[miner6] I am at (20,22) which is near (20,23)
[miner2] Red retriever 1 staying near explorer at 15 20
[miner6] I chose to go near 5 12 Coordinates
[miner2] I am at (15,19) which is near (15,20)
[miner2] Red retriever 1 staying near explorer at 15 20
[miner2] I am at (15,19) which is near (15,20)
[miner2] Red retriever 1 staying near explorer at 15 20
[miner2] I am at (15,19) which is near (15,20)
[miner2] Red retriever 1 staying near explorer at 15 20
[miner2] I am at (15,19) which is near (15,20)
[miner2] Red retriever 1 staying near explorer at 15 20
[miner2] I am at (15,19) which is near (15,20)
[miner2] Red retriever 1 staying near explorer at 15 20
[miner2] I am at (15,19) which is near (15,20)
[miner2] Red retriever 1 staying near explorer at 15 20
[miner2] I am at (15,19) which is near (15,20)
[miner2] Red retriever 1 staying near explorer at 15 20
[miner2] I am at (15,19) which is near (15,20)
[miner2] Red retriever 1 staying near explorer at 15 20
[miner3] I am at (27,25) which is near (27,26)
[miner3] I chose to go near 29 31 Coordinates
[miner2] I am at (15,19) which is near (15,20)
[miner2] Red retriever 1 staying near explorer at 15 20
[miner2] I am at (15,19) which is near (15,20)
[miner2] Red retriever 1 staying near explorer at 15 20
[miner7] I am at (22,27) which is near (22,26)
[miner2] I am at (15,19) which is near (15,20)
[miner7] I chose to go near 22 0 Coordinates
[miner3] I am at (29,30) which is near (29,31)
[miner2] Red retriever 1 staying near explorer at 15 20
[miner2] I am at (15,19) which is near (15,20)
[miner3] I chose to go near 15 2 Coordinates
[miner2] Red retriever 1 staying near explorer at 15 20
[miner2] I am at (15,19) which is near (15,20)
[miner2] Red retriever 1 staying near explorer at 15 20
[miner2] I am at (15,19) which is near (15,20)
[miner2] Red retriever 1 staying near explorer at 15 20
[miner2] I am at (15,19) which is near (15,20)
[miner6] I am at (6,13) which is near (5,12)
[miner2] Red retriever 1 staying near explorer at 15 20
[miner6] I chose to go near 15 13 Coordinates
[miner2] I am at (15,19) which is near (15,20)
[miner2] Red retriever 1 staying near explorer at 15 20
[miner2] I am at (15,19) which is near (15,20)
[miner2] Red retriever 1 staying near explorer at 15 20
[miner2] I am at (15,19) which is near (15,20)
[miner2] Red retriever 1 staying near explorer at 15 20
[miner9] I am at (25,19) which is near (25,20)
[miner2] I am at (15,19) which is near (15,20)
[miner9] I chose to go near 5 22 Coordinates
[miner2] Red retriever 1 staying near explorer at 15 20
[miner2] I am at (15,19) which is near (15,20)
[miner2] Red retriever 1 staying near explorer at 15 20
[miner2] I am at (15,19) which is near (15,20)
[miner2] Red retriever 1 staying near explorer at 15 20
[miner6] I am at (14,12) which is near (15,13)
[miner6] I chose to go near 0 29 Coordinates
[miner2] I am at (15,19) which is near (15,20)
[miner2] Red retriever 1 staying near explorer at 15 20
[miner2] I am at (15,19) which is near (15,20)
[miner2] Red retriever 1 staying near explorer at 15 20
[miner2] I am at (15,19) which is near (15,20)
[miner2] Red retriever 1 staying near explorer at 15 20
[miner2] I am at (15,19) which is near (15,20)
[miner2] Red retriever 1 staying near explorer at 15 20
[miner2] I am at (15,19) which is near (15,20)
[miner4] I am at (0,1) which is near (0,0)
[miner7] I am at (22,1) which is near (22,0)
[miner7] I chose to go near 29 25 Coordinates
[miner2] Red retriever 1 staying near explorer at 15 20
[miner2] I am at (15,19) which is near (15,20)
[miner2] Red retriever 1 staying near explorer at 15 20
[miner2] I am at (15,19) which is near (15,20)
[miner2] Red retriever 1 staying near explorer at 15 20
[miner2] I am at (15,19) which is near (15,20)
[miner2] Red retriever 1 staying near explorer at 15 20
[miner2] I am at (15,19) which is near (15,20)
[miner2] Red retriever 1 staying near explorer at 15 20
[miner2] I am at (15,19) which is near (15,20)
[miner2] Red retriever 1 staying near explorer at 15 20
[miner9] I am at (6,21) which is near (5,22)
[miner2] I am at (15,19) which is near (15,20)
[miner9] I chose to go near 3 19 Coordinates
[miner2] Red retriever 1 staying near explorer at 15 20
[miner2] I am at (15,19) which is near (15,20)
[miner2] Red retriever 1 staying near explorer at 15 20
[miner2] I am at (15,19) which is near (15,20)
[miner2] Red retriever 1 staying near explorer at 15 20
[miner2] I am at (15,19) which is near (15,20)
[miner2] Red retriever 1 staying near explorer at 15 20
[miner9] I am at (2,20) which is near (3,19)
[miner9] I chose to go near 12 20 Coordinates
[miner2] I am at (15,19) which is near (15,20)
[miner2] Red retriever 1 staying near explorer at 15 20
[miner2] I am at (15,19) which is near (15,20)
[miner2] Red retriever 1 staying near explorer at 15 20
[miner2] I am at (15,19) which is near (15,20)
[miner2] Red retriever 1 staying near explorer at 15 20
[miner2] I am at (15,19) which is near (15,20)
[miner6] I am at (0,28) which is near (0,29)
[miner2] Red retriever 1 staying near explorer at 15 20
[miner6] I chose to go near 20 9 Coordinates
[miner2] I am at (15,19) which is near (15,20)
[miner2] Red retriever 1 staying near explorer at 15 20
[miner2] I am at (15,19) which is near (15,20)
[miner2] Red retriever 1 staying near explorer at 15 20
[miner2] I am at (15,19) which is near (15,20)
[miner5] I am at (7,9) which is near (7,8)
[miner5] I chose to go near 31 26 Coordinates
[miner2] Red retriever 1 staying near explorer at 15 20
[miner9] I am at (11,21) which is near (12,20)
[miner2] I am at (15,19) which is near (15,20)
[miner9] I chose to go near 19 5 Coordinates
[miner2] Red retriever 1 staying near explorer at 15 20
[miner2] I am at (15,19) which is near (15,20)
[miner2] Red retriever 1 staying near explorer at 15 20
[miner2] I am at (15,19) which is near (15,20)
[miner2] Red retriever 1 staying near explorer at 15 20
[miner2] I am at (15,19) which is near (15,20)
[miner2] Red retriever 1 staying near explorer at 15 20
[miner2] I am at (15,19) which is near (15,20)
[miner2] Red retriever 1 staying near explorer at 15 20
[miner7] I am at (29,24) which is near (29,25)
[miner2] I am at (15,19) which is near (15,20)
[miner7] I chose to go near 5 28 Coordinates
[miner2] Red retriever 1 staying near explorer at 15 20
[miner4] I am at (33,1) which is near (34,0)
[miner2] I am at (15,19) which is near (15,20)
[miner2] Red retriever 1 staying near explorer at 15 20
[miner2] I am at (15,19) which is near (15,20)
[miner2] Red retriever 1 staying near explorer at 15 20
[miner2] I am at (15,19) which is near (15,20)
[miner2] Red retriever 1 staying near explorer at 15 20
[miner4] I am at (34,6) which is near (34,7)
[miner2] I am at (15,19) which is near (15,20)
[miner2] Red retriever 1 staying near explorer at 15 20
[miner2] I am at (15,19) which is near (15,20)
[miner2] Red retriever 1 staying near explorer at 15 20
[miner2] I am at (15,19) which is near (15,20)
[miner2] Red retriever 1 staying near explorer at 15 20
[miner2] I am at (15,19) which is near (15,20)
[miner2] Red retriever 1 staying near explorer at 15 20
[miner2] I am at (15,19) which is near (15,20)
[miner2] Red retriever 1 staying near explorer at 15 20
[miner2] I am at (15,19) which is near (15,20)
[miner2] Red retriever 1 staying near explorer at 15 20
[miner2] I am at (15,19) which is near (15,20)
[miner2] Red retriever 1 staying near explorer at 15 20
[miner9] I am at (19,6) which is near (19,5)
[miner2] I am at (15,19) which is near (15,20)
[miner9] I chose to go near 9 13 Coordinates
[miner2] Red retriever 1 staying near explorer at 15 20
[miner2] I am at (15,19) which is near (15,20)
[miner2] Red retriever 1 staying near explorer at 15 20
[miner2] I am at (15,19) which is near (15,20)
[miner2] Red retriever 1 staying near explorer at 15 20
[miner2] I am at (15,19) which is near (15,20)
[miner2] Red retriever 1 staying near explorer at 15 20
[miner2] I am at (15,19) which is near (15,20)
[miner1] I am at (11,32) and I can't get to' (13,32)
[miner2] Red retriever 1 staying near explorer at 15 20
[miner1] I chose to go near 6 19 Coordinates
[miner2] I am at (15,19) which is near (15,20)
[miner2] Red retriever 1 staying near explorer at 15 20
[miner2] I am at (15,19) which is near (15,20)
[miner2] Red retriever 1 staying near explorer at 15 20
[miner2] I am at (15,19) which is near (15,20)
[miner2] Red retriever 1 staying near explorer at 15 20
[miner2] I am at (15,19) which is near (15,20)
[miner2] Red retriever 1 staying near explorer at 15 20
[miner2] I am at (15,19) which is near (15,20)
[miner2] Red retriever 1 staying near explorer at 15 20
[miner6] I am at (20,10) which is near (20,9)
[miner2] I am at (15,19) which is near (15,20)
[miner2] Red retriever 1 staying near explorer at 15 20
[miner5] I am at (31,25) which is near (31,26)
[miner6] I chose to go near 26 29 Coordinates
[miner5] I chose to go near 21 18 Coordinates
[miner2] I am at (15,19) which is near (15,20)
[miner2] Red retriever 1 staying near explorer at 15 20
[miner2] I am at (15,19) which is near (15,20)
[miner2] Red retriever 1 staying near explorer at 15 20
[miner2] I am at (15,19) which is near (15,20)
[miner2] Red retriever 1 staying near explorer at 15 20
[miner2] I am at (15,19) which is near (15,20)
[miner9] I am at (9,12) which is near (9,13)
[miner2] Red retriever 1 staying near explorer at 15 20
[miner9] I chose to go near 0 9 Coordinates
[miner2] I am at (15,19) which is near (15,20)
[miner2] Red retriever 1 staying near explorer at 15 20
[miner2] I am at (15,19) which is near (15,20)
[miner2] Red retriever 1 staying near explorer at 15 20
[miner2] I am at (15,19) which is near (15,20)
[miner2] Red retriever 1 staying near explorer at 15 20
[miner2] I am at (15,19) which is near (15,20)
[miner2] Red retriever 1 staying near explorer at 15 20
[miner3] I am at (16,3) which is near (15,2)
[miner3] I chose to go near 9 23 Coordinates
[miner2] I am at (15,19) which is near (15,20)
[miner2] Red retriever 1 staying near explorer at 15 20
[miner2] I am at (15,19) which is near (15,20)
[miner2] Red retriever 1 staying near explorer at 15 20
[miner2] I am at (15,19) which is near (15,20)
[miner2] Red retriever 1 staying near explorer at 15 20
[miner2] I am at (15,19) which is near (15,20)
[miner2] Red retriever 1 staying near explorer at 15 20
[miner2] I am at (15,19) which is near (15,20)
[miner2] Red retriever 1 staying near explorer at 15 20
[miner2] I am at (15,19) which is near (15,20)
[miner2] Red retriever 1 staying near explorer at 15 20
[miner2] I am at (15,19) which is near (15,20)
[miner2] Red retriever 1 staying near explorer at 15 20
[miner2] I am at (15,19) which is near (15,20)
[miner2] Red retriever 1 staying near explorer at 15 20
[miner2] I am at (15,19) which is near (15,20)
[miner2] Red retriever 1 staying near explorer at 15 20
[miner2] I am at (15,19) which is near (15,20)
[miner2] Red retriever 1 staying near explorer at 15 20
[miner5] I am at (21,19) which is near (21,18)
[miner2] I am at (15,19) which is near (15,20)
[miner5] I chose to go near 20 29 Coordinates
[miner2] Red retriever 1 staying near explorer at 15 20
[miner2] I am at (15,19) which is near (15,20)
[miner2] Red retriever 1 staying near explorer at 15 20
[miner2] I am at (15,19) which is near (15,20)
[miner2] Red retriever 1 staying near explorer at 15 20
[miner9] I am at (0,10) which is near (0,9)
[miner9] I chose to go near 7 9 Coordinates
[miner2] I am at (15,19) which is near (15,20)
[miner1] I am at (6,20) which is near (6,19)
[miner1] I chose to go near 6 29 Coordinates
[miner2] Red retriever 1 staying near explorer at 15 20
[miner2] I am at (15,19) which is near (15,20)
[miner2] Red retriever 1 staying near explorer at 15 20
[miner2] I am at (15,19) which is near (15,20)
[miner2] Red retriever 1 staying near explorer at 15 20
[miner2] I am at (15,19) which is near (15,20)
[miner2] Red retriever 1 staying near explorer at 15 20
[miner2] I am at (15,19) which is near (15,20)
[miner2] Red retriever 1 staying near explorer at 15 20
[miner2] I am at (15,19) which is near (15,20)
[miner2] Red retriever 1 staying near explorer at 15 20
[miner2] I am at (15,19) which is near (15,20)
[miner2] Red retriever 1 staying near explorer at 15 20
[miner2] I am at (15,19) which is near (15,20)
[miner2] Red retriever 1 staying near explorer at 15 20
[miner9] I am at (6,10) which is near (7,9)
[miner2] I am at (15,19) which is near (15,20)
[miner9] I chose to go near 0 12 Coordinates
[miner2] Red retriever 1 staying near explorer at 15 20
[miner2] I am at (15,19) which is near (15,20)
[miner2] Red retriever 1 staying near explorer at 15 20
[miner2] I am at (15,19) which is near (15,20)
[miner5] I am at (21,28) which is near (20,29)
[miner5] I chose to go near 30 32 Coordinates
[miner2] Red retriever 1 staying near explorer at 15 20
[miner6] I am at (26,28) which is near (26,29)
[miner2] I am at (15,19) which is near (15,20)
[miner6] I chose to go near 19 31 Coordinates
[miner2] Red retriever 1 staying near explorer at 15 20
[miner2] I am at (15,19) which is near (15,20)
[miner2] Red retriever 1 staying near explorer at 15 20
[miner9] I am at (0,11) which is near (0,12)
[miner2] I am at (15,19) which is near (15,20)
[miner9] I chose to go near 16 28 Coordinates
[miner2] Red retriever 1 staying near explorer at 15 20
[miner2] I am at (15,19) which is near (15,20)
[miner2] Red retriever 1 staying near explorer at 15 20
[miner2] I am at (15,19) which is near (15,20)
[miner2] Red retriever 1 staying near explorer at 15 20
[miner2] I am at (15,19) which is near (15,20)
[miner2] Red retriever 1 staying near explorer at 15 20
[miner2] I am at (15,19) which is near (15,20)
[miner2] Red retriever 1 staying near explorer at 15 20
[miner8] I am at (13,25) which is near (13,26)
[miner5] I am at (30,31) which is near (30,32)
[miner6] I am at (19,30) which is near (19,31)
[miner8] I chose to go near 13 2 Coordinates
[miner5] I chose to go near 5 14 Coordinates
[miner6] I chose to go near 2 26 Coordinates
[miner2] I am at (15,19) which is near (15,20)
[miner2] Red retriever 1 staying near explorer at 15 20
[miner2] I am at (15,19) which is near (15,20)
[miner2] Red retriever 1 staying near explorer at 15 20
[miner1] I am at (1,29) and I can't get to' (6,29)
[miner2] I am at (15,19) which is near (15,20)
[miner1] I chose to go near 24 20 Coordinates
[miner2] Red retriever 1 staying near explorer at 15 20
[miner2] I am at (15,19) which is near (15,20)
[miner2] Red retriever 1 staying near explorer at 15 20
[miner3] I am at (1,23) and I can't get to' (9,23)
[miner3] I chose to go near 6 25 Coordinates
[miner2] I am at (15,19) which is near (15,20)
[miner2] Red retriever 1 staying near explorer at 15 20
[miner2] I am at (15,19) which is near (15,20)
[miner2] Red retriever 1 staying near explorer at 15 20
[miner2] I am at (15,19) which is near (15,20)
[miner2] Red retriever 1 staying near explorer at 15 20
[miner2] I am at (15,19) which is near (15,20)
[miner2] Red retriever 1 staying near explorer at 15 20
[miner2] I am at (15,19) which is near (15,20)
[miner2] Red retriever 1 staying near explorer at 15 20
[miner2] I am at (15,19) which is near (15,20)
[miner2] Red retriever 1 staying near explorer at 15 20
[miner2] I am at (15,19) which is near (15,20)
[miner2] Red retriever 1 staying near explorer at 15 20
[miner2] I am at (15,19) which is near (15,20)
[miner2] Red retriever 1 staying near explorer at 15 20
[miner9] I am at (13,28) and I can't get to' (16,28)
[miner2] I am at (15,19) which is near (15,20)
[miner9] I chose to go near 20 8 Coordinates
[miner2] Red retriever 1 staying near explorer at 15 20
[miner2] I am at (15,19) which is near (15,20)
[miner2] Red retriever 1 staying near explorer at 15 20
[miner8] I am at (12,2) which is near (13,2)
[miner2] I am at (15,19) which is near (15,20)
[miner8] I chose to go near 10 29 Coordinates
[miner2] Red retriever 1 staying near explorer at 15 20
[miner2] I am at (15,19) which is near (15,20)
[miner6] I am at (1,27) which is near (2,26)
[miner2] Red retriever 1 staying near explorer at 15 20
[miner2] I am at (15,19) which is near (15,20)
[miner6] I chose to go near 6 0 Coordinates
[miner2] Red retriever 1 staying near explorer at 15 20
[miner4] I am at (1,6) which is near (0,7)
[miner2] I am at (15,19) which is near (15,20)
[miner2] Red retriever 1 staying near explorer at 15 20
[miner2] I am at (15,19) which is near (15,20)
[miner2] Red retriever 1 staying near explorer at 15 20
[miner2] I am at (15,19) which is near (15,20)
[miner7] I am at (4,28) which is near (5,28)
[miner7] I chose to go near 22 6 Coordinates
[miner2] Red retriever 1 staying near explorer at 15 20
[miner2] I am at (15,19) which is near (15,20)
[miner2] Red retriever 1 staying near explorer at 15 20
[miner2] I am at (15,19) which is near (15,20)
[miner2] Red retriever 1 staying near explorer at 15 20
[miner2] I am at (15,19) which is near (15,20)
[miner2] Red retriever 1 staying near explorer at 15 20
[miner2] I am at (15,19) which is near (15,20)
[miner2] Red retriever 1 staying near explorer at 15 20
[miner3] I am at (7,24) which is near (6,25)
[miner2] I am at (15,19) which is near (15,20)
[miner3] I chose to go near 20 5 Coordinates
[miner2] Red retriever 1 staying near explorer at 15 20
[miner2] I am at (15,19) which is near (15,20)
[miner2] Red retriever 1 staying near explorer at 15 20
[miner2] I am at (15,19) which is near (15,20)
[miner2] Red retriever 1 staying near explorer at 15 20
[miner2] I am at (15,19) which is near (15,20)
[miner2] Red retriever 1 staying near explorer at 15 20
[miner2] I am at (15,19) which is near (15,20)
[miner2] Red retriever 1 staying near explorer at 15 20
[miner4] I am at (0,13) which is near (0,14)
[miner2] I am at (15,19) which is near (15,20)
[miner2] Red retriever 1 staying near explorer at 15 20
[miner2] I am at (15,19) which is near (15,20)
[miner2] Red retriever 1 staying near explorer at 15 20
[miner5] I am at (5,15) which is near (5,14)
[miner5] I chose to go near 24 3 Coordinates
[miner2] I am at (15,19) which is near (15,20)
[miner2] Red retriever 1 staying near explorer at 15 20
[miner2] I am at (15,19) which is near (15,20)
[miner2] Red retriever 1 staying near explorer at 15 20
[miner2] I am at (15,19) which is near (15,20)
[miner2] Red retriever 1 staying near explorer at 15 20
[miner2] I am at (15,19) which is near (15,20)
[miner2] Red retriever 1 staying near explorer at 15 20
[miner2] I am at (15,19) which is near (15,20)
[miner2] Red retriever 1 staying near explorer at 15 20
[miner2] I am at (15,19) which is near (15,20)
[miner2] Red retriever 1 staying near explorer at 15 20
[miner2] I am at (15,19) which is near (15,20)
[miner2] Red retriever 1 staying near explorer at 15 20
[miner2] I am at (15,19) which is near (15,20)
[miner2] Red retriever 1 staying near explorer at 15 20
[miner1] I am at (24,21) which is near (24,20)
[miner2] I am at (15,19) which is near (15,20)
[miner1] I chose to go near 1 33 Coordinates
[miner2] Red retriever 1 staying near explorer at 15 20
[miner9] I am at (18,8) and I can't get to' (20,8)
[miner9] I chose to go near 18 3 Coordinates
[miner2] I am at (15,19) which is near (15,20)
[miner2] Red retriever 1 staying near explorer at 15 20
[miner2] I am at (15,19) which is near (15,20)
[miner2] Red retriever 1 staying near explorer at 15 20
[miner2] I am at (15,19) which is near (15,20)
[miner2] Red retriever 1 staying near explorer at 15 20
[miner2] I am at (15,19) which is near (15,20)
[miner2] Red retriever 1 staying near explorer at 15 20
[miner2] I am at (15,19) which is near (15,20)
[miner2] Red retriever 1 staying near explorer at 15 20
[miner2] I am at (15,19) which is near (15,20)
[miner9] I am at (17,4) which is near (18,3)
[miner2] Red retriever 1 staying near explorer at 15 20
[miner9] I chose to go near 25 12 Coordinates
[miner2] I am at (15,19) which is near (15,20)
[miner2] Red retriever 1 staying near explorer at 15 20
[miner2] I am at (15,19) which is near (15,20)
[miner2] Red retriever 1 staying near explorer at 15 20
[miner2] I am at (15,19) which is near (15,20)
[miner6] I am at (6,1) which is near (6,0)
[miner2] Red retriever 1 staying near explorer at 15 20
[miner6] I chose to go near 0 31 Coordinates
[miner2] I am at (15,19) which is near (15,20)
[miner2] Red retriever 1 staying near explorer at 15 20
[miner2] I am at (15,19) which is near (15,20)
[miner2] Red retriever 1 staying near explorer at 15 20
[miner2] I am at (15,19) which is near (15,20)
[miner2] Red retriever 1 staying near explorer at 15 20
[miner2] I am at (15,19) which is near (15,20)
[miner2] Red retriever 1 staying near explorer at 15 20
[miner2] I am at (15,19) which is near (15,20)
[miner2] Red retriever 1 staying near explorer at 15 20
[miner2] I am at (15,19) which is near (15,20)
[miner2] Red retriever 1 staying near explorer at 15 20
[miner2] I am at (15,19) which is near (15,20)
[miner2] Red retriever 1 staying near explorer at 15 20
[miner2] I am at (15,19) which is near (15,20)
[miner2] Red retriever 1 staying near explorer at 15 20
[miner2] I am at (15,19) which is near (15,20)
[miner9] I am at (25,11) which is near (25,12)
[miner2] Red retriever 1 staying near explorer at 15 20
[miner9] I chose to go near 25 29 Coordinates
[miner2] I am at (15,19) which is near (15,20)
[miner2] Red retriever 1 staying near explorer at 15 20
[miner8] I am at (9,30) which is near (10,29)
[miner2] I am at (15,19) which is near (15,20)
[miner8] I chose to go near 7 12 Coordinates
[miner5] I am at (24,4) which is near (24,3)
[miner2] Red retriever 1 staying near explorer at 15 20
[miner5] I chose to go near 13 32 Coordinates
[miner2] I am at (15,19) which is near (15,20)
[miner4] I am at (34,13) which is near (34,14)
[miner2] Red retriever 1 staying near explorer at 15 20
[miner2] I am at (15,19) which is near (15,20)
[miner2] Red retriever 1 staying near explorer at 15 20
[miner2] I am at (15,19) which is near (15,20)
[miner2] Red retriever 1 staying near explorer at 15 20
[miner2] I am at (15,19) which is near (15,20)
[miner2] Red retriever 1 staying near explorer at 15 20
[miner2] I am at (15,19) which is near (15,20)
[miner2] Red retriever 1 staying near explorer at 15 20
[miner4] I am at (34,20) which is near (34,21)
[miner2] I am at (15,19) which is near (15,20)
[miner2] Red retriever 1 staying near explorer at 15 20
[miner2] I am at (15,19) which is near (15,20)
[miner2] Red retriever 1 staying near explorer at 15 20
[miner2] I am at (15,19) which is near (15,20)
[miner2] Red retriever 1 staying near explorer at 15 20
[miner2] I am at (15,19) which is near (15,20)
[miner2] Red retriever 1 staying near explorer at 15 20
[miner2] I am at (15,19) which is near (15,20)
[miner2] Red retriever 1 staying near explorer at 15 20
[miner2] I am at (15,19) which is near (15,20)
[miner9] I am at (25,28) which is near (25,29)
[miner2] Red retriever 1 staying near explorer at 15 20
[miner9] I chose to go near 12 18 Coordinates
[miner2] I am at (15,19) which is near (15,20)
[miner2] Red retriever 1 staying near explorer at 15 20
[miner2] I am at (15,19) which is near (15,20)
[miner2] Red retriever 1 staying near explorer at 15 20
[miner2] I am at (15,19) which is near (15,20)
[miner2] Red retriever 1 staying near explorer at 15 20
[miner6] I am at (0,30) which is near (0,31)
[miner2] I am at (15,19) which is near (15,20)
[miner6] I chose to go near 20 27 Coordinates
[miner2] Red retriever 1 staying near explorer at 15 20
[miner2] I am at (15,19) which is near (15,20)
[miner1] I am at (2,33) which is near (1,33)
[miner1] I chose to go near 30 0 Coordinates
[miner2] Red retriever 1 staying near explorer at 15 20
[miner2] I am at (15,19) which is near (15,20)
[miner2] Red retriever 1 staying near explorer at 15 20
[miner2] I am at (15,19) which is near (15,20)
[miner2] Red retriever 1 staying near explorer at 15 20
[miner3] I am at (20,6) which is near (20,5)
[miner2] I am at (15,19) which is near (15,20)
[miner3] I chose to go near 15 8 Coordinates
[miner2] Red retriever 1 staying near explorer at 15 20
[miner2] I am at (15,19) which is near (15,20)
[miner2] Red retriever 1 staying near explorer at 15 20
[miner2] I am at (15,19) which is near (15,20)
[miner2] Red retriever 1 staying near explorer at 15 20
[miner2] I am at (15,19) which is near (15,20)
[miner2] Red retriever 1 staying near explorer at 15 20
[miner2] I am at (15,19) which is near (15,20)
[miner2] Red retriever 1 staying near explorer at 15 20
[miner2] I am at (15,19) which is near (15,20)
[miner2] Red retriever 1 staying near explorer at 15 20
[miner2] I am at (15,19) which is near (15,20)
[miner3] I am at (13,8) and I can't get to' (15,8)
[miner9] I am at (12,19) which is near (12,18)
[miner3] I chose to go near 1 4 Coordinates
[miner2] Red retriever 1 staying near explorer at 15 20
[miner9] I chose to go near 23 22 Coordinates
[miner2] I am at (15,19) which is near (15,20)
[miner2] Red retriever 1 staying near explorer at 15 20
[miner2] I am at (15,19) which is near (15,20)
[miner2] Red retriever 1 staying near explorer at 15 20
[miner2] I am at (15,19) which is near (15,20)
[miner2] Red retriever 1 staying near explorer at 15 20
[miner2] I am at (15,19) which is near (15,20)
[miner2] Red retriever 1 staying near explorer at 15 20
[miner2] I am at (15,19) which is near (15,20)
[miner2] Red retriever 1 staying near explorer at 15 20
[miner2] I am at (15,19) which is near (15,20)
[miner2] Red retriever 1 staying near explorer at 15 20
[miner2] I am at (15,19) which is near (15,20)
[miner2] Red retriever 1 staying near explorer at 15 20
[miner2] I am at (15,19) which is near (15,20)
[miner4] I am at (1,21) which is near (0,21)
[miner5] I am at (11,32) and I can't get to' (13,32)
[miner2] Red retriever 1 staying near explorer at 15 20
[miner5] I chose to go near 23 14 Coordinates
[miner2] I am at (15,19) which is near (15,20)
[miner2] Red retriever 1 staying near explorer at 15 20
[miner2] I am at (15,19) which is near (15,20)
[miner9] I am at (23,21) which is near (23,22)
[miner3] I am at (1,5) which is near (1,4)
[miner9] I chose to go near 28 27 Coordinates
[miner3] I chose to go near 0 30 Coordinates
[miner2] Red retriever 1 staying near explorer at 15 20
[miner2] I am at (15,19) which is near (15,20)
[miner2] Red retriever 1 staying near explorer at 15 20
[miner2] I am at (15,19) which is near (15,20)
[miner6] I am at (19,27) which is near (20,27)
[miner2] Red retriever 1 staying near explorer at 15 20
[miner6] I chose to go near 18 18 Coordinates
[miner2] I am at (15,19) which is near (15,20)
[miner2] Red retriever 1 staying near explorer at 15 20
[miner2] I am at (15,19) which is near (15,20)
[miner2] Red retriever 1 staying near explorer at 15 20
[miner4] I am at (0,27) which is near (0,28)
[miner2] I am at (15,19) which is near (15,20)
[miner2] Red retriever 1 staying near explorer at 15 20
[miner2] I am at (15,19) which is near (15,20)
[miner7] I am at (22,7) which is near (22,6)
[miner9] I am at (28,26) which is near (28,27)
[miner7] I chose to go near 19 24 Coordinates
[miner2] Red retriever 1 staying near explorer at 15 20
[miner9] I chose to go near 26 23 Coordinates
[miner6] I am at (18,19) which is near (18,18)
[miner2] I am at (15,19) which is near (15,20)
[miner6] I chose to go near 12 3 Coordinates
[miner2] Red retriever 1 staying near explorer at 15 20
[miner2] I am at (15,19) which is near (15,20)
[miner2] Red retriever 1 staying near explorer at 15 20
[miner2] I am at (15,19) which is near (15,20)
[miner2] Red retriever 1 staying near explorer at 15 20
[miner2] I am at (15,19) which is near (15,20)
[miner2] Red retriever 1 staying near explorer at 15 20
[miner2] I am at (15,19) which is near (15,20)
[miner2] Red retriever 1 staying near explorer at 15 20
[miner2] I am at (15,19) which is near (15,20)
[miner9] I am at (26,24) which is near (26,23)
[miner9] I chose to go near 15 15 Coordinates
[miner2] Red retriever 1 staying near explorer at 15 20
[miner2] I am at (15,19) which is near (15,20)
[miner2] Red retriever 1 staying near explorer at 15 20
[miner2] I am at (15,19) which is near (15,20)
[miner2] Red retriever 1 staying near explorer at 15 20
[miner2] I am at (15,19) which is near (15,20)
[miner2] Red retriever 1 staying near explorer at 15 20
[miner3] I am at (0,29) which is near (0,30)
[miner2] I am at (15,19) which is near (15,20)
[miner3] I chose to go near 11 21 Coordinates
[miner2] Red retriever 1 staying near explorer at 15 20
[miner2] I am at (15,19) which is near (15,20)
[miner2] Red retriever 1 staying near explorer at 15 20
[miner2] I am at (15,19) which is near (15,20)
[miner2] Red retriever 1 staying near explorer at 15 20
[miner2] I am at (15,19) which is near (15,20)
[miner2] Red retriever 1 staying near explorer at 15 20
[miner7] I am at (19,23) which is near (19,24)
[miner5] I am at (23,15) which is near (23,14)
[miner2] I am at (15,19) which is near (15,20)
[miner5] I chose to go near 17 8 Coordinates
[miner7] I chose to go near 20 17 Coordinates
[miner2] Red retriever 1 staying near explorer at 15 20
[miner2] I am at (15,19) which is near (15,20)
[miner2] Red retriever 1 staying near explorer at 15 20
[miner2] I am at (15,19) which is near (15,20)
[miner2] Red retriever 1 staying near explorer at 15 20
[miner2] I am at (15,19) which is near (15,20)
[miner2] Red retriever 1 staying near explorer at 15 20
[miner2] I am at (15,19) which is near (15,20)
[miner2] Red retriever 1 staying near explorer at 15 20
[miner2] I am at (15,19) which is near (15,20)
[miner7] I am at (20,18) which is near (20,17)
[miner7] I chose to go near 26 27 Coordinates
[miner2] Red retriever 1 staying near explorer at 15 20
[miner2] I am at (15,19) which is near (15,20)
[miner2] Red retriever 1 staying near explorer at 15 20
[miner2] I am at (15,19) which is near (15,20)
[miner2] Red retriever 1 staying near explorer at 15 20
[miner2] I am at (15,19) which is near (15,20)
[miner2] Red retriever 1 staying near explorer at 15 20
[miner2] I am at (15,19) which is near (15,20)
[miner2] Red retriever 1 staying near explorer at 15 20
[miner2] I am at (15,19) which is near (15,20)
[miner2] Red retriever 1 staying near explorer at 15 20
[miner2] I am at (15,19) which is near (15,20)
[miner2] Red retriever 1 staying near explorer at 15 20
[miner2] I am at (15,19) which is near (15,20)
[miner2] Red retriever 1 staying near explorer at 15 20
[miner2] I am at (15,19) which is near (15,20)
[miner2] Red retriever 1 staying near explorer at 15 20
[miner2] I am at (15,19) which is near (15,20)
[miner2] Red retriever 1 staying near explorer at 15 20
[miner5] I am at (13,8) and I can't get to' (17,8)
[miner5] I chose to go near 3 15 Coordinates
[miner2] I am at (15,19) which is near (15,20)
[miner2] Red retriever 1 staying near explorer at 15 20
[miner2] I am at (15,19) which is near (15,20)
[miner8] I am at (7,13) which is near (7,12)
[miner8] I chose to go near 5 27 Coordinates
[miner2] Red retriever 1 staying near explorer at 15 20
[miner2] I am at (15,19) which is near (15,20)
[miner2] Red retriever 1 staying near explorer at 15 20
[miner7] I am at (26,26) which is near (26,27)
[miner2] I am at (15,19) which is near (15,20)
[miner7] I chose to go near 21 28 Coordinates
[miner2] Red retriever 1 staying near explorer at 15 20
[miner4] I am at (34,27) which is near (34,28)
[miner2] I am at (15,19) which is near (15,20)
[miner2] Red retriever 1 staying near explorer at 15 20
[miner2] I am at (15,19) which is near (15,20)
[miner2] Red retriever 1 staying near explorer at 15 20
[miner2] I am at (15,19) which is near (15,20)
[miner2] Red retriever 1 staying near explorer at 15 20
[miner2] I am at (15,19) which is near (15,20)
[miner2] Red retriever 1 staying near explorer at 15 20
[miner5] I am at (2,14) which is near (3,15)
[miner5] I chose to go near 6 11 Coordinates
[miner7] I am at (21,27) which is near (21,28)
[miner2] I am at (15,19) which is near (15,20)
[miner7] I chose to go near 20 33 Coordinates
[miner2] Red retriever 1 staying near explorer at 15 20
[miner2] I am at (15,19) which is near (15,20)
[miner2] Red retriever 1 staying near explorer at 15 20
[miner2] I am at (15,19) which is near (15,20)
[miner2] Red retriever 1 staying near explorer at 15 20
[miner2] I am at (15,19) which is near (15,20)
[miner2] Red retriever 1 staying near explorer at 15 20
[miner2] I am at (15,19) which is near (15,20)
[miner2] Red retriever 1 staying near explorer at 15 20
[miner5] I am at (5,11) which is near (6,11)
[miner5] I chose to go near 24 5 Coordinates
[miner2] I am at (15,19) which is near (15,20)
[miner2] Red retriever 1 staying near explorer at 15 20
[miner7] I am at (21,32) which is near (20,33)
[miner7] I chose to go near 7 10 Coordinates
[miner2] I am at (15,19) which is near (15,20)
[miner2] Red retriever 1 staying near explorer at 15 20
[miner2] I am at (15,19) which is near (15,20)
[miner2] Red retriever 1 staying near explorer at 15 20
[miner2] I am at (15,19) which is near (15,20)
[miner2] Red retriever 1 staying near explorer at 15 20
[miner2] I am at (15,19) which is near (15,20)
[miner2] Red retriever 1 staying near explorer at 15 20
[miner2] I am at (15,19) which is near (15,20)
[miner2] Red retriever 1 staying near explorer at 15 20
[miner2] I am at (15,19) which is near (15,20)
[miner2] Red retriever 1 staying near explorer at 15 20
[miner2] I am at (15,19) which is near (15,20)
[miner2] Red retriever 1 staying near explorer at 15 20
[miner2] I am at (15,19) which is near (15,20)
[miner2] Red retriever 1 staying near explorer at 15 20
[miner2] I am at (15,19) which is near (15,20)
[miner2] Red retriever 1 staying near explorer at 15 20
[miner2] I am at (15,19) which is near (15,20)
[miner2] Red retriever 1 staying near explorer at 15 20
[miner2] I am at (15,19) which is near (15,20)
[miner2] Red retriever 1 staying near explorer at 15 20
[miner2] I am at (15,19) which is near (15,20)
[miner2] Red retriever 1 staying near explorer at 15 20
[miner2] I am at (15,19) which is near (15,20)
[miner2] Red retriever 1 staying near explorer at 15 20
[miner2] I am at (15,19) which is near (15,20)
[miner2] Red retriever 1 staying near explorer at 15 20
[miner5] I am at (24,6) which is near (24,5)
[miner2] I am at (15,19) which is near (15,20)
[miner5] I chose to go near 23 30 Coordinates
[miner2] Red retriever 1 staying near explorer at 15 20
[miner2] I am at (15,19) which is near (15,20)
[miner2] Red retriever 1 staying near explorer at 15 20
[miner2] I am at (15,19) which is near (15,20)
[miner2] Red retriever 1 staying near explorer at 15 20
[miner2] I am at (15,19) which is near (15,20)
[miner2] Red retriever 1 staying near explorer at 15 20
[miner2] I am at (15,19) which is near (15,20)
[miner2] Red retriever 1 staying near explorer at 15 20
[miner2] I am at (15,19) which is near (15,20)
[miner2] Red retriever 1 staying near explorer at 15 20
[miner2] I am at (15,19) which is near (15,20)
[miner2] Red retriever 1 staying near explorer at 15 20
[miner2] I am at (15,19) which is near (15,20)
[miner2] Red retriever 1 staying near explorer at 15 20
[miner2] I am at (15,19) which is near (15,20)
[miner2] Red retriever 1 staying near explorer at 15 20
[miner2] I am at (15,19) which is near (15,20)
[miner2] Red retriever 1 staying near explorer at 15 20
[miner2] I am at (15,19) which is near (15,20)
[miner2] Red retriever 1 staying near explorer at 15 20
[miner2] I am at (15,19) which is near (15,20)
[miner2] Red retriever 1 staying near explorer at 15 20
[miner2] I am at (15,19) which is near (15,20)
[miner8] I am at (4,28) which is near (5,27)
[miner8] I chose to go near 25 27 Coordinates
[miner2] Red retriever 1 staying near explorer at 15 20
[miner2] I am at (15,19) which is near (15,20)
[miner2] Red retriever 1 staying near explorer at 15 20
[miner2] I am at (15,19) which is near (15,20)
[miner9] I am at (15,16) which is near (15,15)
[miner9] I chose to go near 13 25 Coordinates
[miner2] Red retriever 1 staying near explorer at 15 20
[miner7] I am at (7,11) which is near (7,10)
[miner7] I chose to go near 16 18 Coordinates
[miner2] I am at (15,19) which is near (15,20)
[miner5] I am at (23,29) which is near (23,30)
[miner2] Red retriever 1 staying near explorer at 15 20
[miner3] I am at (10,22) which is near (11,21)
[miner5] I chose to go near 16 18 Coordinates
[miner3] I chose to go near 1 9 Coordinates
[miner2] I am at (15,19) which is near (15,20)
[miner2] Red retriever 1 staying near explorer at 15 20
[miner2] I am at (15,19) which is near (15,20)
[miner2] Red retriever 1 staying near explorer at 15 20
[miner2] I am at (15,19) which is near (15,20)
[miner2] Red retriever 1 staying near explorer at 15 20
[miner2] I am at (15,19) which is near (15,20)
[miner2] Red retriever 1 staying near explorer at 15 20
[miner2] I am at (15,19) which is near (15,20)
[miner1] I am at (30,1) which is near (30,0)
[miner2] Red retriever 1 staying near explorer at 15 20
[miner1] I chose to go near 24 33 Coordinates
[miner2] I am at (15,19) which is near (15,20)
[miner9] I am at (13,24) which is near (13,25)
[miner2] Red retriever 1 staying near explorer at 15 20
[miner9] I chose to go near 15 13 Coordinates
[miner2] I am at (15,19) which is near (15,20)
[miner2] Red retriever 1 staying near explorer at 15 20
[miner2] I am at (15,19) which is near (15,20)
[miner2] Red retriever 1 staying near explorer at 15 20
[miner2] I am at (15,19) which is near (15,20)
[miner2] Red retriever 1 staying near explorer at 15 20
[miner2] I am at (15,19) which is near (15,20)
[miner2] Red retriever 1 staying near explorer at 15 20
[miner5] I am at (17,18) which is near (16,18)
[miner5] I chose to go near 25 4 Coordinates
[miner2] I am at (15,19) which is near (15,20)
[miner2] Red retriever 1 staying near explorer at 15 20
[miner7] I am at (16,17) which is near (16,18)
[miner2] I am at (15,19) which is near (15,20)
[miner7] I chose to go near 28 33 Coordinates
[miner2] Red retriever 1 staying near explorer at 15 20
[miner2] I am at (15,19) which is near (15,20)
[miner2] Red retriever 1 staying near explorer at 15 20
[miner2] I am at (15,19) which is near (15,20)
[miner2] Red retriever 1 staying near explorer at 15 20
[miner2] I am at (15,19) which is near (15,20)
[miner9] I am at (14,14) which is near (15,13)
[miner2] Red retriever 1 staying near explorer at 15 20
[miner9] I chose to go near 33 10 Coordinates
[miner2] I am at (15,19) which is near (15,20)
[miner3] I am at (1,10) which is near (1,9)
[miner2] Red retriever 1 staying near explorer at 15 20
[miner3] I chose to go near 7 5 Coordinates
[miner2] I am at (15,19) which is near (15,20)
[miner2] Red retriever 1 staying near explorer at 15 20
[miner2] I am at (15,19) which is near (15,20)
[miner2] Red retriever 1 staying near explorer at 15 20
[miner2] I am at (15,19) which is near (15,20)
[miner2] Red retriever 1 staying near explorer at 15 20
[miner2] I am at (15,19) which is near (15,20)
[miner2] Red retriever 1 staying near explorer at 15 20
[miner2] I am at (15,19) which is near (15,20)
[miner2] Red retriever 1 staying near explorer at 15 20
[miner2] I am at (15,19) which is near (15,20)
[miner2] Red retriever 1 staying near explorer at 15 20
[miner2] I am at (15,19) which is near (15,20)
[miner2] Red retriever 1 staying near explorer at 15 20
[miner2] I am at (15,19) which is near (15,20)
[miner2] Red retriever 1 staying near explorer at 15 20
[miner5] I am at (25,5) which is near (25,4)
[miner3] I am at (7,6) which is near (7,5)
[miner5] I chose to go near 26 1 Coordinates
[miner3] I chose to go near 22 24 Coordinates
[miner2] I am at (15,19) which is near (15,20)
[miner2] Red retriever 1 staying near explorer at 15 20
[miner2] I am at (15,19) which is near (15,20)
[miner2] Red retriever 1 staying near explorer at 15 20
[miner2] I am at (15,19) which is near (15,20)
[miner2] Red retriever 1 staying near explorer at 15 20
[miner5] I am at (26,2) which is near (26,1)
[miner2] I am at (15,19) which is near (15,20)
[miner5] I chose to go near 31 1 Coordinates
[miner2] Red retriever 1 staying near explorer at 15 20
[miner2] I am at (15,19) which is near (15,20)
[miner2] Red retriever 1 staying near explorer at 15 20
[miner2] I am at (15,19) which is near (15,20)
[miner2] Red retriever 1 staying near explorer at 15 20
[miner9] I am at (32,11) which is near (33,10)
[miner2] I am at (15,19) which is near (15,20)
[miner9] I chose to go near 0 18 Coordinates
[miner2] Red retriever 1 staying near explorer at 15 20
[miner2] I am at (15,19) which is near (15,20)
[miner5] I am at (30,2) which is near (31,1)
[miner5] I chose to go near 22 5 Coordinates
[miner2] Red retriever 1 staying near explorer at 15 20
[miner2] I am at (15,19) which is near (15,20)
[miner2] Red retriever 1 staying near explorer at 15 20
[miner2] I am at (15,19) which is near (15,20)
[miner2] Red retriever 1 staying near explorer at 15 20
[miner2] I am at (15,19) which is near (15,20)
[miner2] Red retriever 1 staying near explorer at 15 20
[miner7] I am at (28,32) which is near (28,33)
[miner2] I am at (15,19) which is near (15,20)
[miner7] I chose to go near 17 12 Coordinates
[miner8] I am at (25,28) which is near (25,27)
[miner2] Red retriever 1 staying near explorer at 15 20
[miner8] I chose to go near 19 2 Coordinates
[miner2] I am at (15,19) which is near (15,20)
[miner1] I am at (24,32) which is near (24,33)
[miner1] I chose to go near 33 9 Coordinates
[miner5] I am at (22,4) which is near (22,5)
[miner2] Red retriever 1 staying near explorer at 15 20
[miner5] I chose to go near 14 17 Coordinates
[miner2] I am at (15,19) which is near (15,20)
[miner2] Red retriever 1 staying near explorer at 15 20
[miner2] I am at (15,19) which is near (15,20)
[miner2] Red retriever 1 staying near explorer at 15 20
[miner2] I am at (15,19) which is near (15,20)
[miner2] Red retriever 1 staying near explorer at 15 20
[miner2] I am at (15,19) which is near (15,20)
[miner2] Red retriever 1 staying near explorer at 15 20
[miner2] I am at (15,19) which is near (15,20)
[miner2] Red retriever 1 staying near explorer at 15 20
[miner2] I am at (15,19) which is near (15,20)
[miner2] Red retriever 1 staying near explorer at 15 20
[miner2] I am at (15,19) which is near (15,20)
[miner2] Red retriever 1 staying near explorer at 15 20
[miner2] I am at (15,19) which is near (15,20)
[miner2] Red retriever 1 staying near explorer at 15 20
[miner2] I am at (15,19) which is near (15,20)
[miner2] Red retriever 1 staying near explorer at 15 20
[miner2] I am at (15,19) which is near (15,20)
[miner2] Red retriever 1 staying near explorer at 15 20
[miner2] I am at (15,19) which is near (15,20)
[miner3] I am at (22,23) which is near (22,24)
[miner2] Red retriever 1 staying near explorer at 15 20
[miner3] I chose to go near 16 32 Coordinates
[miner2] I am at (15,19) which is near (15,20)
[miner5] I am at (14,16) which is near (14,17)
[miner2] Red retriever 1 staying near explorer at 15 20
[miner5] I chose to go near 0 15 Coordinates
[miner2] I am at (15,19) which is near (15,20)
[miner2] Red retriever 1 staying near explorer at 15 20
[miner2] I am at (15,19) which is near (15,20)
[miner2] Red retriever 1 staying near explorer at 15 20
[miner2] I am at (15,19) which is near (15,20)
[miner2] Red retriever 1 staying near explorer at 15 20
[miner2] I am at (15,19) which is near (15,20)
[miner2] Red retriever 1 staying near explorer at 15 20
[miner2] I am at (15,19) which is near (15,20)
[miner2] Red retriever 1 staying near explorer at 15 20
[miner2] I am at (15,19) which is near (15,20)
[miner2] Red retriever 1 staying near explorer at 15 20
[miner2] I am at (15,19) which is near (15,20)
[miner9] I am at (0,17) which is near (0,18)
[miner2] Red retriever 1 staying near explorer at 15 20
[miner9] I chose to go near 2 0 Coordinates
[miner2] I am at (15,19) which is near (15,20)
[miner2] Red retriever 1 staying near explorer at 15 20
[miner2] I am at (15,19) which is near (15,20)
[miner2] Red retriever 1 staying near explorer at 15 20
[miner2] I am at (15,19) which is near (15,20)
[miner2] Red retriever 1 staying near explorer at 15 20
[miner2] I am at (15,19) which is near (15,20)
[miner2] Red retriever 1 staying near explorer at 15 20
[miner2] I am at (15,19) which is near (15,20)
[miner8] I am at (20,2) which is near (19,2)
[miner8] I chose to go near 12 20 Coordinates
[miner3] I am at (16,31) which is near (16,32)
[miner2] Red retriever 1 staying near explorer at 15 20
[miner3] I chose to go near 2 24 Coordinates
[miner2] I am at (15,19) which is near (15,20)
[miner2] Red retriever 1 staying near explorer at 15 20
[miner2] I am at (15,19) which is near (15,20)
[miner2] Red retriever 1 staying near explorer at 15 20
[miner2] I am at (15,19) which is near (15,20)
[miner2] Red retriever 1 staying near explorer at 15 20
[miner2] I am at (15,19) which is near (15,20)
[miner2] Red retriever 1 staying near explorer at 15 20
[miner2] I am at (15,19) which is near (15,20)
[miner2] Red retriever 1 staying near explorer at 15 20
[miner2] I am at (15,19) which is near (15,20)
[miner2] Red retriever 1 staying near explorer at 15 20
[miner5] I am at (0,16) which is near (0,15)
[miner5] I chose to go near 6 20 Coordinates
[miner2] I am at (15,19) which is near (15,20)
[miner2] Red retriever 1 staying near explorer at 15 20
[miner2] I am at (15,19) which is near (15,20)
[miner2] Red retriever 1 staying near explorer at 15 20
[miner2] I am at (15,19) which is near (15,20)
[miner2] Red retriever 1 staying near explorer at 15 20
[miner2] I am at (15,19) which is near (15,20)
[miner2] Red retriever 1 staying near explorer at 15 20
[miner2] I am at (15,19) which is near (15,20)
[miner1] I am at (33,10) which is near (33,9)
[miner1] I chose to go near 26 11 Coordinates
[miner2] Red retriever 1 staying near explorer at 15 20
[miner2] I am at (15,19) which is near (15,20)
[miner2] Red retriever 1 staying near explorer at 15 20
[miner2] I am at (15,19) which is near (15,20)
[miner2] Red retriever 1 staying near explorer at 15 20
[miner2] I am at (15,19) which is near (15,20)
[miner9] I am at (2,1) which is near (2,0)
[miner2] Red retriever 1 staying near explorer at 15 20
[miner9] I chose to go near 8 5 Coordinates
[miner2] I am at (15,19) which is near (15,20)
[miner2] Red retriever 1 staying near explorer at 15 20
[miner2] I am at (15,19) which is near (15,20)
[miner6] I am at (11,4) which is near (12,3)
[miner2] Red retriever 1 staying near explorer at 15 20
[miner6] I chose to go near 14 23 Coordinates
[miner1] I am at (27,10) which is near (26,11)
[miner1] I chose to go near 30 10 Coordinates
[miner2] I am at (15,19) which is near (15,20)
[miner2] Red retriever 1 staying near explorer at 15 20
[miner2] I am at (15,19) which is near (15,20)
[miner2] Red retriever 1 staying near explorer at 15 20
[miner2] I am at (15,19) which is near (15,20)
[miner1] I am at (29,10) which is near (30,10)
[miner1] I chose to go near 8 32 Coordinates
[miner2] Red retriever 1 staying near explorer at 15 20
[miner2] I am at (15,19) which is near (15,20)
[miner5] I am at (6,19) which is near (6,20)
[miner2] Red retriever 1 staying near explorer at 15 20
[miner5] I chose to go near 15 32 Coordinates
[miner2] I am at (15,19) which is near (15,20)
[miner2] Red retriever 1 staying near explorer at 15 20
[miner2] I am at (15,19) which is near (15,20)
[miner2] Red retriever 1 staying near explorer at 15 20
[miner2] I am at (15,19) which is near (15,20)
[miner2] Red retriever 1 staying near explorer at 15 20
[miner2] I am at (15,19) which is near (15,20)
[miner2] Red retriever 1 staying near explorer at 15 20
[miner2] I am at (15,19) which is near (15,20)
[miner2] Red retriever 1 staying near explorer at 15 20
[miner9] I am at (8,4) which is near (8,5)
[miner9] I chose to go near 1 32 Coordinates
[miner2] I am at (15,19) which is near (15,20)
[miner8] I am at (12,19) which is near (12,20)
[miner8] I chose to go near 3 18 Coordinates
[miner2] Red retriever 1 staying near explorer at 15 20
[miner2] I am at (15,19) which is near (15,20)
[miner2] Red retriever 1 staying near explorer at 15 20
[miner2] I am at (15,19) which is near (15,20)
[miner2] Red retriever 1 staying near explorer at 15 20
[miner2] I am at (15,19) which is near (15,20)
[miner2] Red retriever 1 staying near explorer at 15 20
[miner2] I am at (15,19) which is near (15,20)
[miner3] I am at (1,23) which is near (2,24)
[miner3] I chose to go near 0 32 Coordinates
[miner2] Red retriever 1 staying near explorer at 15 20
[miner2] I am at (15,19) which is near (15,20)
[miner2] Red retriever 1 staying near explorer at 15 20
[miner2] I am at (15,19) which is near (15,20)
[miner2] Red retriever 1 staying near explorer at 15 20
[miner8] I am at (4,18) which is near (3,18)
[miner2] I am at (15,19) which is near (15,20)
[miner8] I chose to go near 22 2 Coordinates
[miner2] Red retriever 1 staying near explorer at 15 20
[miner2] I am at (15,19) which is near (15,20)
[miner2] Red retriever 1 staying near explorer at 15 20
[miner6] I am at (14,22) which is near (14,23)
[miner2] I am at (15,19) which is near (15,20)
[miner6] I chose to go near 19 13 Coordinates
[miner2] Red retriever 1 staying near explorer at 15 20
[miner3] I am at (0,31) which is near (0,32)
[miner2] I am at (15,19) which is near (15,20)
[miner3] I chose to go near 6 24 Coordinates
[miner2] Red retriever 1 staying near explorer at 15 20
[miner5] I am at (11,32) and I can't get to' (15,32)
[miner2] I am at (15,19) which is near (15,20)
[miner5] I chose to go near 4 1 Coordinates
[miner2] Red retriever 1 staying near explorer at 15 20
[miner2] I am at (15,19) which is near (15,20)
[miner2] Red retriever 1 staying near explorer at 15 20
[miner2] I am at (15,19) which is near (15,20)
[miner2] Red retriever 1 staying near explorer at 15 20
[miner2] I am at (15,19) which is near (15,20)
[miner2] Red retriever 1 staying near explorer at 15 20
[miner2] I am at (15,19) which is near (15,20)
[miner2] Red retriever 1 staying near explorer at 15 20
[miner2] I am at (15,19) which is near (15,20)
[miner2] Red retriever 1 staying near explorer at 15 20
[miner2] I am at (15,19) which is near (15,20)
[miner2] Red retriever 1 staying near explorer at 15 20
[miner2] I am at (15,19) which is near (15,20)
[miner2] Red retriever 1 staying near explorer at 15 20
[miner7] I am at (17,13) which is near (17,12)
[miner7] I chose to go near 8 27 Coordinates
[miner2] I am at (15,19) which is near (15,20)
[miner2] Red retriever 1 staying near explorer at 15 20
[miner2] I am at (15,19) which is near (15,20)
[miner2] Red retriever 1 staying near explorer at 15 20
[miner2] I am at (15,19) which is near (15,20)
[miner2] Red retriever 1 staying near explorer at 15 20
[miner6] I am at (17,13) and I can't get to' (19,13)
[miner2] I am at (15,19) which is near (15,20)
[miner6] I chose to go near 27 2 Coordinates
[miner2] Red retriever 1 staying near explorer at 15 20
[miner2] I am at (15,19) which is near (15,20)
[miner2] Red retriever 1 staying near explorer at 15 20
[miner2] I am at (15,19) which is near (15,20)
[miner9] I am at (1,31) which is near (1,32)
[miner9] I chose to go near 32 1 Coordinates
[miner2] Red retriever 1 staying near explorer at 15 20
[miner2] I am at (15,19) which is near (15,20)
[miner2] Red retriever 1 staying near explorer at 15 20
[miner3] I am at (7,24) which is near (6,24)
[miner3] I chose to go near 25 19 Coordinates
[miner2] I am at (15,19) which is near (15,20)
[miner2] Red retriever 1 staying near explorer at 15 20
[miner2] I am at (15,19) which is near (15,20)
[miner2] Red retriever 1 staying near explorer at 15 20
[miner2] I am at (15,19) which is near (15,20)
[miner2] Red retriever 1 staying near explorer at 15 20
[miner2] I am at (15,19) which is near (15,20)
[miner2] Red retriever 1 staying near explorer at 15 20
[miner2] I am at (15,19) which is near (15,20)
[miner2] Red retriever 1 staying near explorer at 15 20
[miner2] I am at (15,19) which is near (15,20)
[miner2] Red retriever 1 staying near explorer at 15 20
[miner2] I am at (15,19) which is near (15,20)
[miner2] Red retriever 1 staying near explorer at 15 20
[miner2] I am at (15,19) which is near (15,20)
[miner2] Red retriever 1 staying near explorer at 15 20
[miner2] I am at (15,19) which is near (15,20)
[miner2] Red retriever 1 staying near explorer at 15 20
[miner2] I am at (15,19) which is near (15,20)
[miner6] I am at (27,3) which is near (27,2)
[miner2] Red retriever 1 staying near explorer at 15 20
[miner6] I chose to go near 4 30 Coordinates
[miner2] I am at (15,19) which is near (15,20)
[miner2] Red retriever 1 staying near explorer at 15 20
[miner2] I am at (15,19) which is near (15,20)
[miner2] Red retriever 1 staying near explorer at 15 20
[miner2] I am at (15,19) which is near (15,20)
[miner2] Red retriever 1 staying near explorer at 15 20
[miner8] I am at (22,3) which is near (22,2)
[miner2] I am at (15,19) which is near (15,20)
[miner8] I chose to go near 19 10 Coordinates
[miner2] Red retriever 1 staying near explorer at 15 20
[miner2] I am at (15,19) which is near (15,20)
[miner5] I am at (4,2) which is near (4,1)
[miner5] I chose to go near 1 30 Coordinates
[miner2] Red retriever 1 staying near explorer at 15 20
[miner2] I am at (15,19) which is near (15,20)
[miner1] I am at (1,32) and I can't get to' (8,32)
[miner2] Red retriever 1 staying near explorer at 15 20
[miner1] I chose to go near 2 23 Coordinates
[miner2] I am at (15,19) which is near (15,20)
[miner2] Red retriever 1 staying near explorer at 15 20
[miner2] I am at (15,19) which is near (15,20)
[miner2] Red retriever 1 staying near explorer at 15 20
[miner2] I am at (15,19) which is near (15,20)
[miner8] I am at (20,9) which is near (19,10)
[miner8] I chose to go near 9 18 Coordinates
[miner2] Red retriever 1 staying near explorer at 15 20
[miner2] I am at (15,19) which is near (15,20)
[miner2] Red retriever 1 staying near explorer at 15 20
[miner2] I am at (15,19) which is near (15,20)
[miner2] Red retriever 1 staying near explorer at 15 20
[miner2] I am at (15,19) which is near (15,20)
[miner2] Red retriever 1 staying near explorer at 15 20
[miner2] I am at (15,19) which is near (15,20)
[miner2] Red retriever 1 staying near explorer at 15 20
[miner2] I am at (15,19) which is near (15,20)
[miner2] Red retriever 1 staying near explorer at 15 20
[miner2] I am at (15,19) which is near (15,20)
[miner1] I am at (1,24) which is near (2,23)
[miner1] I chose to go near 18 9 Coordinates
[miner2] Red retriever 1 staying near explorer at 15 20
[miner2] I am at (15,19) which is near (15,20)
[miner2] Red retriever 1 staying near explorer at 15 20
[miner2] I am at (15,19) which is near (15,20)
[miner2] Red retriever 1 staying near explorer at 15 20
[miner2] I am at (15,19) which is near (15,20)
[miner2] Red retriever 1 staying near explorer at 15 20
[miner2] I am at (15,19) which is near (15,20)
[miner2] Red retriever 1 staying near explorer at 15 20
[miner2] I am at (15,19) which is near (15,20)
[miner2] Red retriever 1 staying near explorer at 15 20
[miner2] I am at (15,19) which is near (15,20)
[miner2] Red retriever 1 staying near explorer at 15 20
[miner2] I am at (15,19) which is near (15,20)
[miner2] Red retriever 1 staying near explorer at 15 20
[miner2] I am at (15,19) which is near (15,20)
[miner2] Red retriever 1 staying near explorer at 15 20
[miner2] I am at (15,19) which is near (15,20)
[miner2] Red retriever 1 staying near explorer at 15 20
[miner2] I am at (15,19) which is near (15,20)
[miner8] I am at (9,17) which is near (9,18)
[miner8] I chose to go near 11 17 Coordinates
[miner2] Red retriever 1 staying near explorer at 15 20
[miner2] I am at (15,19) which is near (15,20)
[miner3] I am at (25,20) which is near (25,19)
[miner8] I am at (10,17) which is near (11,17)
[miner3] I chose to go near 6 22 Coordinates
[miner8] I chose to go near 33 16 Coordinates
[miner2] Red retriever 1 staying near explorer at 15 20
[miner2] I am at (15,19) which is near (15,20)
[miner2] Red retriever 1 staying near explorer at 15 20
[miner5] I am at (1,29) which is near (1,30)
[miner2] I am at (15,19) which is near (15,20)
[miner5] I chose to go near 22 19 Coordinates
[miner2] Red retriever 1 staying near explorer at 15 20
[miner2] I am at (15,19) which is near (15,20)
[miner2] Red retriever 1 staying near explorer at 15 20
[miner2] I am at (15,19) which is near (15,20)
[miner2] Red retriever 1 staying near explorer at 15 20
[miner2] I am at (15,19) which is near (15,20)
[miner2] Red retriever 1 staying near explorer at 15 20
[miner2] I am at (15,19) which is near (15,20)
[miner2] Red retriever 1 staying near explorer at 15 20
[miner2] I am at (15,19) which is near (15,20)
[miner2] Red retriever 1 staying near explorer at 15 20
[miner2] I am at (15,19) which is near (15,20)
[miner7] I am at (8,28) which is near (8,27)
[miner7] I chose to go near 22 32 Coordinates
[miner2] Red retriever 1 staying near explorer at 15 20
[miner9] I am at (32,2) which is near (32,1)
[miner9] I chose to go near 13 12 Coordinates
[miner2] I am at (15,19) which is near (15,20)
[miner2] Red retriever 1 staying near explorer at 15 20
[miner2] I am at (15,19) which is near (15,20)
[miner2] Red retriever 1 staying near explorer at 15 20
[miner2] I am at (15,19) which is near (15,20)
[miner2] Red retriever 1 staying near explorer at 15 20
[miner2] I am at (15,19) which is near (15,20)
[miner3] I am at (7,21) which is near (6,22)
[miner2] Red retriever 1 staying near explorer at 15 20
[miner3] I chose to go near 11 9 Coordinates
[miner2] I am at (15,19) which is near (15,20)
[miner2] Red retriever 1 staying near explorer at 15 20
[miner2] I am at (15,19) which is near (15,20)
[miner2] Red retriever 1 staying near explorer at 15 20
[miner2] I am at (15,19) which is near (15,20)
[miner2] Red retriever 1 staying near explorer at 15 20
[miner2] I am at (15,19) which is near (15,20)
[miner2] Red retriever 1 staying near explorer at 15 20
[miner2] I am at (15,19) which is near (15,20)
[miner2] Red retriever 1 staying near explorer at 15 20
[miner6] I am at (3,30) which is near (4,30)
[miner2] I am at (15,19) which is near (15,20)
[miner6] I chose to go near 22 17 Coordinates
[miner2] Red retriever 1 staying near explorer at 15 20
[miner8] I am at (32,17) which is near (33,16)
[miner2] I am at (15,19) which is near (15,20)
[miner8] I chose to go near 20 6 Coordinates
[miner2] Red retriever 1 staying near explorer at 15 20
[miner2] I am at (15,19) which is near (15,20)
[miner2] Red retriever 1 staying near explorer at 15 20
[miner2] I am at (15,19) which is near (15,20)
[miner2] Red retriever 1 staying near explorer at 15 20
[miner2] I am at (15,19) which is near (15,20)
[miner1] I am at (18,10) which is near (18,9)
[miner1] I chose to go near 4 14 Coordinates
[miner2] Red retriever 1 staying near explorer at 15 20
[miner5] I am at (22,20) which is near (22,19)
[miner3] I am at (11,10) which is near (11,9)
[miner5] I chose to go near 4 9 Coordinates
[miner3] I chose to go near 26 9 Coordinates
[miner2] I am at (15,19) which is near (15,20)
[miner2] Red retriever 1 staying near explorer at 15 20
[miner2] I am at (15,19) which is near (15,20)
[miner2] Red retriever 1 staying near explorer at 15 20
[miner9] I am at (13,11) which is near (13,12)
[miner2] I am at (15,19) which is near (15,20)
[miner9] I chose to go near 0 6 Coordinates
[miner2] Red retriever 1 staying near explorer at 15 20
[miner2] I am at (15,19) which is near (15,20)
[miner2] Red retriever 1 staying near explorer at 15 20
[miner2] I am at (15,19) which is near (15,20)
[miner2] Red retriever 1 staying near explorer at 15 20
[miner2] I am at (15,19) which is near (15,20)
[miner2] Red retriever 1 staying near explorer at 15 20
[miner2] I am at (15,19) which is near (15,20)
[miner3] I am at (25,10) which is near (26,9)
[miner3] I chose to go near 14 21 Coordinates
[miner2] Red retriever 1 staying near explorer at 15 20
[miner2] I am at (15,19) which is near (15,20)
[miner2] Red retriever 1 staying near explorer at 15 20
[miner8] I am at (21,7) which is near (20,6)
[miner2] I am at (15,19) which is near (15,20)
[miner8] I chose to go near 16 4 Coordinates
[miner2] Red retriever 1 staying near explorer at 15 20
[miner2] I am at (15,19) which is near (15,20)
[miner2] Red retriever 1 staying near explorer at 15 20
[miner2] I am at (15,19) which is near (15,20)
[miner9] I am at (0,7) which is near (0,6)
[miner2] Red retriever 1 staying near explorer at 15 20
[miner9] I chose to go near 12 17 Coordinates
[miner2] I am at (15,19) which is near (15,20)
[miner2] Red retriever 1 staying near explorer at 15 20
[miner4] I am at (0,1) which is near (0,0)
[miner2] I am at (15,19) which is near (15,20)
[miner1] I am at (4,13) which is near (4,14)
[miner1] I chose to go near 4 11 Coordinates
[miner2] Red retriever 1 staying near explorer at 15 20
[miner8] I am at (16,5) which is near (16,4)
[miner8] I chose to go near 10 25 Coordinates
[miner2] I am at (15,19) which is near (15,20)
[miner1] I am at (4,12) which is near (4,11)
[miner1] I chose to go near 13 11 Coordinates
[miner2] Red retriever 1 staying near explorer at 15 20
[miner2] I am at (15,19) which is near (15,20)
[miner2] Red retriever 1 staying near explorer at 15 20
[miner5] I am at (4,10) which is near (4,9)
[miner5] I chose to go near 16 32 Coordinates
[miner2] I am at (15,19) which is near (15,20)
[miner6] I am at (22,18) which is near (22,17)
[miner7] I am at (21,33) which is near (22,32)
[miner6] I chose to go near 2 7 Coordinates
[miner7] I chose to go near 5 3 Coordinates
[miner2] Red retriever 1 staying near explorer at 15 20
[miner2] I am at (15,19) which is near (15,20)
[miner2] Red retriever 1 staying near explorer at 15 20
[miner2] I am at (15,19) which is near (15,20)
[miner2] Red retriever 1 staying near explorer at 15 20
[miner2] I am at (15,19) which is near (15,20)
[miner2] Red retriever 1 staying near explorer at 15 20
[miner2] I am at (15,19) which is near (15,20)
[miner1] I am at (12,12) which is near (13,11)
[miner1] I chose to go near 30 15 Coordinates
[miner3] I am at (15,20) which is near (14,21)
[miner3] I chose to go near 32 31 Coordinates
[miner2] Red retriever 1 staying near explorer at 15 20
[miner2] I am at (15,19) which is near (15,20)
[miner2] Red retriever 1 staying near explorer at 15 20
[miner2] I am at (15,19) which is near (15,20)
[miner2] Red retriever 1 staying near explorer at 15 20
[miner2] I am at (15,19) which is near (15,20)
[miner2] Red retriever 1 staying near explorer at 15 20
[miner2] I am at (15,19) which is near (15,20)
[miner2] Red retriever 1 staying near explorer at 15 20
[miner2] I am at (15,19) which is near (15,20)
[miner2] Red retriever 1 staying near explorer at 15 20
[miner2] I am at (15,19) which is near (15,20)
[miner2] Red retriever 1 staying near explorer at 15 20
[miner2] I am at (15,19) which is near (15,20)
[miner2] Red retriever 1 staying near explorer at 15 20
[miner2] I am at (15,19) which is near (15,20)
[miner2] Red retriever 1 staying near explorer at 15 20
[miner2] I am at (15,19) which is near (15,20)
[miner2] Red retriever 1 staying near explorer at 15 20
[miner2] I am at (15,19) which is near (15,20)
[miner2] Red retriever 1 staying near explorer at 15 20
[miner2] I am at (15,19) which is near (15,20)
[miner2] Red retriever 1 staying near explorer at 15 20
[miner2] I am at (15,19) which is near (15,20)
[miner2] Red retriever 1 staying near explorer at 15 20
[miner2] I am at (15,19) which is near (15,20)
[miner2] Red retriever 1 staying near explorer at 15 20
[miner2] I am at (15,19) which is near (15,20)
[miner2] Red retriever 1 staying near explorer at 15 20
[miner2] I am at (15,19) which is near (15,20)
[miner2] Red retriever 1 staying near explorer at 15 20
[miner4] I am at (33,1) which is near (34,0)
[miner2] I am at (15,19) which is near (15,20)
[miner2] Red retriever 1 staying near explorer at 15 20
[miner6] I am at (2,8) which is near (2,7)
[miner2] I am at (15,19) which is near (15,20)
[miner6] I chose to go near 9 33 Coordinates
[miner2] Red retriever 1 staying near explorer at 15 20
[miner2] I am at (15,19) which is near (15,20)
[miner2] Red retriever 1 staying near explorer at 15 20
[miner2] I am at (15,19) which is near (15,20)
[miner2] Red retriever 1 staying near explorer at 15 20
[miner2] I am at (15,19) which is near (15,20)
[miner5] I am at (16,31) which is near (16,32)
[miner2] Red retriever 1 staying near explorer at 15 20
[miner5] I chose to go near 11 30 Coordinates
[miner2] I am at (15,19) which is near (15,20)
[miner4] I am at (34,6) which is near (34,7)
[miner2] Red retriever 1 staying near explorer at 15 20
[miner2] I am at (15,19) which is near (15,20)
[miner2] Red retriever 1 staying near explorer at 15 20
[miner5] I am at (12,31) which is near (11,30)
[miner2] I am at (15,19) which is near (15,20)
[miner5] I chose to go near 3 15 Coordinates
[miner2] Red retriever 1 staying near explorer at 15 20
[miner2] I am at (15,19) which is near (15,20)
[miner3] I am at (32,30) which is near (32,31)
[miner1] I am at (30,14) which is near (30,15)
[miner3] I chose to go near 23 22 Coordinates
[miner1] I chose to go near 30 28 Coordinates
[miner2] Red retriever 1 staying near explorer at 15 20
[miner2] I am at (15,19) which is near (15,20)
[miner2] Red retriever 1 staying near explorer at 15 20
[miner2] I am at (15,19) which is near (15,20)
[miner2] Red retriever 1 staying near explorer at 15 20
[miner2] I am at (15,19) which is near (15,20)
[miner2] Red retriever 1 staying near explorer at 15 20
[miner2] I am at (15,19) which is near (15,20)
[miner2] Red retriever 1 staying near explorer at 15 20
[miner2] I am at (15,19) which is near (15,20)
[miner2] Red retriever 1 staying near explorer at 15 20
[miner2] I am at (15,19) which is near (15,20)
[miner2] Red retriever 1 staying near explorer at 15 20
[miner2] I am at (15,19) which is near (15,20)
[miner2] Red retriever 1 staying near explorer at 15 20
[miner2] I am at (15,19) which is near (15,20)
[miner2] Red retriever 1 staying near explorer at 15 20
[miner2] I am at (15,19) which is near (15,20)
[miner2] Red retriever 1 staying near explorer at 15 20
[miner2] I am at (15,19) which is near (15,20)
[miner2] Red retriever 1 staying near explorer at 15 20
[miner2] I am at (15,19) which is near (15,20)
[miner2] Red retriever 1 staying near explorer at 15 20
[miner2] I am at (15,19) which is near (15,20)
[miner2] Red retriever 1 staying near explorer at 15 20
[miner3] I am at (23,23) which is near (23,22)
[miner3] I chose to go near 2 30 Coordinates
[miner2] I am at (15,19) which is near (15,20)
[miner2] Red retriever 1 staying near explorer at 15 20
[miner2] I am at (15,19) which is near (15,20)
[miner1] I am at (30,27) which is near (30,28)
[miner1] I chose to go near 0 24 Coordinates
[miner2] Red retriever 1 staying near explorer at 15 20
[miner2] I am at (15,19) which is near (15,20)
[miner2] Red retriever 1 staying near explorer at 15 20
[miner2] I am at (15,19) which is near (15,20)
[miner2] Red retriever 1 staying near explorer at 15 20
[miner2] I am at (15,19) which is near (15,20)
[miner2] Red retriever 1 staying near explorer at 15 20
[miner2] I am at (15,19) which is near (15,20)
[miner2] Red retriever 1 staying near explorer at 15 20
[miner2] I am at (15,19) which is near (15,20)
[miner5] I am at (2,16) which is near (3,15)
[miner5] I chose to go near 28 23 Coordinates
[miner2] Red retriever 1 staying near explorer at 15 20
[miner2] I am at (15,19) which is near (15,20)
[miner2] Red retriever 1 staying near explorer at 15 20
[miner6] I am at (8,33) which is near (9,33)
[miner2] I am at (15,19) which is near (15,20)
[miner6] I chose to go near 29 16 Coordinates
[miner4] I am at (1,6) which is near (0,7)
[miner2] Red retriever 1 staying near explorer at 15 20
[miner2] I am at (15,19) which is near (15,20)
[miner7] I am at (5,4) which is near (5,3)
[miner7] I chose to go near 3 0 Coordinates
[miner2] Red retriever 1 staying near explorer at 15 20
[miner9] I am at (12,16) which is near (12,17)
[miner9] I chose to go near 1 32 Coordinates
[miner2] I am at (15,19) which is near (15,20)
[miner2] Red retriever 1 staying near explorer at 15 20
[miner2] I am at (15,19) which is near (15,20)
[miner2] Red retriever 1 staying near explorer at 15 20
[miner2] I am at (15,19) which is near (15,20)
[miner2] Red retriever 1 staying near explorer at 15 20
[miner4] I am at (0,13) which is near (0,14)
[miner2] I am at (15,19) which is near (15,20)
[miner2] Red retriever 1 staying near explorer at 15 20
[miner7] I am at (3,1) which is near (3,0)
[miner7] I chose to go near 18 8 Coordinates
[miner2] I am at (15,19) which is near (15,20)
[miner2] Red retriever 1 staying near explorer at 15 20
[miner2] I am at (15,19) which is near (15,20)
[miner2] Red retriever 1 staying near explorer at 15 20
[miner2] I am at (15,19) which is near (15,20)
[miner2] Red retriever 1 staying near explorer at 15 20
[miner3] I am at (1,29) which is near (2,30)
[miner2] I am at (15,19) which is near (15,20)
[miner3] I chose to go near 2 20 Coordinates
[miner2] Red retriever 1 staying near explorer at 15 20
[miner2] I am at (15,19) which is near (15,20)
[miner2] Red retriever 1 staying near explorer at 15 20
[miner2] I am at (15,19) which is near (15,20)
[miner2] Red retriever 1 staying near explorer at 15 20
[miner2] I am at (15,19) which is near (15,20)
[miner2] Red retriever 1 staying near explorer at 15 20
[miner2] I am at (15,19) which is near (15,20)
[miner2] Red retriever 1 staying near explorer at 15 20
[miner2] I am at (15,19) which is near (15,20)
[miner2] Red retriever 1 staying near explorer at 15 20
[miner3] I am at (2,21) which is near (2,20)
[miner2] I am at (15,19) which is near (15,20)
[miner3] I chose to go near 31 5 Coordinates
[miner2] Red retriever 1 staying near explorer at 15 20
[miner2] I am at (15,19) which is near (15,20)
[miner2] Red retriever 1 staying near explorer at 15 20
[miner2] I am at (15,19) which is near (15,20)
[miner2] Red retriever 1 staying near explorer at 15 20
[miner2] I am at (15,19) which is near (15,20)
[miner5] I am at (28,22) which is near (28,23)
[miner2] Red retriever 1 staying near explorer at 15 20
[miner5] I chose to go near 3 21 Coordinates
[miner9] I am at (1,31) which is near (1,32)
[miner2] I am at (15,19) which is near (15,20)
[miner9] I chose to go near 10 6 Coordinates
[miner2] Red retriever 1 staying near explorer at 15 20
[miner2] I am at (15,19) which is near (15,20)
[miner2] Red retriever 1 staying near explorer at 15 20
[miner2] I am at (15,19) which is near (15,20)
[miner2] Red retriever 1 staying near explorer at 15 20
[miner2] I am at (15,19) which is near (15,20)
[miner2] Red retriever 1 staying near explorer at 15 20
[miner2] I am at (15,19) which is near (15,20)
[miner2] Red retriever 1 staying near explorer at 15 20
[miner6] I am at (29,17) which is near (29,16)
[miner6] I chose to go near 18 18 Coordinates
[miner1] I am at (0,23) which is near (0,24)
[miner2] I am at (15,19) which is near (15,20)
[miner1] I chose to go near 27 13 Coordinates
[miner2] Red retriever 1 staying near explorer at 15 20
[miner2] I am at (15,19) which is near (15,20)
[miner7] I am at (18,7) which is near (18,8)
[miner2] Red retriever 1 staying near explorer at 15 20
[miner7] I chose to go near 15 14 Coordinates
[miner8] I am at (9,26) which is near (10,25)
[miner2] I am at (15,19) which is near (15,20)
[miner8] I chose to go near 19 28 Coordinates
[miner2] Red retriever 1 staying near explorer at 15 20
[miner2] I am at (15,19) which is near (15,20)
[miner2] Red retriever 1 staying near explorer at 15 20
[miner2] I am at (15,19) which is near (15,20)
[miner2] Red retriever 1 staying near explorer at 15 20
[miner2] I am at (15,19) which is near (15,20)
[miner2] Red retriever 1 staying near explorer at 15 20
[miner2] I am at (15,19) which is near (15,20)
[miner2] Red retriever 1 staying near explorer at 15 20
[miner2] I am at (15,19) which is near (15,20)
[miner2] Red retriever 1 staying near explorer at 15 20
[miner6] I am at (19,17) which is near (18,18)
[miner6] I chose to go near 23 18 Coordinates
[miner2] I am at (15,19) which is near (15,20)
[miner2] Red retriever 1 staying near explorer at 15 20
[miner2] I am at (15,19) which is near (15,20)
[miner4] I am at (34,13) which is near (34,14)
[miner2] Red retriever 1 staying near explorer at 15 20
[miner2] I am at (15,19) which is near (15,20)
[miner7] I am at (16,14) which is near (15,14)
[miner7] I chose to go near 31 8 Coordinates
[miner5] I am at (4,22) which is near (3,21)
[miner2] Red retriever 1 staying near explorer at 15 20
[miner6] I am at (22,17) which is near (23,18)
[miner5] I chose to go near 26 11 Coordinates
[miner6] I chose to go near 9 33 Coordinates
[miner2] I am at (15,19) which is near (15,20)
[miner2] Red retriever 1 staying near explorer at 15 20
[miner2] I am at (15,19) which is near (15,20)
[miner2] Red retriever 1 staying near explorer at 15 20
[leader] Time left: 3 seconds
[miner6] Leader says time left is 3 seconds
[miner3] Leader says time left is 3 seconds
[miner2] Leader says time left is 3 seconds
[miner7] Leader says time left is 3 seconds
[miner5] Leader says time left is 3 seconds
[miner4] Leader says time left is 3 seconds
[miner9] Leader says time left is 3 seconds
[miner1] Leader says time left is 3 seconds
[miner8] Leader says time left is 3 seconds
[miner2] I am at (15,19) which is near (15,20)
[miner2] Red retriever 1 staying near explorer at 15 20
[miner2] I am at (15,19) which is near (15,20)
[miner2] Red retriever 1 staying near explorer at 15 20
[miner2] I am at (15,19) which is near (15,20)
[miner4] I am at (34,20) which is near (34,21)
[miner2] Red retriever 1 staying near explorer at 15 20
[miner2] I am at (15,19) which is near (15,20)
[miner9] I am at (10,7) which is near (10,6)
[miner2] Red retriever 1 staying near explorer at 15 20
[miner9] I chose to go near 0 11 Coordinates
[miner2] I am at (15,19) which is near (15,20)
[miner2] Red retriever 1 staying near explorer at 15 20
[miner2] I am at (15,19) which is near (15,20)
[miner2] Red retriever 1 staying near explorer at 15 20
[miner2] I am at (15,19) which is near (15,20)
[miner2] Red retriever 1 staying near explorer at 15 20
[miner2] I am at (15,19) which is near (15,20)
[miner2] Red retriever 1 staying near explorer at 15 20
[miner2] I am at (15,19) which is near (15,20)
[miner2] Red retriever 1 staying near explorer at 15 20
[miner3] I am at (31,6) which is near (31,5)
[miner2] I am at (15,19) which is near (15,20)
[miner3] I chose to go near 19 6 Coordinates
[miner2] Red retriever 1 staying near explorer at 15 20
[miner2] I am at (15,19) which is near (15,20)
[miner2] Red retriever 1 staying near explorer at 15 20
[miner2] I am at (15,19) which is near (15,20)
[miner9] I am at (0,10) which is near (0,11)
[miner2] Red retriever 1 staying near explorer at 15 20
[miner9] I chose to go near 18 18 Coordinates
[miner2] I am at (15,19) which is near (15,20)
[miner2] Red retriever 1 staying near explorer at 15 20
[miner2] I am at (15,19) which is near (15,20)
[miner2] Red retriever 1 staying near explorer at 15 20
[miner2] I am at (15,19) which is near (15,20)
[miner2] Red retriever 1 staying near explorer at 15 20
[miner2] I am at (15,19) which is near (15,20)
[miner2] Red retriever 1 staying near explorer at 15 20
[miner7] I am at (31,9) which is near (31,8)
[miner2] I am at (15,19) which is near (15,20)
[miner7] I chose to go near 29 10 Coordinates
[miner2] Red retriever 1 staying near explorer at 15 20
[miner3] I am at (20,6) which is near (19,6)
[miner3] I chose to go near 13 1 Coordinates
[miner7] I am at (30,9) which is near (29,10)
[miner2] I am at (15,19) which is near (15,20)
[miner7] I chose to go near 3 4 Coordinates
[miner6] I am at (10,33) which is near (9,33)
[miner6] I chose to go near 18 0 Coordinates
[miner2] Red retriever 1 staying near explorer at 15 20
[miner8] I am at (18,29) which is near (19,28)
[miner8] I chose to go near 14 26 Coordinates
[miner2] I am at (15,19) which is near (15,20)
[miner2] Red retriever 1 staying near explorer at 15 20
[miner2] I am at (15,19) which is near (15,20)
[miner2] Red retriever 1 staying near explorer at 15 20
[miner2] I am at (15,19) which is near (15,20)
[miner2] Red retriever 1 staying near explorer at 15 20
[miner2] I am at (15,19) which is near (15,20)
[miner2] Red retriever 1 staying near explorer at 15 20
[miner8] I am at (15,27) which is near (14,26)
[miner8] I chose to go near 27 12 Coordinates
[miner1] I am at (27,14) which is near (27,13)
[miner2] I am at (15,19) which is near (15,20)
[miner1] I chose to go near 28 17 Coordinates
[miner3] I am at (14,2) which is near (13,1)
[miner3] I chose to go near 32 21 Coordinates
[miner2] Red retriever 1 staying near explorer at 15 20
[miner5] I am at (26,12) which is near (26,11)
[miner5] I chose to go near 19 20 Coordinates
[miner2] I am at (15,19) which is near (15,20)
[miner1] I am at (27,16) which is near (28,17)
[miner1] I chose to go near 0 4 Coordinates
[miner2] Red retriever 1 staying near explorer at 15 20
[miner4] I am at (1,21) which is near (0,21)
[miner2] I am at (15,19) which is near (15,20)
[miner2] Red retriever 1 staying near explorer at 15 20
[miner2] I am at (15,19) which is near (15,20)
[miner2] Red retriever 1 staying near explorer at 15 20
[miner2] I am at (15,19) which is near (15,20)
[miner2] Red retriever 1 staying near explorer at 15 20
[miner9] I am at (18,17) which is near (18,18)
[miner9] I chose to go near 18 21 Coordinates
[miner2] I am at (15,19) which is near (15,20)
[miner2] Red retriever 1 staying near explorer at 15 20
[miner2] I am at (15,19) which is near (15,20)
[miner2] Red retriever 1 staying near explorer at 15 20
[miner2] I am at (15,19) which is near (15,20)
[miner4] I am at (0,27) which is near (0,28)
[miner2] Red retriever 1 staying near explorer at 15 20
[miner2] I am at (15,19) which is near (15,20)
[miner9] I am at (18,20) which is near (18,21)
[miner9] I chose to go near 14 6 Coordinates
[miner5] I am at (20,19) which is near (19,20)
[miner5] I chose to go near 33 4 Coordinates
[miner2] Red retriever 1 staying near explorer at 15 20
[miner2] I am at (15,19) which is near (15,20)
[miner2] Red retriever 1 staying near explorer at 15 20
[miner2] I am at (15,19) which is near (15,20)
[miner2] Red retriever 1 staying near explorer at 15 20
[miner2] I am at (15,19) which is near (15,20)
[miner2] Red retriever 1 staying near explorer at 15 20
[miner2] I am at (15,19) which is near (15,20)
[miner2] Red retriever 1 staying near explorer at 15 20
[miner2] I am at (15,19) which is near (15,20)
[miner2] Red retriever 1 staying near explorer at 15 20
[miner6] I am at (18,1) which is near (18,0)
[miner2] I am at (15,19) which is near (15,20)
[miner6] I chose to go near 4 1 Coordinates
[miner2] Red retriever 1 staying near explorer at 15 20
[miner2] I am at (15,19) which is near (15,20)
[miner2] Red retriever 1 staying near explorer at 15 20
[miner2] I am at (15,19) which is near (15,20)
[miner7] I am at (3,5) which is near (3,4)
[miner7] I chose to go near 20 24 Coordinates
[miner2] Red retriever 1 staying near explorer at 15 20
[miner2] I am at (15,19) which is near (15,20)
[miner2] Red retriever 1 staying near explorer at 15 20
[miner2] I am at (15,19) which is near (15,20)
[miner2] Red retriever 1 staying near explorer at 15 20
[miner2] I am at (15,19) which is near (15,20)
[miner2] Red retriever 1 staying near explorer at 15 20
[miner2] I am at (15,19) which is near (15,20)
[miner2] Red retriever 1 staying near explorer at 15 20
[miner2] I am at (15,19) which is near (15,20)
[miner6] I am at (5,1) which is near (4,1)
[miner2] Red retriever 1 staying near explorer at 15 20
[miner6] I chose to go near 6 21 Coordinates
[miner2] I am at (15,19) which is near (15,20)
[miner9] I am at (13,7) which is near (14,6)
[miner2] Red retriever 1 staying near explorer at 15 20
[miner9] I chose to go near 9 7 Coordinates
[miner2] I am at (15,19) which is near (15,20)
[miner3] I am at (31,20) which is near (32,21)
[miner2] Red retriever 1 staying near explorer at 15 20
[miner3] I chose to go near 29 2 Coordinates
[miner2] I am at (15,19) which is near (15,20)
[miner5] I am at (33,5) which is near (33,4)
[miner2] Red retriever 1 staying near explorer at 15 20
[miner5] I chose to go near 4 21 Coordinates
[miner2] I am at (15,19) which is near (15,20)
[miner2] Red retriever 1 staying near explorer at 15 20
[miner2] I am at (15,19) which is near (15,20)
[miner9] I am at (10,7) which is near (9,7)
[miner2] Red retriever 1 staying near explorer at 15 20
[miner9] I chose to go near 18 17 Coordinates
[miner2] I am at (15,19) which is near (15,20)
[miner2] Red retriever 1 staying near explorer at 15 20
[miner2] I am at (15,19) which is near (15,20)
[miner2] Red retriever 1 staying near explorer at 15 20
[miner2] I am at (15,19) which is near (15,20)
[miner2] Red retriever 1 staying near explorer at 15 20
[miner2] I am at (15,19) which is near (15,20)
[miner2] Red retriever 1 staying near explorer at 15 20
[miner2] I am at (15,19) which is near (15,20)
[miner2] Red retriever 1 staying near explorer at 15 20
[miner2] I am at (15,19) which is near (15,20)
[miner2] Red retriever 1 staying near explorer at 15 20
[miner2] I am at (15,19) which is near (15,20)
[miner2] Red retriever 1 staying near explorer at 15 20
[miner2] I am at (15,19) which is near (15,20)
[miner2] Red retriever 1 staying near explorer at 15 20
[miner2] I am at (15,19) which is near (15,20)
[miner2] Red retriever 1 staying near explorer at 15 20
[miner2] I am at (15,19) which is near (15,20)
[miner2] Red retriever 1 staying near explorer at 15 20
[miner2] I am at (15,19) which is near (15,20)
[miner2] Red retriever 1 staying near explorer at 15 20
[miner2] I am at (15,19) which is near (15,20)
[miner2] Red retriever 1 staying near explorer at 15 20
[miner2] I am at (15,19) which is near (15,20)
[miner2] Red retriever 1 staying near explorer at 15 20
[miner2] I am at (15,19) which is near (15,20)
[miner2] Red retriever 1 staying near explorer at 15 20
[miner1] I am at (0,5) which is near (0,4)
[miner2] I am at (15,19) which is near (15,20)
[miner6] I am at (6,20) which is near (6,21)
[miner1] I chose to go near 30 30 Coordinates
[miner2] Red retriever 1 staying near explorer at 15 20
[miner6] I chose to go near 2 4 Coordinates
[miner2] I am at (15,19) which is near (15,20)
[miner2] Red retriever 1 staying near explorer at 15 20
[miner2] I am at (15,19) which is near (15,20)
[miner2] Red retriever 1 staying near explorer at 15 20
[miner2] I am at (15,19) which is near (15,20)
[miner2] Red retriever 1 staying near explorer at 15 20
[miner4] I am at (34,27) which is near (34,28)
[miner2] I am at (15,19) which is near (15,20)
[miner3] I am at (29,3) which is near (29,2)
[miner2] Red retriever 1 staying near explorer at 15 20
[miner3] I chose to go near 1 10 Coordinates
[miner9] I am at (18,16) which is near (18,17)
[miner2] I am at (15,19) which is near (15,20)
[miner9] I chose to go near 11 0 Coordinates
[miner2] Red retriever 1 staying near explorer at 15 20
[miner2] I am at (15,19) which is near (15,20)
[miner2] Red retriever 1 staying near explorer at 15 20
[miner2] I am at (15,19) which is near (15,20)
[miner2] Red retriever 1 staying near explorer at 15 20
[miner2] I am at (15,19) which is near (15,20)
[miner2] Red retriever 1 staying near explorer at 15 20
[miner2] I am at (15,19) which is near (15,20)
[miner2] Red retriever 1 staying near explorer at 15 20
[miner8] I am at (27,13) which is near (27,12)
[miner6] I am at (2,5) which is near (2,4)
[miner7] I am at (20,23) which is near (20,24)
[miner6] I chose to go near 23 31 Coordinates
[miner2] I am at (15,19) which is near (15,20)
[miner8] I chose to go near 17 22 Coordinates
[miner7] I chose to go near 14 4 Coordinates
[miner2] Red retriever 1 staying near explorer at 15 20
[miner2] I am at (15,19) which is near (15,20)
[miner2] Red retriever 1 staying near explorer at 15 20
[miner2] I am at (15,19) which is near (15,20)
[miner2] Red retriever 1 staying near explorer at 15 20
[miner2] I am at (15,19) which is near (15,20)
[miner2] Red retriever 1 staying near explorer at 15 20
[miner5] I am at (4,20) which is near (4,21)
[miner5] I chose to go near 23 16 Coordinates
[miner2] I am at (15,19) which is near (15,20)
[miner9] I am at (11,1) which is near (11,0)
[miner2] Red retriever 1 staying near explorer at 15 20
[miner9] I chose to go near 17 4 Coordinates
[miner2] I am at (15,19) which is near (15,20)
[miner2] Red retriever 1 staying near explorer at 15 20
[miner2] I am at (15,19) which is near (15,20)
[miner2] Red retriever 1 staying near explorer at 15 20
[miner2] I am at (15,19) which is near (15,20)
[miner2] Red retriever 1 staying near explorer at 15 20
[miner2] I am at (15,19) which is near (15,20)
[miner9] I am at (17,3) which is near (17,4)
[miner2] Red retriever 1 staying near explorer at 15 20
[miner9] I chose to go near 29 16 Coordinates
[miner2] I am at (15,19) which is near (15,20)
[miner2] Red retriever 1 staying near explorer at 15 20
[miner3] I am at (1,9) which is near (1,10)
[miner2] I am at (15,19) which is near (15,20)
[miner3] I chose to go near 10 7 Coordinates
[miner2] Red retriever 1 staying near explorer at 15 20
[miner2] I am at (15,19) which is near (15,20)
[miner8] I am at (17,21) which is near (17,22)
[miner2] Red retriever 1 staying near explorer at 15 20
[miner8] I chose to go near 2 12 Coordinates
[miner2] I am at (15,19) which is near (15,20)
[miner2] Red retriever 1 staying near explorer at 15 20
[miner2] I am at (15,19) which is near (15,20)
[miner2] Red retriever 1 staying near explorer at 15 20
[miner2] I am at (15,19) which is near (15,20)
[miner2] Red retriever 1 staying near explorer at 15 20
[miner5] I am at (22,17) which is near (23,16)
[miner3] I am at (10,8) which is near (10,7)
[miner5] I chose to go near 25 28 Coordinates
[miner2] I am at (15,19) which is near (15,20)
[miner3] I chose to go near 26 19 Coordinates
[miner2] Red retriever 1 staying near explorer at 15 20
[miner2] I am at (15,19) which is near (15,20)
[miner2] Red retriever 1 staying near explorer at 15 20
[miner2] I am at (15,19) which is near (15,20)
[miner7] I am at (14,5) which is near (14,4)
[miner2] Red retriever 1 staying near explorer at 15 20
[miner7] I chose to go near 10 8 Coordinates
[miner2] I am at (15,19) which is near (15,20)
[miner2] Red retriever 1 staying near explorer at 15 20
[miner2] I am at (15,19) which is near (15,20)
[miner2] Red retriever 1 staying near explorer at 15 20
[miner2] I am at (15,19) which is near (15,20)
[miner2] Red retriever 1 staying near explorer at 15 20
[miner2] I am at (15,19) which is near (15,20)
[miner2] Red retriever 1 staying near explorer at 15 20
[miner2] I am at (15,19) which is near (15,20)
[miner2] Red retriever 1 staying near explorer at 15 20
[miner2] I am at (15,19) which is near (15,20)
[miner9] I am at (29,15) which is near (29,16)
[miner9] I chose to go near 1 9 Coordinates
[miner2] Red retriever 1 staying near explorer at 15 20
[miner2] I am at (15,19) which is near (15,20)
[miner2] Red retriever 1 staying near explorer at 15 20
[miner2] I am at (15,19) which is near (15,20)
[miner2] Red retriever 1 staying near explorer at 15 20
[miner2] I am at (15,19) which is near (15,20)
[miner2] Red retriever 1 staying near explorer at 15 20
[miner7] I am at (10,7) which is near (10,8)
[miner5] I am at (25,27) which is near (25,28)
[miner7] I chose to go near 4 15 Coordinates
[miner2] I am at (15,19) which is near (15,20)
[miner5] I chose to go near 30 6 Coordinates
[miner8] I am at (2,13) which is near (2,12)
[miner8] I chose to go near 16 24 Coordinates
[miner2] Red retriever 1 staying near explorer at 15 20
[miner2] I am at (15,19) which is near (15,20)
[miner2] Red retriever 1 staying near explorer at 15 20
[miner2] I am at (15,19) which is near (15,20)
[miner2] Red retriever 1 staying near explorer at 15 20
[miner2] I am at (15,19) which is near (15,20)
[miner4] I am at (0,1) which is near (0,0)
[miner2] Red retriever 1 staying near explorer at 15 20
[miner2] I am at (15,19) which is near (15,20)
[miner2] Red retriever 1 staying near explorer at 15 20
[miner2] I am at (15,19) which is near (15,20)
[miner1] I am at (30,29) which is near (30,30)
[miner2] Red retriever 1 staying near explorer at 15 20
[miner1] I chose to go near 31 9 Coordinates
[miner2] I am at (15,19) which is near (15,20)
[miner2] Red retriever 1 staying near explorer at 15 20
[miner2] I am at (15,19) which is near (15,20)
[miner2] Red retriever 1 staying near explorer at 15 20
[miner2] I am at (15,19) which is near (15,20)
[miner2] Red retriever 1 staying near explorer at 15 20
[miner3] I am at (26,18) which is near (26,19)
[miner3] I chose to go near 17 16 Coordinates
[miner2] I am at (15,19) which is near (15,20)
[miner2] Red retriever 1 staying near explorer at 15 20
[miner2] I am at (15,19) which is near (15,20)
[miner2] Red retriever 1 staying near explorer at 15 20
[miner2] I am at (15,19) which is near (15,20)
[miner7] I am at (4,14) which is near (4,15)
[miner7] I chose to go near 29 11 Coordinates
[miner3] I am at (18,17) which is near (17,16)
[miner2] Red retriever 1 staying near explorer at 15 20
[miner3] I chose to go near 29 3 Coordinates
[miner2] I am at (15,19) which is near (15,20)
[miner9] I am at (1,10) which is near (1,9)
[miner2] Red retriever 1 staying near explorer at 15 20
[miner9] I chose to go near 29 6 Coordinates
[miner2] I am at (15,19) which is near (15,20)
[miner2] Red retriever 1 staying near explorer at 15 20
[miner2] I am at (15,19) which is near (15,20)
[miner2] Red retriever 1 staying near explorer at 15 20
[miner2] I am at (15,19) which is near (15,20)
[miner2] Red retriever 1 staying near explorer at 15 20
[miner5] I am at (30,7) which is near (30,6)
[miner5] I chose to go near 27 19 Coordinates
[miner2] I am at (15,19) which is near (15,20)
[miner2] Red retriever 1 staying near explorer at 15 20
[miner2] I am at (15,19) which is near (15,20)
[miner2] Red retriever 1 staying near explorer at 15 20
[miner2] I am at (15,19) which is near (15,20)
[miner2] Red retriever 1 staying near explorer at 15 20
[miner8] I am at (16,23) which is near (16,24)
[miner8] I chose to go near 27 25 Coordinates
[miner2] I am at (15,19) which is near (15,20)
[miner2] Red retriever 1 staying near explorer at 15 20
[miner2] I am at (15,19) which is near (15,20)
[miner2] Red retriever 1 staying near explorer at 15 20
[miner1] I am at (31,10) which is near (31,9)
[miner1] I chose to go near 20 0 Coordinates
[miner2] I am at (15,19) which is near (15,20)
[miner2] Red retriever 1 staying near explorer at 15 20
[miner2] I am at (15,19) which is near (15,20)
[miner2] Red retriever 1 staying near explorer at 15 20
[miner2] I am at (15,19) which is near (15,20)
[miner2] Red retriever 1 staying near explorer at 15 20
[miner5] I am at (27,18) which is near (27,19)
[miner2] I am at (15,19) which is near (15,20)
[miner5] I chose to go near 33 21 Coordinates
[miner2] Red retriever 1 staying near explorer at 15 20
[miner3] I am at (29,4) which is near (29,3)
[miner3] I chose to go near 27 16 Coordinates
[miner2] I am at (15,19) which is near (15,20)
[miner2] Red retriever 1 staying near explorer at 15 20
[miner2] I am at (15,19) which is near (15,20)
[miner4] I am at (33,1) which is near (34,0)
[miner2] Red retriever 1 staying near explorer at 15 20
[miner2] I am at (15,19) which is near (15,20)
[miner2] Red retriever 1 staying near explorer at 15 20
[miner8] I am at (27,24) which is near (27,25)
[miner8] I chose to go near 12 11 Coordinates
[miner2] I am at (15,19) which is near (15,20)
[miner2] Red retriever 1 staying near explorer at 15 20
[miner2] I am at (15,19) which is near (15,20)
[miner5] I am at (32,21) which is near (33,21)
[miner4] I am at (34,6) which is near (34,7)
[miner5] I chose to go near 0 21 Coordinates
[miner2] Red retriever 1 staying near explorer at 15 20
[miner2] I am at (15,19) which is near (15,20)
[miner2] Red retriever 1 staying near explorer at 15 20
[miner2] I am at (15,19) which is near (15,20)
[miner2] Red retriever 1 staying near explorer at 15 20
[miner2] I am at (15,19) which is near (15,20)
[miner2] Red retriever 1 staying near explorer at 15 20
[miner2] I am at (15,19) which is near (15,20)
[miner3] I am at (27,15) which is near (27,16)
[miner3] I chose to go near 5 2 Coordinates
[miner2] Red retriever 1 staying near explorer at 15 20
[miner9] I am at (29,7) which is near (29,6)
[miner2] I am at (15,19) which is near (15,20)
[miner9] I chose to go near 8 6 Coordinates
[miner7] I am at (28,12) which is near (29,11)
[miner2] Red retriever 1 staying near explorer at 15 20
[miner7] I chose to go near 12 12 Coordinates
[miner2] I am at (15,19) which is near (15,20)
[miner2] Red retriever 1 staying near explorer at 15 20
[miner2] I am at (15,19) which is near (15,20)
[miner2] Red retriever 1 staying near explorer at 15 20
[miner2] I am at (15,19) which is near (15,20)
[miner2] Red retriever 1 staying near explorer at 15 20
[miner1] I am at (20,1) which is near (20,0)
[miner2] I am at (15,19) which is near (15,20)
[miner1] I chose to go near 12 22 Coordinates
[miner2] Red retriever 1 staying near explorer at 15 20
[miner2] I am at (15,19) which is near (15,20)
[miner2] Red retriever 1 staying near explorer at 15 20
[miner6] I am at (23,30) which is near (23,31)
[miner2] I am at (15,19) which is near (15,20)
[miner6] I chose to go near 15 5 Coordinates
[miner2] Red retriever 1 staying near explorer at 15 20
[miner2] I am at (15,19) which is near (15,20)
[miner2] Red retriever 1 staying near explorer at 15 20
[miner2] I am at (15,19) which is near (15,20)
[miner2] Red retriever 1 staying near explorer at 15 20
[miner2] I am at (15,19) which is near (15,20)
[miner2] Red retriever 1 staying near explorer at 15 20
[miner2] I am at (15,19) which is near (15,20)
[miner2] Red retriever 1 staying near explorer at 15 20
[miner2] I am at (15,19) which is near (15,20)
[miner2] Red retriever 1 staying near explorer at 15 20
[miner7] I am at (13,12) which is near (12,12)
[miner9] I am at (9,7) which is near (8,6)
[miner5] I am at (1,21) which is near (0,21)
[miner7] I chose to go near 25 16 Coordinates
[miner8] I am at (12,12) which is near (12,11)
[miner2] I am at (15,19) which is near (15,20)
[miner5] I chose to go near 29 21 Coordinates
[miner9] I chose to go near 25 3 Coordinates
[miner8] I chose to go near 17 11 Coordinates
[miner2] Red retriever 1 staying near explorer at 15 20
[miner2] I am at (15,19) which is near (15,20)
[miner2] Red retriever 1 staying near explorer at 15 20
[miner2] I am at (15,19) which is near (15,20)
[miner2] Red retriever 1 staying near explorer at 15 20
[miner4] I am at (1,6) which is near (0,7)
[miner2] I am at (15,19) which is near (15,20)
[miner8] I am at (16,12) which is near (17,11)
[miner8] I chose to go near 26 10 Coordinates
[miner2] Red retriever 1 staying near explorer at 15 20
[miner3] I am at (5,3) which is near (5,2)
[miner3] I chose to go near 0 13 Coordinates
[miner2] I am at (15,19) which is near (15,20)
[miner2] Red retriever 1 staying near explorer at 15 20
[miner2] I am at (15,19) which is near (15,20)
[miner2] Red retriever 1 staying near explorer at 15 20
[miner4] I am at (0,13) which is near (0,14)
[miner2] I am at (15,19) which is near (15,20)
[miner2] Red retriever 1 staying near explorer at 15 20
[miner2] I am at (15,19) which is near (15,20)
[miner2] Red retriever 1 staying near explorer at 15 20
[miner2] I am at (15,19) which is near (15,20)
[miner2] Red retriever 1 staying near explorer at 15 20
[miner8] I am at (26,11) which is near (26,10)
[miner2] I am at (15,19) which is near (15,20)
[miner8] I chose to go near 15 2 Coordinates
[miner2] Red retriever 1 staying near explorer at 15 20
[miner2] I am at (15,19) which is near (15,20)
[miner7] I am at (25,15) which is near (25,16)
[miner7] I chose to go near 4 5 Coordinates
[miner2] Red retriever 1 staying near explorer at 15 20
[miner9] I am at (25,4) which is near (25,3)
[miner3] I am at (0,12) which is near (0,13)
[miner9] I chose to go near 30 17 Coordinates
[miner3] I chose to go near 28 28 Coordinates
[miner2] I am at (15,19) which is near (15,20)
[miner6] I am at (15,6) which is near (15,5)
[miner6] I chose to go near 6 23 Coordinates
[miner2] Red retriever 1 staying near explorer at 15 20
[miner2] I am at (15,19) which is near (15,20)
[miner5] I am at (28,21) which is near (29,21)
[miner5] I chose to go near 30 29 Coordinates
[miner2] Red retriever 1 staying near explorer at 15 20
[miner1] I am at (12,21) which is near (12,22)
[miner1] I chose to go near 14 25 Coordinates
[miner2] I am at (15,19) which is near (15,20)
[miner2] Red retriever 1 staying near explorer at 15 20
[miner2] I am at (15,19) which is near (15,20)
[miner2] Red retriever 1 staying near explorer at 15 20
[miner2] I am at (15,19) which is near (15,20)
[miner2] Red retriever 1 staying near explorer at 15 20
[miner5] I am at (30,28) which is near (30,29)
[miner8] I am at (16,3) which is near (15,2)
[miner8] I chose to go near 32 27 Coordinates
[miner5] I chose to go near 11 27 Coordinates
[miner2] I am at (15,19) which is near (15,20)
[miner1] I am at (14,24) which is near (14,25)
[miner1] I chose to go near 28 26 Coordinates
[miner2] Red retriever 1 staying near explorer at 15 20
[miner2] I am at (15,19) which is near (15,20)
[miner2] Red retriever 1 staying near explorer at 15 20
[miner2] I am at (15,19) which is near (15,20)
[miner9] I am at (30,16) which is near (30,17)
[miner2] Red retriever 1 staying near explorer at 15 20
[miner9] I chose to go near 4 6 Coordinates
[miner2] I am at (15,19) which is near (15,20)
[miner2] Red retriever 1 staying near explorer at 15 20
[miner2] I am at (15,19) which is near (15,20)
[miner2] Red retriever 1 staying near explorer at 15 20
[miner2] I am at (15,19) which is near (15,20)
[miner2] Red retriever 1 staying near explorer at 15 20
[miner2] I am at (15,19) which is near (15,20)
[miner2] Red retriever 1 staying near explorer at 15 20
[miner2] I am at (15,19) which is near (15,20)
[miner5] I am at (12,27) which is near (11,27)
[miner5] I chose to go near 26 23 Coordinates
[miner2] Red retriever 1 staying near explorer at 15 20
[miner6] I am at (1,23) and I can't get to' (6,23)
[miner6] I chose to go near 15 18 Coordinates
[miner2] I am at (15,19) which is near (15,20)
[miner2] Red retriever 1 staying near explorer at 15 20
[miner1] I am at (28,25) which is near (28,26)
[miner1] I chose to go near 1 15 Coordinates
[miner4] I am at (34,13) which is near (34,14)
[miner2] I am at (15,19) which is near (15,20)
[miner2] Red retriever 1 staying near explorer at 15 20
[miner7] I am at (4,6) which is near (4,5)
[miner2] I am at (15,19) which is near (15,20)
[miner7] I chose to go near 3 0 Coordinates
[miner2] Red retriever 1 staying near explorer at 15 20
[miner2] I am at (15,19) which is near (15,20)
[miner2] Red retriever 1 staying near explorer at 15 20
[miner2] I am at (15,19) which is near (15,20)
[miner2] Red retriever 1 staying near explorer at 15 20
[miner7] I am at (3,1) which is near (3,0)
[miner3] I am at (28,27) which is near (28,28)
[miner2] I am at (15,19) which is near (15,20)
[miner7] I chose to go near 30 27 Coordinates
[miner3] I chose to go near 33 20 Coordinates
[miner2] Red retriever 1 staying near explorer at 15 20
[miner4] I am at (34,20) which is near (34,21)
[miner6] I am at (15,19) which is near (15,18)
[miner2] I am at (15,19) which is near (15,20)
[miner6] I chose to go near 18 13 Coordinates
[miner2] Red retriever 1 staying near explorer at 15 20
[miner5] I am at (26,24) which is near (26,23)
[miner5] I chose to go near 12 11 Coordinates
[miner2] I am at (15,19) which is near (15,20)
[miner2] Red retriever 1 staying near explorer at 15 20
[miner2] I am at (15,19) which is near (15,20)
[miner2] Red retriever 1 staying near explorer at 15 20
[miner2] I am at (15,19) which is near (15,20)
[miner2] Red retriever 1 staying near explorer at 15 20
[miner6] I am at (17,14) which is near (18,13)
[miner3] I am at (33,21) which is near (33,20)
[miner6] I chose to go near 25 32 Coordinates
[miner8] I am at (32,26) which is near (32,27)
[miner3] I chose to go near 9 13 Coordinates
[miner2] I am at (15,19) which is near (15,20)
[miner8] I chose to go near 10 13 Coordinates
[miner2] Red retriever 1 staying near explorer at 15 20
[miner2] I am at (15,19) which is near (15,20)
[miner2] Red retriever 1 staying near explorer at 15 20
[miner2] I am at (15,19) which is near (15,20)
[miner2] Red retriever 1 staying near explorer at 15 20
[miner2] I am at (15,19) which is near (15,20)
[miner9] I am at (4,7) which is near (4,6)
[miner9] I chose to go near 10 32 Coordinates
[miner2] Red retriever 1 staying near explorer at 15 20
[miner2] I am at (15,19) which is near (15,20)
[miner2] Red retriever 1 staying near explorer at 15 20
[miner2] I am at (15,19) which is near (15,20)
[miner2] Red retriever 1 staying near explorer at 15 20
[miner2] I am at (15,19) which is near (15,20)
[miner2] Red retriever 1 staying near explorer at 15 20
[miner2] I am at (15,19) which is near (15,20)
[miner2] Red retriever 1 staying near explorer at 15 20
[miner2] I am at (15,19) which is near (15,20)
[miner2] Red retriever 1 staying near explorer at 15 20
[miner2] I am at (15,19) which is near (15,20)
[miner2] Red retriever 1 staying near explorer at 15 20
[miner2] I am at (15,19) which is near (15,20)
[miner2] Red retriever 1 staying near explorer at 15 20
[miner2] I am at (15,19) which is near (15,20)
[miner2] Red retriever 1 staying near explorer at 15 20
[miner2] I am at (15,19) which is near (15,20)
[miner2] Red retriever 1 staying near explorer at 15 20
[miner2] I am at (15,19) which is near (15,20)
[miner2] Red retriever 1 staying near explorer at 15 20
[miner2] I am at (15,19) which is near (15,20)
[miner2] Red retriever 1 staying near explorer at 15 20
[miner2] I am at (15,19) which is near (15,20)
[miner2] Red retriever 1 staying near explorer at 15 20
[miner6] I am at (25,31) which is near (25,32)
[miner2] I am at (15,19) which is near (15,20)
[miner6] I chose to go near 28 18 Coordinates
[miner2] Red retriever 1 staying near explorer at 15 20
[miner2] I am at (15,19) which is near (15,20)
[miner2] Red retriever 1 staying near explorer at 15 20
[miner4] I am at (1,21) which is near (0,21)
[miner2] I am at (15,19) which is near (15,20)
[miner1] I am at (1,16) which is near (1,15)
[miner2] Red retriever 1 staying near explorer at 15 20
[miner1] I chose to go near 5 13 Coordinates
[miner2] I am at (15,19) which is near (15,20)
[miner3] I am at (9,14) which is near (9,13)
[miner2] Red retriever 1 staying near explorer at 15 20
[miner3] I chose to go near 9 1 Coordinates
[miner2] I am at (15,19) which is near (15,20)
[miner2] Red retriever 1 staying near explorer at 15 20
[miner2] I am at (15,19) which is near (15,20)
[miner2] Red retriever 1 staying near explorer at 15 20
[miner2] I am at (15,19) which is near (15,20)
[miner2] Red retriever 1 staying near explorer at 15 20
[miner2] I am at (15,19) which is near (15,20)
[miner2] Red retriever 1 staying near explorer at 15 20
[miner1] I am at (5,14) which is near (5,13)
[miner2] I am at (15,19) which is near (15,20)
[miner1] I chose to go near 27 29 Coordinates
[miner4] I am at (0,27) which is near (0,28)
[miner2] Red retriever 1 staying near explorer at 15 20
[miner2] I am at (15,19) which is near (15,20)
[miner2] Red retriever 1 staying near explorer at 15 20
[miner2] I am at (15,19) which is near (15,20)
[miner9] I am at (1,32) and I can't get to' (10,32)
[miner2] Red retriever 1 staying near explorer at 15 20
[miner9] I chose to go near 3 24 Coordinates
[miner2] I am at (15,19) which is near (15,20)
[miner6] I am at (27,19) which is near (28,18)
[miner6] I chose to go near 12 4 Coordinates
[miner2] Red retriever 1 staying near explorer at 15 20
[miner2] I am at (15,19) which is near (15,20)
[miner2] Red retriever 1 staying near explorer at 15 20
[miner2] I am at (15,19) which is near (15,20)
[miner2] Red retriever 1 staying near explorer at 15 20
[miner3] I am at (9,2) which is near (9,1)
[miner3] I chose to go near 15 26 Coordinates
[miner2] I am at (15,19) which is near (15,20)
[miner2] Red retriever 1 staying near explorer at 15 20
[miner2] I am at (15,19) which is near (15,20)
[miner2] Red retriever 1 staying near explorer at 15 20
[miner2] I am at (15,19) which is near (15,20)
[miner2] Red retriever 1 staying near explorer at 15 20
[miner2] I am at (15,19) which is near (15,20)
[miner2] Red retriever 1 staying near explorer at 15 20
[miner2] I am at (15,19) which is near (15,20)
[miner2] Red retriever 1 staying near explorer at 15 20
[miner2] I am at (15,19) which is near (15,20)
[miner2] Red retriever 1 staying near explorer at 15 20
[miner2] I am at (15,19) which is near (15,20)
[miner2] Red retriever 1 staying near explorer at 15 20
[miner2] I am at (15,19) which is near (15,20)
[miner2] Red retriever 1 staying near explorer at 15 20
[miner2] I am at (15,19) which is near (15,20)
[miner2] Red retriever 1 staying near explorer at 15 20
[miner2] I am at (15,19) which is near (15,20)
[miner2] Red retriever 1 staying near explorer at 15 20
[miner2] I am at (15,19) which is near (15,20)
[miner2] Red retriever 1 staying near explorer at 15 20
[miner2] I am at (15,19) which is near (15,20)
[miner2] Red retriever 1 staying near explorer at 15 20
[miner2] I am at (15,19) which is near (15,20)
[miner7] I am at (30,26) which is near (30,27)
[miner7] I chose to go near 16 22 Coordinates
[miner2] Red retriever 1 staying near explorer at 15 20
[miner2] I am at (15,19) which is near (15,20)
[miner2] Red retriever 1 staying near explorer at 15 20
[miner2] I am at (15,19) which is near (15,20)
[miner6] I am at (12,5) which is near (12,4)
[miner2] Red retriever 1 staying near explorer at 15 20
[miner6] I chose to go near 11 1 Coordinates
[miner9] I am at (4,24) which is near (3,24)
[miner2] I am at (15,19) which is near (15,20)
[miner9] I chose to go near 27 18 Coordinates
[miner2] Red retriever 1 staying near explorer at 15 20
[miner2] I am at (15,19) which is near (15,20)
[miner3] I am at (15,25) which is near (15,26)
[miner6] I am at (11,2) which is near (11,1)
[miner3] I chose to go near 12 30 Coordinates
[miner6] I chose to go near 2 22 Coordinates
[miner2] Red retriever 1 staying near explorer at 15 20
[miner2] I am at (15,19) which is near (15,20)
[miner2] Red retriever 1 staying near explorer at 15 20
[miner2] I am at (15,19) which is near (15,20)
[miner3] I am at (12,29) which is near (12,30)
[miner3] I chose to go near 1 8 Coordinates
[miner2] Red retriever 1 staying near explorer at 15 20
[miner2] I am at (15,19) which is near (15,20)
[miner2] Red retriever 1 staying near explorer at 15 20
[miner2] I am at (15,19) which is near (15,20)
[miner2] Red retriever 1 staying near explorer at 15 20
[miner2] I am at (15,19) which is near (15,20)
[miner2] Red retriever 1 staying near explorer at 15 20
[miner2] I am at (15,19) which is near (15,20)
[miner7] I am at (16,23) which is near (16,22)
[miner2] Red retriever 1 staying near explorer at 15 20
[miner7] I chose to go near 23 30 Coordinates
[miner2] I am at (15,19) which is near (15,20)
[miner2] Red retriever 1 staying near explorer at 15 20
[miner2] I am at (15,19) which is near (15,20)
[miner2] Red retriever 1 staying near explorer at 15 20
[miner2] I am at (15,19) which is near (15,20)
[miner2] Red retriever 1 staying near explorer at 15 20
[miner1] I am at (27,28) which is near (27,29)
[miner1] I chose to go near 7 1 Coordinates
[miner2] I am at (15,19) which is near (15,20)
[miner2] Red retriever 1 staying near explorer at 15 20
[miner2] I am at (15,19) which is near (15,20)
[miner2] Red retriever 1 staying near explorer at 15 20
[miner2] I am at (15,19) which is near (15,20)
[miner2] Red retriever 1 staying near explorer at 15 20
[miner2] I am at (15,19) which is near (15,20)
[miner2] Red retriever 1 staying near explorer at 15 20
[miner2] I am at (15,19) which is near (15,20)
[miner2] Red retriever 1 staying near explorer at 15 20
[miner2] I am at (15,19) which is near (15,20)
[miner2] Red retriever 1 staying near explorer at 15 20
[miner5] I am at (12,12) which is near (12,11)
[miner5] I chose to go near 25 2 Coordinates
[miner2] I am at (15,19) which is near (15,20)
[miner2] Red retriever 1 staying near explorer at 15 20
[miner2] I am at (15,19) which is near (15,20)
[miner2] Red retriever 1 staying near explorer at 15 20
[miner2] I am at (15,19) which is near (15,20)
[miner2] Red retriever 1 staying near explorer at 15 20
[miner2] I am at (15,19) which is near (15,20)
[miner2] Red retriever 1 staying near explorer at 15 20
[miner2] I am at (15,19) which is near (15,20)
[miner2] Red retriever 1 staying near explorer at 15 20
[miner2] I am at (15,19) which is near (15,20)
[miner2] Red retriever 1 staying near explorer at 15 20
[miner7] I am at (23,29) which is near (23,30)
[miner7] I chose to go near 16 22 Coordinates
[miner2] I am at (15,19) which is near (15,20)
[miner2] Red retriever 1 staying near explorer at 15 20
[miner2] I am at (15,19) which is near (15,20)
[miner2] Red retriever 1 staying near explorer at 15 20
[miner2] I am at (15,19) which is near (15,20)
[miner2] Red retriever 1 staying near explorer at 15 20
[miner2] I am at (15,19) which is near (15,20)
[miner2] Red retriever 1 staying near explorer at 15 20
[miner2] I am at (15,19) which is near (15,20)
[miner2] Red retriever 1 staying near explorer at 15 20
[miner2] I am at (15,19) which is near (15,20)
[miner2] Red retriever 1 staying near explorer at 15 20
[miner2] I am at (15,19) which is near (15,20)
[miner2] Red retriever 1 staying near explorer at 15 20
[miner2] I am at (15,19) which is near (15,20)
[miner2] Red retriever 1 staying near explorer at 15 20
[miner2] I am at (15,19) which is near (15,20)
[miner2] Red retriever 1 staying near explorer at 15 20
[miner2] I am at (15,19) which is near (15,20)
[miner2] Red retriever 1 staying near explorer at 15 20
[miner2] I am at (15,19) which is near (15,20)
[miner2] Red retriever 1 staying near explorer at 15 20
[miner2] I am at (15,19) which is near (15,20)
[miner5] I am at (25,3) which is near (25,2)
[miner5] I chose to go near 27 8 Coordinates
[miner2] Red retriever 1 staying near explorer at 15 20
[miner2] I am at (15,19) which is near (15,20)
[miner2] Red retriever 1 staying near explorer at 15 20
[miner7] I am at (16,23) which is near (16,22)
[miner8] I am at (10,14) which is near (10,13)
[miner7] I chose to go near 8 13 Coordinates
[miner8] I chose to go near 26 31 Coordinates
[miner2] I am at (15,19) which is near (15,20)
[miner2] Red retriever 1 staying near explorer at 15 20
[miner2] I am at (15,19) which is near (15,20)
[miner2] Red retriever 1 staying near explorer at 15 20
[miner5] I am at (27,7) which is near (27,8)
[miner2] I am at (15,19) which is near (15,20)
[miner5] I chose to go near 11 13 Coordinates
[miner2] Red retriever 1 staying near explorer at 15 20
[miner2] I am at (15,19) which is near (15,20)
[miner2] Red retriever 1 staying near explorer at 15 20
[miner2] I am at (15,19) which is near (15,20)
[miner2] Red retriever 1 staying near explorer at 15 20
[miner9] I am at (27,19) which is near (27,18)
[miner2] I am at (15,19) which is near (15,20)
[miner9] I chose to go near 8 19 Coordinates
[miner2] Red retriever 1 staying near explorer at 15 20
[miner2] I am at (15,19) which is near (15,20)
[miner2] Red retriever 1 staying near explorer at 15 20
[miner2] I am at (15,19) which is near (15,20)
[miner2] Red retriever 1 staying near explorer at 15 20
[miner2] I am at (15,19) which is near (15,20)
[miner2] Red retriever 1 staying near explorer at 15 20
[miner2] I am at (15,19) which is near (15,20)
[miner7] I am at (9,14) which is near (8,13)
[miner7] I chose to go near 18 9 Coordinates
[miner2] Red retriever 1 staying near explorer at 15 20
[miner2] I am at (15,19) which is near (15,20)
[miner2] Red retriever 1 staying near explorer at 15 20
[miner2] I am at (15,19) which is near (15,20)
[miner2] Red retriever 1 staying near explorer at 15 20
[miner5] I am at (11,12) which is near (11,13)
[miner5] I chose to go near 33 6 Coordinates
[miner2] I am at (15,19) which is near (15,20)
[miner2] Red retriever 1 staying near explorer at 15 20
[miner2] I am at (15,19) which is near (15,20)
[miner2] Red retriever 1 staying near explorer at 15 20
[miner2] I am at (15,19) which is near (15,20)
[miner1] I am at (7,2) which is near (7,1)
[miner1] I chose to go near 10 6 Coordinates
[miner2] Red retriever 1 staying near explorer at 15 20
[miner9] I am at (9,20) which is near (8,19)
[miner8] I am at (26,30) which is near (26,31)
[miner8] I chose to go near 13 15 Coordinates
[miner9] I chose to go near 29 29 Coordinates
[miner2] I am at (15,19) which is near (15,20)
[miner2] Red retriever 1 staying near explorer at 15 20
[miner2] I am at (15,19) which is near (15,20)
[miner2] Red retriever 1 staying near explorer at 15 20
[miner2] I am at (15,19) which is near (15,20)
[miner2] Red retriever 1 staying near explorer at 15 20
[miner2] I am at (15,19) which is near (15,20)
[miner7] I am at (18,10) which is near (18,9)
[miner7] I chose to go near 5 0 Coordinates
[miner2] Red retriever 1 staying near explorer at 15 20
[miner2] I am at (15,19) which is near (15,20)
[miner1] I am at (10,5) which is near (10,6)
[miner2] Red retriever 1 staying near explorer at 15 20
[miner1] I chose to go near 28 13 Coordinates
[miner2] I am at (15,19) which is near (15,20)
[miner2] Red retriever 1 staying near explorer at 15 20
[miner2] I am at (15,19) which is near (15,20)
[miner2] Red retriever 1 staying near explorer at 15 20
[miner2] I am at (15,19) which is near (15,20)
[miner2] Red retriever 1 staying near explorer at 15 20
[miner2] I am at (15,19) which is near (15,20)
[miner2] Red retriever 1 staying near explorer at 15 20
[miner2] I am at (15,19) which is near (15,20)
[miner2] Red retriever 1 staying near explorer at 15 20
[miner2] I am at (15,19) which is near (15,20)
[miner2] Red retriever 1 staying near explorer at 15 20
[miner4] I am at (34,27) which is near (34,28)
[miner2] I am at (15,19) which is near (15,20)
[miner2] Red retriever 1 staying near explorer at 15 20
[miner5] I am at (33,7) which is near (33,6)
[miner5] I chose to go near 31 1 Coordinates
[miner2] I am at (15,19) which is near (15,20)
[miner2] Red retriever 1 staying near explorer at 15 20
[miner2] I am at (15,19) which is near (15,20)
[miner2] Red retriever 1 staying near explorer at 15 20
[miner2] I am at (15,19) which is near (15,20)
[miner2] Red retriever 1 staying near explorer at 15 20
[miner2] I am at (15,19) which is near (15,20)
[miner8] I am at (14,16) which is near (13,15)
[miner8] I chose to go near 31 10 Coordinates
[miner2] Red retriever 1 staying near explorer at 15 20
[miner5] I am at (31,2) which is near (31,1)
[miner2] I am at (15,19) which is near (15,20)
[miner5] I chose to go near 18 0 Coordinates
[miner2] Red retriever 1 staying near explorer at 15 20
[miner2] I am at (15,19) which is near (15,20)
[miner2] Red retriever 1 staying near explorer at 15 20
[miner2] I am at (15,19) which is near (15,20)
[miner9] I am at (29,28) which is near (29,29)
[miner2] Red retriever 1 staying near explorer at 15 20
[miner9] I chose to go near 7 1 Coordinates
[miner7] I am at (5,1) which is near (5,0)
[miner7] I chose to go near 17 15 Coordinates
[miner2] I am at (15,19) which is near (15,20)
[miner2] Red retriever 1 staying near explorer at 15 20
[miner2] I am at (15,19) which is near (15,20)
[miner2] Red retriever 1 staying near explorer at 15 20
[miner2] I am at (15,19) which is near (15,20)
[miner2] Red retriever 1 staying near explorer at 15 20
[miner6] I am at (2,21) which is near (2,22)
[miner6] I chose to go near 17 28 Coordinates
[miner2] I am at (15,19) which is near (15,20)
[miner2] Red retriever 1 staying near explorer at 15 20
[miner2] I am at (15,19) which is near (15,20)
[miner5] I am at (18,1) which is near (18,0)
[miner2] Red retriever 1 staying near explorer at 15 20
[miner5] I chose to go near 18 2 Coordinates
[miner5] I am at (18,1) which is near (18,2)
[miner5] I chose to go near 30 0 Coordinates
[miner2] I am at (15,19) which is near (15,20)
[miner2] Red retriever 1 staying near explorer at 15 20
[miner1] I am at (28,12) which is near (28,13)
[miner1] I chose to go near 31 7 Coordinates
[miner2] I am at (15,19) which is near (15,20)
[miner8] I am at (31,11) which is near (31,10)
[miner2] Red retriever 1 staying near explorer at 15 20
[miner8] I chose to go near 29 24 Coordinates
[miner3] I am at (1,9) which is near (1,8)
[miner2] I am at (15,19) which is near (15,20)
[miner2] Red retriever 1 staying near explorer at 15 20
[miner3] I chose to go near 1 3 Coordinates
[miner2] I am at (15,19) which is near (15,20)
[miner2] Red retriever 1 staying near explorer at 15 20
[miner2] I am at (15,19) which is near (15,20)
[miner5] I am at (29,1) which is near (30,0)
[miner5] I chose to go near 10 14 Coordinates
[miner2] Red retriever 1 staying near explorer at 15 20
[miner6] I am at (13,28) and I can't get to' (17,28)
[miner2] I am at (15,19) which is near (15,20)
[miner6] I chose to go near 30 21 Coordinates
[miner1] I am at (31,8) which is near (31,7)
[miner3] I am at (1,4) which is near (1,3)
[miner1] I chose to go near 3 22 Coordinates
[miner3] I chose to go near 6 25 Coordinates
[miner2] Red retriever 1 staying near explorer at 15 20
[miner2] I am at (15,19) which is near (15,20)
[miner2] Red retriever 1 staying near explorer at 15 20
[miner2] I am at (15,19) which is near (15,20)
[miner2] Red retriever 1 staying near explorer at 15 20
[miner2] I am at (15,19) which is near (15,20)
[miner2] Red retriever 1 staying near explorer at 15 20
[miner2] I am at (15,19) which is near (15,20)
[miner2] Red retriever 1 staying near explorer at 15 20
[miner2] I am at (15,19) which is near (15,20)
[miner2] Red retriever 1 staying near explorer at 15 20
[miner2] I am at (15,19) which is near (15,20)
[miner2] Red retriever 1 staying near explorer at 15 20
[miner2] I am at (15,19) which is near (15,20)
[miner2] Red retriever 1 staying near explorer at 15 20
[miner2] I am at (15,19) which is near (15,20)
[miner2] Red retriever 1 staying near explorer at 15 20
[miner2] I am at (15,19) which is near (15,20)
[miner7] I am at (17,14) which is near (17,15)
[miner2] Red retriever 1 staying near explorer at 15 20
[miner7] I chose to go near 28 31 Coordinates
[miner2] I am at (15,19) which is near (15,20)
[miner2] Red retriever 1 staying near explorer at 15 20
[miner8] I am at (29,23) which is near (29,24)
[miner2] I am at (15,19) which is near (15,20)
[miner8] I chose to go near 22 3 Coordinates
[miner2] Red retriever 1 staying near explorer at 15 20
[miner2] I am at (15,19) which is near (15,20)
[miner2] Red retriever 1 staying near explorer at 15 20
[miner2] I am at (15,19) which is near (15,20)
[miner2] Red retriever 1 staying near explorer at 15 20
[miner2] I am at (15,19) which is near (15,20)
[miner2] Red retriever 1 staying near explorer at 15 20
[miner2] I am at (15,19) which is near (15,20)
[miner2] Red retriever 1 staying near explorer at 15 20
[miner2] I am at (15,19) which is near (15,20)
[miner2] Red retriever 1 staying near explorer at 15 20
[miner2] I am at (15,19) which is near (15,20)
[miner2] Red retriever 1 staying near explorer at 15 20
[miner2] I am at (15,19) which is near (15,20)
[miner2] Red retriever 1 staying near explorer at 15 20
[miner2] I am at (15,19) which is near (15,20)
[miner2] Red retriever 1 staying near explorer at 15 20
[miner2] I am at (15,19) which is near (15,20)
[miner6] I am at (30,22) which is near (30,21)
[miner2] Red retriever 1 staying near explorer at 15 20
[miner6] I chose to go near 30 27 Coordinates
[miner2] I am at (15,19) which is near (15,20)
[miner2] Red retriever 1 staying near explorer at 15 20
[miner2] I am at (15,19) which is near (15,20)
[miner2] Red retriever 1 staying near explorer at 15 20
[miner2] I am at (15,19) which is near (15,20)
[miner2] Red retriever 1 staying near explorer at 15 20
[miner6] I am at (30,26) which is near (30,27)
[miner6] I chose to go near 13 0 Coordinates
[miner2] I am at (15,19) which is near (15,20)
[miner2] Red retriever 1 staying near explorer at 15 20
[miner2] I am at (15,19) which is near (15,20)
[miner2] Red retriever 1 staying near explorer at 15 20
[miner2] I am at (15,19) which is near (15,20)
[miner9] I am at (7,2) which is near (7,1)
[miner9] I chose to go near 4 18 Coordinates
[miner2] Red retriever 1 staying near explorer at 15 20
[miner5] I am at (10,13) which is near (10,14)
[miner5] I chose to go near 21 14 Coordinates
[miner2] I am at (15,19) which is near (15,20)
[miner2] Red retriever 1 staying near explorer at 15 20
[miner2] I am at (15,19) which is near (15,20)
[miner2] Red retriever 1 staying near explorer at 15 20
[miner2] I am at (15,19) which is near (15,20)
[miner8] I am at (22,4) which is near (22,3)
[miner2] Red retriever 1 staying near explorer at 15 20
[miner8] I chose to go near 11 33 Coordinates
[miner2] I am at (15,19) which is near (15,20)
[miner2] Red retriever 1 staying near explorer at 15 20
[miner2] I am at (15,19) which is near (15,20)
[miner2] Red retriever 1 staying near explorer at 15 20
[miner2] I am at (15,19) which is near (15,20)
[miner2] Red retriever 1 staying near explorer at 15 20
[miner2] I am at (15,19) which is near (15,20)
[miner2] Red retriever 1 staying near explorer at 15 20
[miner7] I am at (28,30) which is near (28,31)
[miner2] I am at (15,19) which is near (15,20)
[miner7] I chose to go near 4 12 Coordinates
[miner3] I am at (7,24) which is near (6,25)
[miner2] Red retriever 1 staying near explorer at 15 20
[miner3] I chose to go near 6 24 Coordinates
[miner2] I am at (15,19) which is near (15,20)
[miner3] I am at (7,24) which is near (6,24)
[miner3] I chose to go near 32 4 Coordinates
[miner2] Red retriever 1 staying near explorer at 15 20
[miner5] I am at (21,13) which is near (21,14)
[miner2] I am at (15,19) which is near (15,20)
[miner5] I chose to go near 16 5 Coordinates
[miner2] Red retriever 1 staying near explorer at 15 20
[miner2] I am at (15,19) which is near (15,20)
[miner9] I am at (4,17) which is near (4,18)
[miner2] Red retriever 1 staying near explorer at 15 20
[miner9] I chose to go near 2 32 Coordinates
[miner2] I am at (15,19) which is near (15,20)
[miner2] Red retriever 1 staying near explorer at 15 20
[miner1] I am at (4,21) which is near (3,22)
[miner1] I chose to go near 5 12 Coordinates
[miner2] I am at (15,19) which is near (15,20)
[miner2] Red retriever 1 staying near explorer at 15 20
[miner2] I am at (15,19) which is near (15,20)
[miner2] Red retriever 1 staying near explorer at 15 20
[miner2] I am at (15,19) which is near (15,20)
[miner2] Red retriever 1 staying near explorer at 15 20
[miner5] I am at (16,6) which is near (16,5)
[miner5] I chose to go near 33 3 Coordinates
[miner2] I am at (15,19) which is near (15,20)
[miner2] Red retriever 1 staying near explorer at 15 20
[miner2] I am at (15,19) which is near (15,20)
[miner2] Red retriever 1 staying near explorer at 15 20
[miner2] I am at (15,19) which is near (15,20)
[miner2] Red retriever 1 staying near explorer at 15 20
[miner2] I am at (15,19) which is near (15,20)
[miner1] I am at (5,13) which is near (5,12)
[miner1] I chose to go near 32 2 Coordinates
[miner2] Red retriever 1 staying near explorer at 15 20
[miner2] I am at (15,19) which is near (15,20)
[miner2] Red retriever 1 staying near explorer at 15 20
[miner5] I am at (33,4) which is near (33,3)
[miner5] I chose to go near 1 15 Coordinates
[miner9] I am at (1,31) which is near (2,32)
[miner2] I am at (15,19) which is near (15,20)
[miner9] I chose to go near 9 32 Coordinates
[miner2] Red retriever 1 staying near explorer at 15 20
[miner9] I am at (1,32) and I can't get to' (9,32)
[miner2] I am at (15,19) which is near (15,20)
[miner9] I chose to go near 19 8 Coordinates
[miner2] Red retriever 1 staying near explorer at 15 20
[miner8] I am at (11,32) which is near (11,33)
[miner2] I am at (15,19) which is near (15,20)
[miner8] I chose to go near 4 14 Coordinates
[miner2] Red retriever 1 staying near explorer at 15 20
[miner2] I am at (15,19) which is near (15,20)
[miner2] Red retriever 1 staying near explorer at 15 20
[miner2] I am at (15,19) which is near (15,20)
[miner2] Red retriever 1 staying near explorer at 15 20
[miner2] I am at (15,19) which is near (15,20)
[miner2] Red retriever 1 staying near explorer at 15 20
[miner2] I am at (15,19) which is near (15,20)
[miner2] Red retriever 1 staying near explorer at 15 20
[miner2] I am at (15,19) which is near (15,20)
[miner2] Red retriever 1 staying near explorer at 15 20
[miner2] I am at (15,19) which is near (15,20)
[miner2] Red retriever 1 staying near explorer at 15 20
[miner2] I am at (15,19) which is near (15,20)
[miner2] Red retriever 1 staying near explorer at 15 20
[miner2] I am at (15,19) which is near (15,20)
[miner2] Red retriever 1 staying near explorer at 15 20
[miner2] I am at (15,19) which is near (15,20)
[miner2] Red retriever 1 staying near explorer at 15 20
[miner2] I am at (15,19) which is near (15,20)
[miner4] I am at (0,1) which is near (0,0)
[miner2] Red retriever 1 staying near explorer at 15 20
[miner2] I am at (15,19) which is near (15,20)
[miner2] Red retriever 1 staying near explorer at 15 20
[miner2] I am at (15,19) which is near (15,20)
[miner8] I am at (4,15) which is near (4,14)
[miner8] I chose to go near 16 16 Coordinates
[miner2] Red retriever 1 staying near explorer at 15 20
[miner2] I am at (15,19) which is near (15,20)
[miner2] Red retriever 1 staying near explorer at 15 20
[miner2] I am at (15,19) which is near (15,20)
[miner2] Red retriever 1 staying near explorer at 15 20
[miner5] I am at (1,14) which is near (1,15)
[miner5] I chose to go near 28 27 Coordinates
[miner2] I am at (15,19) which is near (15,20)
[miner9] I am at (18,9) which is near (19,8)
[miner9] I chose to go near 6 25 Coordinates
[miner2] Red retriever 1 staying near explorer at 15 20
[miner2] I am at (15,19) which is near (15,20)
[miner2] Red retriever 1 staying near explorer at 15 20
[miner8] I am at (15,15) which is near (16,16)
[miner8] I chose to go near 6 14 Coordinates
[miner2] I am at (15,19) which is near (15,20)
[miner1] I am at (32,3) which is near (32,2)
[miner1] I chose to go near 13 24 Coordinates
[miner2] Red retriever 1 staying near explorer at 15 20
[miner2] I am at (15,19) which is near (15,20)
[miner2] Red retriever 1 staying near explorer at 15 20
[miner2] I am at (15,19) which is near (15,20)
[miner2] Red retriever 1 staying near explorer at 15 20
[miner2] I am at (15,19) which is near (15,20)
[miner2] Red retriever 1 staying near explorer at 15 20
[miner2] I am at (15,19) which is near (15,20)
[miner2] Red retriever 1 staying near explorer at 15 20
[miner3] I am at (32,5) which is near (32,4)
[miner3] I chose to go near 25 20 Coordinates
[miner8] I am at (7,13) which is near (6,14)
[miner2] I am at (15,19) which is near (15,20)
[miner8] I chose to go near 0 19 Coordinates
[miner4] I am at (33,1) which is near (34,0)
[miner2] Red retriever 1 staying near explorer at 15 20
[miner2] I am at (15,19) which is near (15,20)
[miner2] Red retriever 1 staying near explorer at 15 20
[miner2] I am at (15,19) which is near (15,20)
[miner2] Red retriever 1 staying near explorer at 15 20
[miner2] I am at (15,19) which is near (15,20)
[miner4] I am at (34,6) which is near (34,7)
[miner2] Red retriever 1 staying near explorer at 15 20
[miner2] I am at (15,19) which is near (15,20)
[miner2] Red retriever 1 staying near explorer at 15 20
[miner6] I am at (13,1) which is near (13,0)
[miner6] I chose to go near 10 9 Coordinates
[miner2] I am at (15,19) which is near (15,20)
[miner2] Red retriever 1 staying near explorer at 15 20
[miner2] I am at (15,19) which is near (15,20)
[miner2] Red retriever 1 staying near explorer at 15 20
[miner2] I am at (15,19) which is near (15,20)
[miner8] I am at (0,18) which is near (0,19)
[miner8] I chose to go near 3 14 Coordinates
[miner2] Red retriever 1 staying near explorer at 15 20
[miner2] I am at (15,19) which is near (15,20)
[miner2] Red retriever 1 staying near explorer at 15 20
[miner2] I am at (15,19) which is near (15,20)
[miner6] I am at (10,8) which is near (10,9)
[miner3] I am at (25,19) which is near (25,20)
[miner6] I chose to go near 20 29 Coordinates
[miner3] I chose to go near 3 25 Coordinates
[miner2] Red retriever 1 staying near explorer at 15 20
[miner5] I am at (28,26) which is near (28,27)
[miner5] I chose to go near 24 10 Coordinates
[miner8] I am at (2,15) which is near (3,14)
[miner8] I chose to go near 31 11 Coordinates
[miner2] I am at (15,19) which is near (15,20)
[miner2] Red retriever 1 staying near explorer at 15 20
[miner2] I am at (15,19) which is near (15,20)
[miner2] Red retriever 1 staying near explorer at 15 20
[miner2] I am at (15,19) which is near (15,20)
[miner2] Red retriever 1 staying near explorer at 15 20
[miner2] I am at (15,19) which is near (15,20)
[miner2] Red retriever 1 staying near explorer at 15 20
[miner2] I am at (15,19) which is near (15,20)
[miner2] Red retriever 1 staying near explorer at 15 20
[miner2] I am at (15,19) which is near (15,20)
[miner2] Red retriever 1 staying near explorer at 15 20
[miner2] I am at (15,19) which is near (15,20)
[miner2] Red retriever 1 staying near explorer at 15 20
[miner2] I am at (15,19) which is near (15,20)
[miner2] Red retriever 1 staying near explorer at 15 20
[miner2] I am at (15,19) which is near (15,20)
[miner2] Red retriever 1 staying near explorer at 15 20
[miner2] I am at (15,19) which is near (15,20)
[miner2] Red retriever 1 staying near explorer at 15 20
[miner2] I am at (15,19) which is near (15,20)
[miner2] Red retriever 1 staying near explorer at 15 20
[miner2] I am at (15,19) which is near (15,20)
[miner1] I am at (13,23) which is near (13,24)
[miner1] I chose to go near 14 29 Coordinates
[miner2] Red retriever 1 staying near explorer at 15 20
[miner2] I am at (15,19) which is near (15,20)
[miner2] Red retriever 1 staying near explorer at 15 20
[miner2] I am at (15,19) which is near (15,20)
[miner7] I am at (4,13) which is near (4,12)
[miner2] Red retriever 1 staying near explorer at 15 20
[miner7] I chose to go near 27 4 Coordinates
[miner2] I am at (15,19) which is near (15,20)
[miner1] I am at (13,28) which is near (14,29)
[miner1] I chose to go near 18 24 Coordinates
[miner2] Red retriever 1 staying near explorer at 15 20
[miner4] I am at (1,6) which is near (0,7)
[miner2] I am at (15,19) which is near (15,20)
[miner2] Red retriever 1 staying near explorer at 15 20
[miner2] I am at (15,19) which is near (15,20)
[miner9] I am at (7,24) which is near (6,25)
[miner9] I chose to go near 32 12 Coordinates
[miner2] Red retriever 1 staying near explorer at 15 20
[miner2] I am at (15,19) which is near (15,20)
[miner2] Red retriever 1 staying near explorer at 15 20
[miner2] I am at (15,19) which is near (15,20)
[miner2] Red retriever 1 staying near explorer at 15 20
[miner6] I am at (19,29) which is near (20,29)
[miner6] I chose to go near 7 17 Coordinates
[miner2] I am at (15,19) which is near (15,20)
[miner2] Red retriever 1 staying near explorer at 15 20
[miner4] I am at (0,13) which is near (0,14)
[miner2] I am at (15,19) which is near (15,20)
[miner2] Red retriever 1 staying near explorer at 15 20
[miner2] I am at (15,19) which is near (15,20)
[miner1] I am at (18,25) which is near (18,24)
[miner2] Red retriever 1 staying near explorer at 15 20
[miner1] I chose to go near 14 21 Coordinates
[miner2] I am at (15,19) which is near (15,20)
[miner2] Red retriever 1 staying near explorer at 15 20
[miner2] I am at (15,19) which is near (15,20)
[miner8] I am at (30,11) which is near (31,11)
[miner8] I chose to go near 18 1 Coordinates
[miner2] Red retriever 1 staying near explorer at 15 20
[miner2] I am at (15,19) which is near (15,20)
[miner2] Red retriever 1 staying near explorer at 15 20
[miner2] I am at (15,19) which is near (15,20)
[miner2] Red retriever 1 staying near explorer at 15 20
[miner2] I am at (15,19) which is near (15,20)
[miner2] Red retriever 1 staying near explorer at 15 20
[miner2] I am at (15,19) which is near (15,20)
[miner2] Red retriever 1 staying near explorer at 15 20
[miner1] I am at (14,22) which is near (14,21)
[miner1] I chose to go near 2 6 Coordinates
[miner2] I am at (15,19) which is near (15,20)
[miner2] Red retriever 1 staying near explorer at 15 20
[miner2] I am at (15,19) which is near (15,20)
[miner2] Red retriever 1 staying near explorer at 15 20
[miner6] I am at (7,18) which is near (7,17)
[miner6] I chose to go near 27 8 Coordinates
[miner2] I am at (15,19) which is near (15,20)
[miner2] Red retriever 1 staying near explorer at 15 20
[miner2] I am at (15,19) which is near (15,20)
[miner8] I am at (19,2) which is near (18,1)
[miner2] Red retriever 1 staying near explorer at 15 20
[miner8] I chose to go near 20 14 Coordinates
[miner3] I am at (4,24) which is near (3,25)
[miner3] I chose to go near 12 2 Coordinates
[miner2] I am at (15,19) which is near (15,20)
[miner2] Red retriever 1 staying near explorer at 15 20
[miner2] I am at (15,19) which is near (15,20)
[miner2] Red retriever 1 staying near explorer at 15 20
[miner2] I am at (15,19) which is near (15,20)
[miner2] Red retriever 1 staying near explorer at 15 20
[miner2] I am at (15,19) which is near (15,20)
[miner2] Red retriever 1 staying near explorer at 15 20
[miner2] I am at (15,19) which is near (15,20)
[miner2] Red retriever 1 staying near explorer at 15 20
[miner2] I am at (15,19) which is near (15,20)
[miner8] I am at (20,13) which is near (20,14)
[miner8] I chose to go near 5 7 Coordinates
[miner2] Red retriever 1 staying near explorer at 15 20
[miner4] I am at (34,13) which is near (34,14)
[miner2] I am at (15,19) which is near (15,20)
[miner2] Red retriever 1 staying near explorer at 15 20
[miner2] I am at (15,19) which is near (15,20)
[miner6] I am at (27,9) which is near (27,8)
[miner6] I chose to go near 30 27 Coordinates
[miner2] Red retriever 1 staying near explorer at 15 20
[miner2] I am at (15,19) which is near (15,20)
[miner4] I am at (34,20) which is near (34,21)
[miner2] Red retriever 1 staying near explorer at 15 20
[miner2] I am at (15,19) which is near (15,20)
[miner2] Red retriever 1 staying near explorer at 15 20
[miner1] I am at (2,7) which is near (2,6)
[miner1] I chose to go near 3 31 Coordinates
[miner2] I am at (15,19) which is near (15,20)
[miner9] I am at (31,13) which is near (32,12)
[miner9] I chose to go near 28 2 Coordinates
[miner2] Red retriever 1 staying near explorer at 15 20
[miner2] I am at (15,19) which is near (15,20)
[miner2] Red retriever 1 staying near explorer at 15 20
[miner2] I am at (15,19) which is near (15,20)
[miner2] Red retriever 1 staying near explorer at 15 20
[miner5] I am at (24,11) which is near (24,10)
[miner5] I chose to go near 26 9 Coordinates
[miner6] I am at (30,26) which is near (30,27)
[miner2] I am at (15,19) which is near (15,20)
[miner6] I chose to go near 6 9 Coordinates
[miner2] Red retriever 1 staying near explorer at 15 20
[miner8] I am at (5,8) which is near (5,7)
[miner5] I am at (26,10) which is near (26,9)
[miner8] I chose to go near 5 6 Coordinates
[miner5] I chose to go near 20 28 Coordinates
[miner2] I am at (15,19) which is near (15,20)
[miner8] I am at (5,7) which is near (5,6)
[miner8] I chose to go near 15 5 Coordinates
[miner2] Red retriever 1 staying near explorer at 15 20
[miner2] I am at (15,19) which is near (15,20)
[miner9] I am at (28,3) which is near (28,2)
[miner9] I chose to go near 8 11 Coordinates
[miner2] Red retriever 1 staying near explorer at 15 20
[miner2] I am at (15,19) which is near (15,20)
[miner2] Red retriever 1 staying near explorer at 15 20
[miner2] I am at (15,19) which is near (15,20)
[miner2] Red retriever 1 staying near explorer at 15 20
[miner2] I am at (15,19) which is near (15,20)
[miner3] I am at (11,3) which is near (12,2)
[miner3] I chose to go near 28 15 Coordinates
[miner2] Red retriever 1 staying near explorer at 15 20
[miner2] I am at (15,19) which is near (15,20)
[miner8] I am at (15,6) which is near (15,5)
[miner8] I chose to go near 9 3 Coordinates
[miner2] Red retriever 1 staying near explorer at 15 20
[miner2] I am at (15,19) which is near (15,20)
[miner2] Red retriever 1 staying near explorer at 15 20
[miner2] I am at (15,19) which is near (15,20)
[miner2] Red retriever 1 staying near explorer at 15 20
[miner2] I am at (15,19) which is near (15,20)
[miner8] I am at (9,4) which is near (9,3)
[miner8] I chose to go near 12 18 Coordinates
[miner2] Red retriever 1 staying near explorer at 15 20
[miner2] I am at (15,19) which is near (15,20)
[miner4] I am at (1,21) which is near (0,21)
[miner2] Red retriever 1 staying near explorer at 15 20
[miner2] I am at (15,19) which is near (15,20)
[miner2] Red retriever 1 staying near explorer at 15 20
[miner5] I am at (18,28) and I can't get to' (20,28)
[miner1] I am at (2,30) which is near (3,31)
[miner5] I chose to go near 9 11 Coordinates
[miner1] I chose to go near 9 3 Coordinates
[miner2] I am at (15,19) which is near (15,20)
[miner2] Red retriever 1 staying near explorer at 15 20
[miner4] I am at (0,27) which is near (0,28)
[miner2] I am at (15,19) which is near (15,20)
[miner2] Red retriever 1 staying near explorer at 15 20
[miner8] I am at (12,17) which is near (12,18)
[miner2] I am at (15,19) which is near (15,20)
[miner8] I chose to go near 9 12 Coordinates
[miner2] Red retriever 1 staying near explorer at 15 20
[miner2] I am at (15,19) which is near (15,20)
[miner2] Red retriever 1 staying near explorer at 15 20
[miner2] I am at (15,19) which is near (15,20)
[miner9] I am at (8,10) which is near (8,11)
[miner3] I am at (27,14) which is near (28,15)
[miner9] I chose to go near 33 3 Coordinates
[miner2] Red retriever 1 staying near explorer at 15 20
[miner3] I chose to go near 16 0 Coordinates
[miner2] I am at (15,19) which is near (15,20)
[miner6] I am at (6,10) which is near (6,9)
[miner6] I chose to go near 26 3 Coordinates
[miner2] Red retriever 1 staying near explorer at 15 20
[miner7] I am at (27,5) which is near (27,4)
[miner2] I am at (15,19) which is near (15,20)
[miner7] I chose to go near 18 1 Coordinates
[miner2] Red retriever 1 staying near explorer at 15 20
[miner2] I am at (15,19) which is near (15,20)
[miner2] Red retriever 1 staying near explorer at 15 20
[miner2] I am at (15,19) which is near (15,20)
[miner8] I am at (9,13) which is near (9,12)
[miner8] I chose to go near 3 30 Coordinates
[miner2] Red retriever 1 staying near explorer at 15 20
[miner2] I am at (15,19) which is near (15,20)
[miner2] Red retriever 1 staying near explorer at 15 20
[miner2] I am at (15,19) which is near (15,20)
[miner2] Red retriever 1 staying near explorer at 15 20
[miner2] I am at (15,19) which is near (15,20)
[miner2] Red retriever 1 staying near explorer at 15 20
[miner2] I am at (15,19) which is near (15,20)
[miner2] Red retriever 1 staying near explorer at 15 20
[miner2] I am at (15,19) which is near (15,20)
[miner5] I am at (9,12) which is near (9,11)
[miner5] I chose to go near 7 15 Coordinates
[miner2] Red retriever 1 staying near explorer at 15 20
[miner2] I am at (15,19) which is near (15,20)
[miner2] Red retriever 1 staying near explorer at 15 20
[miner7] I am at (19,2) which is near (18,1)
[miner7] I chose to go near 31 21 Coordinates
[miner5] I am at (7,14) which is near (7,15)
[miner2] I am at (15,19) which is near (15,20)
[miner5] I chose to go near 24 9 Coordinates
[miner2] Red retriever 1 staying near explorer at 15 20
[miner2] I am at (15,19) which is near (15,20)
[miner3] I am at (16,1) which is near (16,0)
[miner2] Red retriever 1 staying near explorer at 15 20
[miner3] I chose to go near 27 4 Coordinates
[miner2] I am at (15,19) which is near (15,20)
[miner2] Red retriever 1 staying near explorer at 15 20
[miner6] I am at (26,4) which is near (26,3)
[miner6] I chose to go near 17 4 Coordinates
[miner2] I am at (15,19) which is near (15,20)
[miner9] I am at (33,4) which is near (33,3)
[miner9] I chose to go near 24 22 Coordinates
[miner2] Red retriever 1 staying near explorer at 15 20
[miner8] I am at (2,30) which is near (3,30)
[miner2] I am at (15,19) which is near (15,20)
[miner8] I chose to go near 13 5 Coordinates
[miner2] Red retriever 1 staying near explorer at 15 20
[miner2] I am at (15,19) which is near (15,20)
[miner2] Red retriever 1 staying near explorer at 15 20
[miner2] I am at (15,19) which is near (15,20)
[miner6] I am at (18,4) which is near (17,4)
[miner6] I chose to go near 11 11 Coordinates
[miner2] Red retriever 1 staying near explorer at 15 20
[miner2] I am at (15,19) which is near (15,20)
[miner2] Red retriever 1 staying near explorer at 15 20
[miner3] I am at (27,3) which is near (27,4)
[miner3] I chose to go near 24 5 Coordinates
[miner2] I am at (15,19) which is near (15,20)
[miner2] Red retriever 1 staying near explorer at 15 20
[miner1] I am at (9,4) which is near (9,3)
[miner2] I am at (15,19) which is near (15,20)
[miner1] I chose to go near 11 22 Coordinates
[miner5] I am at (24,10) which is near (24,9)
[miner5] I chose to go near 32 26 Coordinates
[miner3] I am at (24,4) which is near (24,5)
[miner3] I chose to go near 4 21 Coordinates
[miner2] Red retriever 1 staying near explorer at 15 20
[miner2] I am at (15,19) which is near (15,20)
[miner4] I am at (34,27) which is near (34,28)
[miner2] Red retriever 1 staying near explorer at 15 20
[miner2] I am at (15,19) which is near (15,20)
[miner2] Red retriever 1 staying near explorer at 15 20
[miner6] I am at (11,10) which is near (11,11)
[miner6] I chose to go near 17 20 Coordinates
[miner2] I am at (15,19) which is near (15,20)
[miner2] Red retriever 1 staying near explorer at 15 20
[miner2] I am at (15,19) which is near (15,20)
[miner2] Red retriever 1 staying near explorer at 15 20
[miner9] I am at (24,21) which is near (24,22)
[miner2] I am at (15,19) which is near (15,20)
[miner9] I chose to go near 21 7 Coordinates
[miner2] Red retriever 1 staying near explorer at 15 20
[miner7] I am at (31,20) which is near (31,21)
[miner7] I chose to go near 31 33 Coordinates
[miner2] I am at (15,19) which is near (15,20)
[miner2] Red retriever 1 staying near explorer at 15 20
[miner2] I am at (15,19) which is near (15,20)
[miner2] Red retriever 1 staying near explorer at 15 20
[miner1] I am at (11,21) which is near (11,22)
[miner2] I am at (15,19) which is near (15,20)
[miner1] I chose to go near 10 18 Coordinates
[miner2] Red retriever 1 staying near explorer at 15 20
[miner2] I am at (15,19) which is near (15,20)
[miner5] I am at (32,25) which is near (32,26)
[miner5] I chose to go near 17 18 Coordinates
[miner2] Red retriever 1 staying near explorer at 15 20
[miner2] I am at (15,19) which is near (15,20)
[miner2] Red retriever 1 staying near explorer at 15 20
[miner2] I am at (15,19) which is near (15,20)
[miner1] I am at (10,19) which is near (10,18)
[miner1] I chose to go near 2 2 Coordinates
[miner2] Red retriever 1 staying near explorer at 15 20
[miner6] I am at (16,20) which is near (17,20)
[miner2] I am at (15,19) which is near (15,20)
[miner6] I chose to go near 0 21 Coordinates
[miner9] I am at (21,8) which is near (21,7)
[miner9] I chose to go near 2 16 Coordinates
[miner2] Red retriever 1 staying near explorer at 15 20
[miner2] I am at (15,19) which is near (15,20)
[miner2] Red retriever 1 staying near explorer at 15 20
[miner7] I am at (31,32) which is near (31,33)
[miner7] I chose to go near 19 29 Coordinates
[miner3] I am at (4,20) which is near (4,21)
[miner2] I am at (15,19) which is near (15,20)
[miner3] I chose to go near 3 14 Coordinates
[miner2] Red retriever 1 staying near explorer at 15 20
[miner5] I am at (18,19) which is near (17,18)
[miner2] I am at (15,19) which is near (15,20)
[miner5] I chose to go near 25 8 Coordinates
[miner2] Red retriever 1 staying near explorer at 15 20
[miner2] I am at (15,19) which is near (15,20)
[miner2] Red retriever 1 staying near explorer at 15 20
[miner2] I am at (15,19) which is near (15,20)
[miner2] Red retriever 1 staying near explorer at 15 20
[miner6] I am at (1,21) which is near (0,21)
[miner2] I am at (15,19) which is near (15,20)
[miner6] I chose to go near 26 5 Coordinates
[miner2] Red retriever 1 staying near explorer at 15 20
[miner3] I am at (2,15) which is near (3,14)
[miner2] I am at (15,19) which is near (15,20)
[miner3] I chose to go near 12 12 Coordinates
[miner2] Red retriever 1 staying near explorer at 15 20
[miner2] I am at (15,19) which is near (15,20)
[miner2] Red retriever 1 staying near explorer at 15 20
[miner2] I am at (15,19) which is near (15,20)
[miner2] Red retriever 1 staying near explorer at 15 20
[miner2] I am at (15,19) which is near (15,20)
[miner9] I am at (2,15) which is near (2,16)
[miner9] I chose to go near 29 33 Coordinates
[miner2] Red retriever 1 staying near explorer at 15 20
[miner2] I am at (15,19) which is near (15,20)
[miner7] I am at (19,30) which is near (19,29)
[miner2] Red retriever 1 staying near explorer at 15 20
[miner7] I chose to go near 1 11 Coordinates
[miner5] I am at (25,9) which is near (25,8)
[miner5] I chose to go near 4 32 Coordinates
[miner2] I am at (15,19) which is near (15,20)
[miner2] Red retriever 1 staying near explorer at 15 20
[miner2] I am at (15,19) which is near (15,20)
[miner2] Red retriever 1 staying near explorer at 15 20
[miner2] I am at (15,19) which is near (15,20)
[miner3] I am at (11,11) which is near (12,12)
[miner3] I chose to go near 2 15 Coordinates
[miner2] Red retriever 1 staying near explorer at 15 20
[miner2] I am at (15,19) which is near (15,20)
[miner2] Red retriever 1 staying near explorer at 15 20
[miner2] I am at (15,19) which is near (15,20)
[miner2] Red retriever 1 staying near explorer at 15 20
[miner2] I am at (15,19) which is near (15,20)
[miner2] Red retriever 1 staying near explorer at 15 20
[miner2] I am at (15,19) which is near (15,20)
[miner2] Red retriever 1 staying near explorer at 15 20
[miner2] I am at (15,19) which is near (15,20)
[miner2] Red retriever 1 staying near explorer at 15 20
[miner4] I am at (0,1) which is near (0,0)
[miner2] I am at (15,19) which is near (15,20)
[miner2] Red retriever 1 staying near explorer at 15 20
[miner2] I am at (15,19) which is near (15,20)
[miner2] Red retriever 1 staying near explorer at 15 20
[miner2] I am at (15,19) which is near (15,20)
[miner2] Red retriever 1 staying near explorer at 15 20
[miner3] I am at (2,14) which is near (2,15)
[miner2] I am at (15,19) which is near (15,20)
[miner3] I chose to go near 0 6 Coordinates
[miner2] Red retriever 1 staying near explorer at 15 20
[miner2] I am at (15,19) which is near (15,20)
[miner2] Red retriever 1 staying near explorer at 15 20
[miner2] I am at (15,19) which is near (15,20)
[miner2] Red retriever 1 staying near explorer at 15 20
[miner2] I am at (15,19) which is near (15,20)
[miner2] Red retriever 1 staying near explorer at 15 20
[miner2] I am at (15,19) which is near (15,20)
[miner2] Red retriever 1 staying near explorer at 15 20
[miner2] I am at (15,19) which is near (15,20)
[miner2] Red retriever 1 staying near explorer at 15 20
[miner2] I am at (15,19) which is near (15,20)
[miner3] I am at (0,7) which is near (0,6)
[miner2] Red retriever 1 staying near explorer at 15 20
[miner3] I chose to go near 9 26 Coordinates
[miner2] I am at (15,19) which is near (15,20)
[miner2] Red retriever 1 staying near explorer at 15 20
[miner6] I am at (26,6) which is near (26,5)
[miner2] I am at (15,19) which is near (15,20)
[miner6] I chose to go near 0 31 Coordinates
[miner2] Red retriever 1 staying near explorer at 15 20
[miner2] I am at (15,19) which is near (15,20)
[miner2] Red retriever 1 staying near explorer at 15 20
[miner2] I am at (15,19) which is near (15,20)
[miner2] Red retriever 1 staying near explorer at 15 20
[miner2] I am at (15,19) which is near (15,20)
[miner2] Red retriever 1 staying near explorer at 15 20
[miner2] I am at (15,19) which is near (15,20)
[miner2] Red retriever 1 staying near explorer at 15 20
[miner2] I am at (15,19) which is near (15,20)
[miner2] Red retriever 1 staying near explorer at 15 20
[miner2] I am at (15,19) which is near (15,20)
[miner2] Red retriever 1 staying near explorer at 15 20
[miner2] I am at (15,19) which is near (15,20)
[miner9] I am at (29,32) which is near (29,33)
[miner2] Red retriever 1 staying near explorer at 15 20
[miner9] I chose to go near 24 24 Coordinates
[miner5] I am at (1,32) and I can't get to' (4,32)
[miner8] I am at (13,6) which is near (13,5)
[miner2] I am at (15,19) which is near (15,20)
[miner5] I chose to go near 29 12 Coordinates
[miner8] I chose to go near 26 24 Coordinates
[miner2] Red retriever 1 staying near explorer at 15 20
[miner2] I am at (15,19) which is near (15,20)
[miner2] Red retriever 1 staying near explorer at 15 20
[miner4] I am at (33,1) which is near (34,0)
[miner2] I am at (15,19) which is near (15,20)
[miner2] Red retriever 1 staying near explorer at 15 20
[miner2] I am at (15,19) which is near (15,20)
[miner2] Red retriever 1 staying near explorer at 15 20
[miner2] I am at (15,19) which is near (15,20)
[miner2] Red retriever 1 staying near explorer at 15 20
[miner7] I am at (1,12) which is near (1,11)
[miner7] I chose to go near 11 32 Coordinates
[miner2] I am at (15,19) which is near (15,20)
[miner4] I am at (34,6) which is near (34,7)
[miner2] Red retriever 1 staying near explorer at 15 20
[miner9] I am at (24,25) which is near (24,24)
[miner9] I chose to go near 10 23 Coordinates
[miner2] I am at (15,19) which is near (15,20)
[miner2] Red retriever 1 staying near explorer at 15 20
[miner2] I am at (15,19) which is near (15,20)
[miner2] Red retriever 1 staying near explorer at 15 20
[miner2] I am at (15,19) which is near (15,20)
[miner3] I am at (9,27) which is near (9,26)
[miner3] I chose to go near 5 5 Coordinates
[miner2] Red retriever 1 staying near explorer at 15 20
[miner2] I am at (15,19) which is near (15,20)
[miner2] Red retriever 1 staying near explorer at 15 20
[miner2] I am at (15,19) which is near (15,20)
[miner2] Red retriever 1 staying near explorer at 15 20
[miner2] I am at (15,19) which is near (15,20)
[miner9] I am at (11,24) which is near (10,23)
[miner2] Red retriever 1 staying near explorer at 15 20
[miner9] I chose to go near 14 21 Coordinates
[miner2] I am at (15,19) which is near (15,20)
[miner2] Red retriever 1 staying near explorer at 15 20
[miner6] I am at (0,30) which is near (0,31)
[miner2] I am at (15,19) which is near (15,20)
[miner6] I chose to go near 1 5 Coordinates
[miner1] I am at (2,3) which is near (2,2)
[miner9] I am at (14,22) which is near (14,21)
[miner1] I chose to go near 7 12 Coordinates
[miner9] I chose to go near 13 0 Coordinates
[miner2] Red retriever 1 staying near explorer at 15 20
[miner8] I am at (26,23) which is near (26,24)
[miner8] I chose to go near 8 4 Coordinates
[miner2] I am at (15,19) which is near (15,20)
[miner2] Red retriever 1 staying near explorer at 15 20
[miner2] I am at (15,19) which is near (15,20)
[miner2] Red retriever 1 staying near explorer at 15 20
[miner2] I am at (15,19) which is near (15,20)
[miner2] Red retriever 1 staying near explorer at 15 20
[miner2] I am at (15,19) which is near (15,20)
[miner2] Red retriever 1 staying near explorer at 15 20
[miner2] I am at (15,19) which is near (15,20)
[miner2] Red retriever 1 staying near explorer at 15 20
[miner2] I am at (15,19) which is near (15,20)
[miner2] Red retriever 1 staying near explorer at 15 20
[miner2] I am at (15,19) which is near (15,20)
[miner2] Red retriever 1 staying near explorer at 15 20
[miner2] I am at (15,19) which is near (15,20)
[miner1] I am at (7,11) which is near (7,12)
[miner2] Red retriever 1 staying near explorer at 15 20
[miner1] I chose to go near 22 30 Coordinates
[miner2] I am at (15,19) which is near (15,20)
[miner2] Red retriever 1 staying near explorer at 15 20
[miner2] I am at (15,19) which is near (15,20)
[miner2] Red retriever 1 staying near explorer at 15 20
[miner5] I am at (28,13) which is near (29,12)
[miner5] I chose to go near 15 19 Coordinates
[miner2] I am at (15,19) which is near (15,20)
[miner2] Red retriever 1 staying near explorer at 15 20
[miner2] I am at (15,19) which is near (15,20)
[miner2] Red retriever 1 staying near explorer at 15 20
[miner4] I am at (1,6) which is near (0,7)
[miner2] I am at (15,19) which is near (15,20)
[miner2] Red retriever 1 staying near explorer at 15 20
[miner2] I am at (15,19) which is near (15,20)
[miner6] I am at (1,6) which is near (1,5)
[miner6] I chose to go near 28 24 Coordinates
[miner7] I am at (11,31) which is near (11,32)
[miner2] Red retriever 1 staying near explorer at 15 20
[miner7] I chose to go near 1 17 Coordinates
[miner2] I am at (15,19) which is near (15,20)
[miner9] I am at (13,1) which is near (13,0)
[miner9] I chose to go near 5 30 Coordinates
[miner2] Red retriever 1 staying near explorer at 15 20
[miner2] I am at (15,19) which is near (15,20)
[miner2] Red retriever 1 staying near explorer at 15 20
[miner2] I am at (15,19) which is near (15,20)
[miner2] Red retriever 1 staying near explorer at 15 20
[miner4] I am at (0,13) which is near (0,14)
[miner2] I am at (15,19) which is near (15,20)
[miner2] Red retriever 1 staying near explorer at 15 20
[miner2] I am at (15,19) which is near (15,20)
[miner3] I am at (5,6) which is near (5,5)
[miner2] Red retriever 1 staying near explorer at 15 20
[miner3] I chose to go near 0 6 Coordinates
[miner2] I am at (15,19) which is near (15,20)
[miner2] Red retriever 1 staying near explorer at 15 20
[miner2] I am at (15,19) which is near (15,20)
[miner3] I am at (1,6) which is near (0,6)
[miner3] I chose to go near 29 7 Coordinates
[miner2] Red retriever 1 staying near explorer at 15 20
[miner2] I am at (15,19) which is near (15,20)
[miner2] Red retriever 1 staying near explorer at 15 20
[miner2] I am at (15,19) which is near (15,20)
[miner2] Red retriever 1 staying near explorer at 15 20
[miner8] I am at (8,5) which is near (8,4)
[miner5] I am at (15,18) which is near (15,19)
[miner8] I chose to go near 7 13 Coordinates
[miner5] I chose to go near 30 17 Coordinates
[miner2] I am at (15,19) which is near (15,20)
[miner2] Red retriever 1 staying near explorer at 15 20
[miner2] I am at (15,19) which is near (15,20)
[miner2] Red retriever 1 staying near explorer at 15 20
[miner2] I am at (15,19) which is near (15,20)
[miner2] Red retriever 1 staying near explorer at 15 20
[miner2] I am at (15,19) which is near (15,20)
[miner2] Red retriever 1 staying near explorer at 15 20
[miner2] I am at (15,19) which is near (15,20)
[miner8] I am at (7,12) which is near (7,13)
[miner8] I chose to go near 5 15 Coordinates
[miner2] Red retriever 1 staying near explorer at 15 20
[miner2] I am at (15,19) which is near (15,20)
[miner2] Red retriever 1 staying near explorer at 15 20
[miner2] I am at (15,19) which is near (15,20)
[miner2] Red retriever 1 staying near explorer at 15 20
[miner2] I am at (15,19) which is near (15,20)
[miner8] I am at (5,14) which is near (5,15)
[miner2] Red retriever 1 staying near explorer at 15 20
[miner8] I chose to go near 16 27 Coordinates
[miner2] I am at (15,19) which is near (15,20)
[miner5] I am at (29,18) which is near (30,17)
[miner2] Red retriever 1 staying near explorer at 15 20
[miner5] I chose to go near 20 13 Coordinates
[miner2] I am at (15,19) which is near (15,20)
[miner2] Red retriever 1 staying near explorer at 15 20
[miner2] I am at (15,19) which is near (15,20)
[miner2] Red retriever 1 staying near explorer at 15 20
[miner7] I am at (1,18) which is near (1,17)
[miner2] I am at (15,19) which is near (15,20)
[miner3] I am at (28,6) which is near (29,7)
[miner7] I chose to go near 14 7 Coordinates
[miner2] Red retriever 1 staying near explorer at 15 20
[miner3] I chose to go near 6 27 Coordinates
[miner2] I am at (15,19) which is near (15,20)
[miner2] Red retriever 1 staying near explorer at 15 20
[miner2] I am at (15,19) which is near (15,20)
[miner6] I am at (28,23) which is near (28,24)
[miner2] Red retriever 1 staying near explorer at 15 20
[miner6] I chose to go near 17 24 Coordinates
[miner2] I am at (15,19) which is near (15,20)
[miner2] Red retriever 1 staying near explorer at 15 20
[miner2] I am at (15,19) which is near (15,20)
[miner2] Red retriever 1 staying near explorer at 15 20
[miner2] I am at (15,19) which is near (15,20)
[miner2] Red retriever 1 staying near explorer at 15 20
[miner2] I am at (15,19) which is near (15,20)
[miner1] I am at (22,29) which is near (22,30)
[miner1] I chose to go near 12 29 Coordinates
[miner2] Red retriever 1 staying near explorer at 15 20
[miner5] I am at (20,14) which is near (20,13)
[miner5] I chose to go near 5 32 Coordinates
[miner2] I am at (15,19) which is near (15,20)
[miner2] Red retriever 1 staying near explorer at 15 20
[miner4] I am at (34,13) which is near (34,14)
[miner2] I am at (15,19) which is near (15,20)
[miner2] Red retriever 1 staying near explorer at 15 20
[miner2] I am at (15,19) which is near (15,20)
[miner9] I am at (4,30) which is near (5,30)
[miner9] I chose to go near 23 23 Coordinates
[miner2] Red retriever 1 staying near explorer at 15 20
[miner2] I am at (15,19) which is near (15,20)
[miner6] I am at (18,23) which is near (17,24)
[miner2] Red retriever 1 staying near explorer at 15 20
[miner6] I chose to go near 16 3 Coordinates
[miner2] I am at (15,19) which is near (15,20)
[miner8] I am at (16,26) which is near (16,27)
[miner2] Red retriever 1 staying near explorer at 15 20
[miner8] I chose to go near 32 25 Coordinates
[miner2] I am at (15,19) which is near (15,20)
[miner4] I am at (34,20) which is near (34,21)
[miner2] Red retriever 1 staying near explorer at 15 20
[miner2] I am at (15,19) which is near (15,20)
[miner2] Red retriever 1 staying near explorer at 15 20
[miner2] I am at (15,19) which is near (15,20)
[miner2] Red retriever 1 staying near explorer at 15 20
[miner2] I am at (15,19) which is near (15,20)
[miner2] Red retriever 1 staying near explorer at 15 20
[miner2] I am at (15,19) which is near (15,20)
[miner2] Red retriever 1 staying near explorer at 15 20
[miner2] I am at (15,19) which is near (15,20)
[miner1] I am at (13,29) which is near (12,29)
[miner2] Red retriever 1 staying near explorer at 15 20
[miner1] I chose to go near 11 33 Coordinates
[miner2] I am at (15,19) which is near (15,20)
[miner2] Red retriever 1 staying near explorer at 15 20
[miner2] I am at (15,19) which is near (15,20)
[miner2] Red retriever 1 staying near explorer at 15 20
[miner2] I am at (15,19) which is near (15,20)
[miner2] Red retriever 1 staying near explorer at 15 20
[miner2] I am at (15,19) which is near (15,20)
[miner2] Red retriever 1 staying near explorer at 15 20
[miner2] I am at (15,19) which is near (15,20)
[miner2] Red retriever 1 staying near explorer at 15 20
[miner2] I am at (15,19) which is near (15,20)
[miner2] Red retriever 1 staying near explorer at 15 20
[miner2] I am at (15,19) which is near (15,20)
[miner8] I am at (31,26) which is near (32,25)
[miner2] Red retriever 1 staying near explorer at 15 20
[miner8] I chose to go near 21 20 Coordinates
[miner2] I am at (15,19) which is near (15,20)
[miner2] Red retriever 1 staying near explorer at 15 20
[miner2] I am at (15,19) which is near (15,20)
[miner1] I am at (11,32) which is near (11,33)
[miner1] I chose to go near 20 25 Coordinates
[miner2] Red retriever 1 staying near explorer at 15 20
[miner2] I am at (15,19) which is near (15,20)
[miner2] Red retriever 1 staying near explorer at 15 20
[miner6] I am at (16,4) which is near (16,3)
[miner6] I chose to go near 5 24 Coordinates
[miner2] I am at (15,19) which is near (15,20)
[miner2] Red retriever 1 staying near explorer at 15 20
[miner2] I am at (15,19) which is near (15,20)
[miner2] Red retriever 1 staying near explorer at 15 20
[miner2] I am at (15,19) which is near (15,20)
[miner2] Red retriever 1 staying near explorer at 15 20
[miner2] I am at (15,19) which is near (15,20)
[miner2] Red retriever 1 staying near explorer at 15 20
[miner5] I am at (1,32) and I can't get to' (5,32)
[miner2] I am at (15,19) which is near (15,20)
[miner5] I chose to go near 5 6 Coordinates
[miner2] Red retriever 1 staying near explorer at 15 20
[miner2] I am at (15,19) which is near (15,20)
[miner8] I am at (21,21) which is near (21,20)
[miner2] Red retriever 1 staying near explorer at 15 20
[miner8] I chose to go near 20 5 Coordinates
[miner2] I am at (15,19) which is near (15,20)
[miner2] Red retriever 1 staying near explorer at 15 20
[miner2] I am at (15,19) which is near (15,20)
[miner9] I am at (22,22) which is near (23,23)
[miner2] Red retriever 1 staying near explorer at 15 20
[miner9] I chose to go near 16 28 Coordinates
[miner2] I am at (15,19) which is near (15,20)
[miner2] Red retriever 1 staying near explorer at 15 20
[miner2] I am at (15,19) which is near (15,20)
[miner2] Red retriever 1 staying near explorer at 15 20
[miner2] I am at (15,19) which is near (15,20)
[miner2] Red retriever 1 staying near explorer at 15 20
[miner2] I am at (15,19) which is near (15,20)
[miner2] Red retriever 1 staying near explorer at 15 20
[miner2] I am at (15,19) which is near (15,20)
[miner2] Red retriever 1 staying near explorer at 15 20
[miner2] I am at (15,19) which is near (15,20)
[miner2] Red retriever 1 staying near explorer at 15 20
[miner4] I am at (1,21) which is near (0,21)
[miner2] I am at (15,19) which is near (15,20)
[miner2] Red retriever 1 staying near explorer at 15 20
[miner2] I am at (15,19) which is near (15,20)
[miner2] Red retriever 1 staying near explorer at 15 20
[miner8] I am at (20,6) which is near (20,5)
[miner2] I am at (15,19) which is near (15,20)
[miner1] I am at (20,26) which is near (20,25)
[miner8] I chose to go near 26 4 Coordinates
[miner2] Red retriever 1 staying near explorer at 15 20
[miner1] I chose to go near 14 11 Coordinates
[miner2] I am at (15,19) which is near (15,20)
[miner4] I am at (0,27) which is near (0,28)
[miner2] Red retriever 1 staying near explorer at 15 20
[miner2] I am at (15,19) which is near (15,20)
[miner2] Red retriever 1 staying near explorer at 15 20
[miner2] I am at (15,19) which is near (15,20)
[miner9] I am at (13,28) and I can't get to' (16,28)
[miner9] I chose to go near 30 15 Coordinates
[miner2] Red retriever 1 staying near explorer at 15 20
[miner2] I am at (15,19) which is near (15,20)
[miner2] Red retriever 1 staying near explorer at 15 20
[miner2] I am at (15,19) which is near (15,20)
[miner8] I am at (26,5) which is near (26,4)
[miner8] I chose to go near 25 21 Coordinates
[miner2] Red retriever 1 staying near explorer at 15 20
[miner2] I am at (15,19) which is near (15,20)
[miner2] Red retriever 1 staying near explorer at 15 20
[miner2] I am at (15,19) which is near (15,20)
[miner2] Red retriever 1 staying near explorer at 15 20
[miner2] I am at (15,19) which is near (15,20)
[miner2] Red retriever 1 staying near explorer at 15 20
[miner2] I am at (15,19) which is near (15,20)
[miner2] Red retriever 1 staying near explorer at 15 20
[miner2] I am at (15,19) which is near (15,20)
[miner2] Red retriever 1 staying near explorer at 15 20
[miner2] I am at (15,19) which is near (15,20)
[miner2] Red retriever 1 staying near explorer at 15 20
[miner2] I am at (15,19) which is near (15,20)
[miner2] Red retriever 1 staying near explorer at 15 20
[miner5] I am at (5,7) which is near (5,6)
[miner2] I am at (15,19) which is near (15,20)
[miner5] I chose to go near 14 3 Coordinates
[miner2] Red retriever 1 staying near explorer at 15 20
[miner2] I am at (15,19) which is near (15,20)
[miner2] Red retriever 1 staying near explorer at 15 20
[miner2] I am at (15,19) which is near (15,20)
[miner2] Red retriever 1 staying near explorer at 15 20
[miner2] I am at (15,19) which is near (15,20)
[miner2] Red retriever 1 staying near explorer at 15 20
[miner2] I am at (15,19) which is near (15,20)
[miner2] Red retriever 1 staying near explorer at 15 20
[miner2] I am at (15,19) which is near (15,20)
[miner2] Red retriever 1 staying near explorer at 15 20
[miner2] I am at (15,19) which is near (15,20)
[miner2] Red retriever 1 staying near explorer at 15 20
[miner2] I am at (15,19) which is near (15,20)
[miner2] Red retriever 1 staying near explorer at 15 20
[miner2] I am at (15,19) which is near (15,20)
[miner2] Red retriever 1 staying near explorer at 15 20
[miner2] I am at (15,19) which is near (15,20)
[miner2] Red retriever 1 staying near explorer at 15 20
[miner2] I am at (15,19) which is near (15,20)
[miner8] I am at (25,20) which is near (25,21)
[miner2] Red retriever 1 staying near explorer at 15 20
[miner8] I chose to go near 14 20 Coordinates
[miner2] I am at (15,19) which is near (15,20)
[miner2] Red retriever 1 staying near explorer at 15 20
[miner2] I am at (15,19) which is near (15,20)
[miner2] Red retriever 1 staying near explorer at 15 20
[miner2] I am at (15,19) which is near (15,20)
[miner3] I am at (5,28) which is near (6,27)
[miner2] Red retriever 1 staying near explorer at 15 20
[miner3] I chose to go near 11 6 Coordinates
[miner2] I am at (15,19) which is near (15,20)
[miner2] Red retriever 1 staying near explorer at 15 20
[miner2] I am at (15,19) which is near (15,20)
[miner2] Red retriever 1 staying near explorer at 15 20
[miner2] I am at (15,19) which is near (15,20)
[miner5] I am at (11,3) and I can't get to' (14,3)
[miner2] Red retriever 1 staying near explorer at 15 20
[miner5] I chose to go near 33 17 Coordinates
[miner2] I am at (15,19) which is near (15,20)
[miner2] Red retriever 1 staying near explorer at 15 20
[miner2] I am at (15,19) which is near (15,20)
[miner2] Red retriever 1 staying near explorer at 15 20
[miner2] I am at (15,19) which is near (15,20)
[miner2] Red retriever 1 staying near explorer at 15 20
[miner2] I am at (15,19) which is near (15,20)
[miner2] Red retriever 1 staying near explorer at 15 20
[miner2] I am at (15,19) which is near (15,20)
[miner1] I am at (14,12) which is near (14,11)
[miner1] I chose to go near 9 29 Coordinates
[miner2] Red retriever 1 staying near explorer at 15 20
[miner2] I am at (15,19) which is near (15,20)
[miner2] Red retriever 1 staying near explorer at 15 20
[miner2] I am at (15,19) which is near (15,20)
[miner9] I am at (30,16) which is near (30,15)
[miner2] Red retriever 1 staying near explorer at 15 20
[miner9] I chose to go near 26 1 Coordinates
[miner2] I am at (15,19) which is near (15,20)
[miner8] I am at (15,20) which is near (14,20)
[miner8] I chose to go near 9 3 Coordinates
[miner2] Red retriever 1 staying near explorer at 15 20
[miner2] I am at (15,19) which is near (15,20)
[miner2] Red retriever 1 staying near explorer at 15 20
[miner2] I am at (15,19) which is near (15,20)
[miner2] Red retriever 1 staying near explorer at 15 20
[miner2] I am at (15,19) which is near (15,20)
[miner2] Red retriever 1 staying near explorer at 15 20
[miner2] I am at (15,19) which is near (15,20)
[miner2] Red retriever 1 staying near explorer at 15 20
[miner2] I am at (15,19) which is near (15,20)
[miner2] Red retriever 1 staying near explorer at 15 20
[miner2] I am at (15,19) which is near (15,20)
[miner2] Red retriever 1 staying near explorer at 15 20
[miner2] I am at (15,19) which is near (15,20)
[miner2] Red retriever 1 staying near explorer at 15 20
[miner2] I am at (15,19) which is near (15,20)
[miner2] Red retriever 1 staying near explorer at 15 20
[miner2] I am at (15,19) which is near (15,20)
[miner2] Red retriever 1 staying near explorer at 15 20
[miner2] I am at (15,19) which is near (15,20)
[miner2] Red retriever 1 staying near explorer at 15 20
[miner2] I am at (15,19) which is near (15,20)
[miner2] Red retriever 1 staying near explorer at 15 20
[miner7] I am at (13,8) which is near (14,7)
[miner2] I am at (15,19) which is near (15,20)
[miner7] I chose to go near 0 4 Coordinates
[miner2] Red retriever 1 staying near explorer at 15 20
[miner2] I am at (15,19) which is near (15,20)
[miner6] I am at (6,24) which is near (5,24)
[miner2] Red retriever 1 staying near explorer at 15 20
[miner6] I chose to go near 29 25 Coordinates
[miner2] I am at (15,19) which is near (15,20)
[miner2] Red retriever 1 staying near explorer at 15 20
[miner9] I am at (26,2) which is near (26,1)
[miner9] I chose to go near 7 31 Coordinates
[miner2] I am at (15,19) which is near (15,20)
[miner2] Red retriever 1 staying near explorer at 15 20
[miner2] I am at (15,19) which is near (15,20)
[miner2] Red retriever 1 staying near explorer at 15 20
[miner2] I am at (15,19) which is near (15,20)
[miner2] Red retriever 1 staying near explorer at 15 20
[miner2] I am at (15,19) which is near (15,20)
[miner4] I am at (34,27) which is near (34,28)
[miner2] Red retriever 1 staying near explorer at 15 20
[miner2] I am at (15,19) which is near (15,20)
[miner2] Red retriever 1 staying near explorer at 15 20
[miner2] I am at (15,19) which is near (15,20)
[miner2] Red retriever 1 staying near explorer at 15 20
[miner2] I am at (15,19) which is near (15,20)
[miner8] I am at (9,4) which is near (9,3)
[miner8] I chose to go near 9 23 Coordinates
[miner2] Red retriever 1 staying near explorer at 15 20
[miner2] I am at (15,19) which is near (15,20)
[miner2] Red retriever 1 staying near explorer at 15 20
[miner2] I am at (15,19) which is near (15,20)
[miner2] Red retriever 1 staying near explorer at 15 20
[miner2] I am at (15,19) which is near (15,20)
[miner2] Red retriever 1 staying near explorer at 15 20
[miner2] I am at (15,19) which is near (15,20)
[miner2] Red retriever 1 staying near explorer at 15 20
[miner2] I am at (15,19) which is near (15,20)
[miner2] Red retriever 1 staying near explorer at 15 20
[miner2] I am at (15,19) which is near (15,20)
[miner2] Red retriever 1 staying near explorer at 15 20
[miner2] I am at (15,19) which is near (15,20)
[miner2] Red retriever 1 staying near explorer at 15 20
[miner5] I am at (33,16) which is near (33,17)
[miner2] I am at (15,19) which is near (15,20)
[miner5] I chose to go near 8 19 Coordinates
[miner7] I am at (0,5) which is near (0,4)
[miner7] I chose to go near 5 18 Coordinates
[miner2] Red retriever 1 staying near explorer at 15 20
[miner2] I am at (15,19) which is near (15,20)
[miner2] Red retriever 1 staying near explorer at 15 20
[miner2] I am at (15,19) which is near (15,20)
[miner2] Red retriever 1 staying near explorer at 15 20
[miner2] I am at (15,19) which is near (15,20)
[miner2] Red retriever 1 staying near explorer at 15 20
[miner2] I am at (15,19) which is near (15,20)
[miner2] Red retriever 1 staying near explorer at 15 20
[miner2] I am at (15,19) which is near (15,20)
[miner2] Red retriever 1 staying near explorer at 15 20
[miner2] I am at (15,19) which is near (15,20)
[miner3] I am at (11,7) which is near (11,6)
[miner3] I chose to go near 18 7 Coordinates
[miner2] Red retriever 1 staying near explorer at 15 20
[miner2] I am at (15,19) which is near (15,20)
[miner2] Red retriever 1 staying near explorer at 15 20
[miner2] I am at (15,19) which is near (15,20)
[miner2] Red retriever 1 staying near explorer at 15 20
[miner2] I am at (15,19) which is near (15,20)
[miner2] Red retriever 1 staying near explorer at 15 20
[miner2] I am at (15,19) which is near (15,20)
[miner2] Red retriever 1 staying near explorer at 15 20
[miner3] I am at (17,7) which is near (18,7)
[miner2] I am at (15,19) which is near (15,20)
[miner3] I chose to go near 8 30 Coordinates
[miner8] I am at (1,23) and I can't get to' (9,23)
[miner8] I chose to go near 13 0 Coordinates
[miner2] Red retriever 1 staying near explorer at 15 20
[miner2] I am at (15,19) which is near (15,20)
[miner2] Red retriever 1 staying near explorer at 15 20
[miner2] I am at (15,19) which is near (15,20)
[miner2] Red retriever 1 staying near explorer at 15 20
[miner2] I am at (15,19) which is near (15,20)
[miner7] I am at (5,17) which is near (5,18)
[miner2] Red retriever 1 staying near explorer at 15 20
[miner7] I chose to go near 24 29 Coordinates
[miner2] I am at (15,19) which is near (15,20)
[miner2] Red retriever 1 staying near explorer at 15 20
[miner2] I am at (15,19) which is near (15,20)
[miner2] Red retriever 1 staying near explorer at 15 20
[miner5] I am at (9,18) which is near (8,19)
[miner2] I am at (15,19) which is near (15,20)
[miner5] I chose to go near 33 7 Coordinates
[miner1] I am at (8,30) which is near (9,29)
[miner1] I chose to go near 14 31 Coordinates
[miner2] Red retriever 1 staying near explorer at 15 20
[miner2] I am at (15,19) which is near (15,20)
[miner2] Red retriever 1 staying near explorer at 15 20
[miner2] I am at (15,19) which is near (15,20)
[miner2] Red retriever 1 staying near explorer at 15 20
[miner2] I am at (15,19) which is near (15,20)
[miner2] Red retriever 1 staying near explorer at 15 20
[miner2] I am at (15,19) which is near (15,20)
[miner2] Red retriever 1 staying near explorer at 15 20
[miner2] I am at (15,19) which is near (15,20)
[miner6] I am at (29,26) which is near (29,25)
[miner2] Red retriever 1 staying near explorer at 15 20
[miner6] I chose to go near 29 0 Coordinates
[miner2] I am at (15,19) which is near (15,20)
[miner2] Red retriever 1 staying near explorer at 15 20
[miner2] I am at (15,19) which is near (15,20)
[miner2] Red retriever 1 staying near explorer at 15 20
[miner2] I am at (15,19) which is near (15,20)
[miner2] Red retriever 1 staying near explorer at 15 20
[miner2] I am at (15,19) which is near (15,20)
[miner2] Red retriever 1 staying near explorer at 15 20
[miner2] I am at (15,19) which is near (15,20)
[miner2] Red retriever 1 staying near explorer at 15 20
[miner2] I am at (15,19) which is near (15,20)
[miner2] Red retriever 1 staying near explorer at 15 20
[miner2] I am at (15,19) which is near (15,20)
[miner2] Red retriever 1 staying near explorer at 15 20
[miner4] I am at (0,1) which is near (0,0)
[miner8] I am at (13,1) which is near (13,0)
[miner2] I am at (15,19) which is near (15,20)
[miner8] I chose to go near 24 24 Coordinates
[miner9] I am at (6,30) which is near (7,31)
[miner9] I chose to go near 29 17 Coordinates
[miner2] Red retriever 1 staying near explorer at 15 20
[miner2] I am at (15,19) which is near (15,20)
[miner2] Red retriever 1 staying near explorer at 15 20
[miner2] I am at (15,19) which is near (15,20)
[miner2] Red retriever 1 staying near explorer at 15 20
[miner2] I am at (15,19) which is near (15,20)
[miner2] Red retriever 1 staying near explorer at 15 20
[miner2] I am at (15,19) which is near (15,20)
[miner2] Red retriever 1 staying near explorer at 15 20
[miner2] I am at (15,19) which is near (15,20)
[miner2] Red retriever 1 staying near explorer at 15 20
[miner2] I am at (15,19) which is near (15,20)
[miner2] Red retriever 1 staying near explorer at 15 20
[miner2] I am at (15,19) which is near (15,20)
[miner5] I am at (33,8) which is near (33,7)
[miner5] I chose to go near 11 33 Coordinates
[miner2] Red retriever 1 staying near explorer at 15 20
[miner2] I am at (15,19) which is near (15,20)
[miner2] Red retriever 1 staying near explorer at 15 20
[miner6] I am at (29,1) which is near (29,0)
[miner6] I chose to go near 21 32 Coordinates
[miner2] I am at (15,19) which is near (15,20)
[miner2] Red retriever 1 staying near explorer at 15 20
[miner2] I am at (15,19) which is near (15,20)
[miner2] Red retriever 1 staying near explorer at 15 20
[miner2] I am at (15,19) which is near (15,20)
[miner2] Red retriever 1 staying near explorer at 15 20
[miner3] I am at (7,30) which is near (8,30)
[miner3] I chose to go near 10 3 Coordinates
[miner2] I am at (15,19) which is near (15,20)
[miner2] Red retriever 1 staying near explorer at 15 20
[miner2] I am at (15,19) which is near (15,20)
[miner2] Red retriever 1 staying near explorer at 15 20
[miner7] I am at (24,28) which is near (24,29)
[miner2] I am at (15,19) which is near (15,20)
[miner2] Red retriever 1 staying near explorer at 15 20
[miner7] I chose to go near 19 9 Coordinates
[miner2] I am at (15,19) which is near (15,20)
[miner1] I am at (13,31) which is near (14,31)
[miner2] Red retriever 1 staying near explorer at 15 20
[miner1] I chose to go near 0 5 Coordinates
[miner2] I am at (15,19) which is near (15,20)
[miner2] Red retriever 1 staying near explorer at 15 20
[miner2] I am at (15,19) which is near (15,20)
[miner2] Red retriever 1 staying near explorer at 15 20
[miner2] I am at (15,19) which is near (15,20)
[miner2] Red retriever 1 staying near explorer at 15 20
[miner2] I am at (15,19) which is near (15,20)
[miner2] Red retriever 1 staying near explorer at 15 20
[miner2] I am at (15,19) which is near (15,20)
[miner2] Red retriever 1 staying near explorer at 15 20
[miner2] I am at (15,19) which is near (15,20)
[miner2] Red retriever 1 staying near explorer at 15 20
[miner2] I am at (15,19) which is near (15,20)
[miner2] Red retriever 1 staying near explorer at 15 20
[miner2] I am at (15,19) which is near (15,20)
[miner2] Red retriever 1 staying near explorer at 15 20
[miner2] I am at (15,19) which is near (15,20)
[miner2] Red retriever 1 staying near explorer at 15 20
[miner8] I am at (24,23) which is near (24,24)
[miner4] I am at (33,1) which is near (34,0)
[miner2] I am at (15,19) which is near (15,20)
[miner8] I chose to go near 15 33 Coordinates
[miner2] Red retriever 1 staying near explorer at 15 20
[miner2] I am at (15,19) which is near (15,20)
[miner2] Red retriever 1 staying near explorer at 15 20
[miner2] I am at (15,19) which is near (15,20)
[miner2] Red retriever 1 staying near explorer at 15 20
[miner2] I am at (15,19) which is near (15,20)
[miner2] Red retriever 1 staying near explorer at 15 20
[miner2] I am at (15,19) which is near (15,20)
[miner2] Red retriever 1 staying near explorer at 15 20
[miner2] I am at (15,19) which is near (15,20)
[miner4] I am at (34,6) which is near (34,7)
[miner2] Red retriever 1 staying near explorer at 15 20
[miner2] I am at (15,19) which is near (15,20)
[miner2] Red retriever 1 staying near explorer at 15 20
[miner2] I am at (15,19) which is near (15,20)
[miner2] Red retriever 1 staying near explorer at 15 20
[miner2] I am at (15,19) which is near (15,20)
[miner2] Red retriever 1 staying near explorer at 15 20
[miner2] I am at (15,19) which is near (15,20)
[miner2] Red retriever 1 staying near explorer at 15 20
[miner2] I am at (15,19) which is near (15,20)
[miner2] Red retriever 1 staying near explorer at 15 20
[miner2] I am at (15,19) which is near (15,20)
[miner6] I am at (21,31) which is near (21,32)
[miner2] Red retriever 1 staying near explorer at 15 20
[miner6] I chose to go near 10 14 Coordinates
[miner2] I am at (15,19) which is near (15,20)
[miner2] Red retriever 1 staying near explorer at 15 20
[miner9] I am at (28,18) which is near (29,17)
[miner7] I am at (19,10) which is near (19,9)
[miner9] I chose to go near 0 2 Coordinates
[miner2] I am at (15,19) which is near (15,20)
[miner7] I chose to go near 31 1 Coordinates
[miner2] Red retriever 1 staying near explorer at 15 20
[miner5] I am at (11,32) which is near (11,33)
[miner5] I chose to go near 8 33 Coordinates
[miner2] I am at (15,19) which is near (15,20)
[miner8] I am at (16,32) which is near (15,33)
[miner2] Red retriever 1 staying near explorer at 15 20
[miner8] I chose to go near 27 28 Coordinates
[miner2] I am at (15,19) which is near (15,20)
[miner2] Red retriever 1 staying near explorer at 15 20
[miner2] I am at (15,19) which is near (15,20)
[miner2] Red retriever 1 staying near explorer at 15 20
[miner5] I am at (9,33) which is near (8,33)
[miner5] I chose to go near 10 30 Coordinates
[miner2] I am at (15,19) which is near (15,20)
[miner2] Red retriever 1 staying near explorer at 15 20
[miner2] I am at (15,19) which is near (15,20)
[miner2] Red retriever 1 staying near explorer at 15 20
[miner2] I am at (15,19) which is near (15,20)
[miner2] Red retriever 1 staying near explorer at 15 20
[miner3] I am at (10,4) which is near (10,3)
[miner2] I am at (15,19) which is near (15,20)
[miner3] I chose to go near 1 18 Coordinates
[miner2] Red retriever 1 staying near explorer at 15 20
[miner2] I am at (15,19) which is near (15,20)
[miner2] Red retriever 1 staying near explorer at 15 20
[miner2] I am at (15,19) which is near (15,20)
[miner2] Red retriever 1 staying near explorer at 15 20
[miner2] I am at (15,19) which is near (15,20)
[miner2] Red retriever 1 staying near explorer at 15 20
[miner8] I am at (27,29) which is near (27,28)
[miner8] I chose to go near 13 4 Coordinates
[miner2] I am at (15,19) which is near (15,20)
[miner2] Red retriever 1 staying near explorer at 15 20
[miner2] I am at (15,19) which is near (15,20)
[miner2] Red retriever 1 staying near explorer at 15 20
[miner2] I am at (15,19) which is near (15,20)
[miner2] Red retriever 1 staying near explorer at 15 20
[miner2] I am at (15,19) which is near (15,20)
[miner6] I am at (10,15) which is near (10,14)
[miner2] Red retriever 1 staying near explorer at 15 20
[miner6] I chose to go near 0 5 Coordinates
[miner2] I am at (15,19) which is near (15,20)
[miner4] I am at (1,6) which is near (0,7)
[miner2] Red retriever 1 staying near explorer at 15 20
[miner2] I am at (15,19) which is near (15,20)
[miner5] I am at (9,31) which is near (10,30)
[miner7] I am at (31,2) which is near (31,1)
[miner2] Red retriever 1 staying near explorer at 15 20
[miner5] I chose to go near 11 13 Coordinates
[miner7] I chose to go near 4 29 Coordinates
[miner2] I am at (15,19) which is near (15,20)
[miner2] Red retriever 1 staying near explorer at 15 20
[miner1] I am at (0,6) which is near (0,5)
[miner1] I chose to go near 33 10 Coordinates
[miner2] I am at (15,19) which is near (15,20)
[miner2] Red retriever 1 staying near explorer at 15 20
[miner2] I am at (15,19) which is near (15,20)
[miner2] Red retriever 1 staying near explorer at 15 20
[miner2] I am at (15,19) which is near (15,20)
[miner2] Red retriever 1 staying near explorer at 15 20
[miner2] I am at (15,19) which is near (15,20)
[miner4] I am at (0,13) which is near (0,14)
[miner2] Red retriever 1 staying near explorer at 15 20
[miner3] I am at (1,17) which is near (1,18)
[miner3] I chose to go near 22 31 Coordinates
[miner2] I am at (15,19) which is near (15,20)
[miner2] Red retriever 1 staying near explorer at 15 20
[miner2] I am at (15,19) which is near (15,20)
[miner2] Red retriever 1 staying near explorer at 15 20
[miner2] I am at (15,19) which is near (15,20)
[miner2] Red retriever 1 staying near explorer at 15 20
[miner2] I am at (15,19) which is near (15,20)
[miner2] Red retriever 1 staying near explorer at 15 20
[miner2] I am at (15,19) which is near (15,20)
[miner6] I am at (0,6) which is near (0,5)
[miner6] I chose to go near 15 9 Coordinates
[miner2] Red retriever 1 staying near explorer at 15 20
[miner9] I am at (0,3) which is near (0,2)
[miner2] I am at (15,19) which is near (15,20)
[miner9] I chose to go near 30 25 Coordinates
[miner2] Red retriever 1 staying near explorer at 15 20
[miner2] I am at (15,19) which is near (15,20)
[miner2] Red retriever 1 staying near explorer at 15 20
[miner2] I am at (15,19) which is near (15,20)
[miner2] Red retriever 1 staying near explorer at 15 20
[miner2] I am at (15,19) which is near (15,20)
[miner8] I am at (13,5) which is near (13,4)
[miner2] Red retriever 1 staying near explorer at 15 20
[miner8] I chose to go near 4 26 Coordinates
[miner2] I am at (15,19) which is near (15,20)
[miner2] Red retriever 1 staying near explorer at 15 20
[miner2] I am at (15,19) which is near (15,20)
[miner2] Red retriever 1 staying near explorer at 15 20
[miner2] I am at (15,19) which is near (15,20)
[miner2] Red retriever 1 staying near explorer at 15 20
[leader] Time left: 2 seconds
[miner2] I am at (15,19) which is near (15,20)
[miner3] Leader says time left is 2 seconds
[miner6] Leader says time left is 2 seconds
[miner4] Leader says time left is 2 seconds
[miner1] Leader says time left is 2 seconds
[miner8] Leader says time left is 2 seconds
[miner9] Leader says time left is 2 seconds
[miner7] Leader says time left is 2 seconds
[miner2] Leader says time left is 2 seconds
[miner5] Leader says time left is 2 seconds
[miner2] Red retriever 1 staying near explorer at 15 20
[miner6] I am at (14,9) which is near (15,9)
[miner6] I chose to go near 3 16 Coordinates
[miner2] I am at (15,19) which is near (15,20)
[miner5] I am at (11,14) which is near (11,13)
[miner5] I chose to go near 21 18 Coordinates
[miner2] Red retriever 1 staying near explorer at 15 20
[miner2] I am at (15,19) which is near (15,20)
[miner2] Red retriever 1 staying near explorer at 15 20
[miner2] I am at (15,19) which is near (15,20)
[miner3] I am at (22,30) which is near (22,31)
[miner3] I chose to go near 2 13 Coordinates
[miner2] Red retriever 1 staying near explorer at 15 20
[miner2] I am at (15,19) which is near (15,20)
[miner2] Red retriever 1 staying near explorer at 15 20
[miner2] I am at (15,19) which is near (15,20)
[miner6] I am at (4,15) which is near (3,16)
[miner2] Red retriever 1 staying near explorer at 15 20
[miner6] I chose to go near 15 15 Coordinates
[miner2] I am at (15,19) which is near (15,20)
[miner2] Red retriever 1 staying near explorer at 15 20
[miner2] I am at (15,19) which is near (15,20)
[miner4] I am at (34,13) which is near (34,14)
[miner2] Red retriever 1 staying near explorer at 15 20
[miner2] I am at (15,19) which is near (15,20)
[miner5] I am at (20,17) which is near (21,18)
[miner5] I chose to go near 9 24 Coordinates
[miner2] Red retriever 1 staying near explorer at 15 20
[miner1] I am at (33,9) which is near (33,10)
[miner2] I am at (15,19) which is near (15,20)
[miner1] I chose to go near 33 9 Coordinates
[miner1] I am at (33,9) which is near (33,9)
[miner1] I chose to go near 7 8 Coordinates
[miner2] Red retriever 1 staying near explorer at 15 20
[miner2] I am at (15,19) which is near (15,20)
[miner2] Red retriever 1 staying near explorer at 15 20
[miner2] I am at (15,19) which is near (15,20)
[miner2] Red retriever 1 staying near explorer at 15 20
[miner2] I am at (15,19) which is near (15,20)
[miner2] Red retriever 1 staying near explorer at 15 20
[miner2] I am at (15,19) which is near (15,20)
[miner4] I am at (34,20) which is near (34,21)
[miner2] Red retriever 1 staying near explorer at 15 20
[miner2] I am at (15,19) which is near (15,20)
[miner2] Red retriever 1 staying near explorer at 15 20
[miner2] I am at (15,19) which is near (15,20)
[miner2] Red retriever 1 staying near explorer at 15 20
[miner2] I am at (15,19) which is near (15,20)
[miner6] I am at (14,15) which is near (15,15)
[miner6] I chose to go near 12 6 Coordinates
[miner2] Red retriever 1 staying near explorer at 15 20
[miner2] I am at (15,19) which is near (15,20)
[miner2] Red retriever 1 staying near explorer at 15 20
[miner2] I am at (15,19) which is near (15,20)
[miner2] Red retriever 1 staying near explorer at 15 20
[miner2] I am at (15,19) which is near (15,20)
[miner2] Red retriever 1 staying near explorer at 15 20
[miner2] I am at (15,19) which is near (15,20)
[miner2] Red retriever 1 staying near explorer at 15 20
[miner2] I am at (15,19) which is near (15,20)
[miner2] Red retriever 1 staying near explorer at 15 20
[miner2] I am at (15,19) which is near (15,20)
[miner2] Red retriever 1 staying near explorer at 15 20
[miner2] I am at (15,19) which is near (15,20)
[miner2] Red retriever 1 staying near explorer at 15 20
[miner2] I am at (15,19) which is near (15,20)
[miner2] Red retriever 1 staying near explorer at 15 20
[miner2] I am at (15,19) which is near (15,20)
[miner2] Red retriever 1 staying near explorer at 15 20
[miner2] I am at (15,19) which is near (15,20)
[miner3] I am at (2,14) which is near (2,13)
[miner2] Red retriever 1 staying near explorer at 15 20
[miner3] I chose to go near 11 17 Coordinates
[miner2] I am at (15,19) which is near (15,20)
[miner2] Red retriever 1 staying near explorer at 15 20
[miner7] I am at (1,29) and I can't get to' (4,29)
[miner7] I chose to go near 20 20 Coordinates
[miner2] I am at (15,19) which is near (15,20)
[miner2] Red retriever 1 staying near explorer at 15 20
[miner2] I am at (15,19) which is near (15,20)
[miner2] Red retriever 1 staying near explorer at 15 20
[miner2] I am at (15,19) which is near (15,20)
[miner2] Red retriever 1 staying near explorer at 15 20
[miner2] I am at (15,19) which is near (15,20)
[miner2] Red retriever 1 staying near explorer at 15 20
[miner2] I am at (15,19) which is near (15,20)
[miner2] Red retriever 1 staying near explorer at 15 20
[miner2] I am at (15,19) which is near (15,20)
[miner2] Red retriever 1 staying near explorer at 15 20
[miner8] I am at (3,25) which is near (4,26)
[miner2] I am at (15,19) which is near (15,20)
[miner8] I chose to go near 28 11 Coordinates
[miner2] Red retriever 1 staying near explorer at 15 20
[miner2] I am at (15,19) which is near (15,20)
[miner2] Red retriever 1 staying near explorer at 15 20
[miner1] I am at (8,9) which is near (7,8)
[miner1] I chose to go near 11 18 Coordinates
[miner2] I am at (15,19) which is near (15,20)
[miner2] Red retriever 1 staying near explorer at 15 20
[miner2] I am at (15,19) which is near (15,20)
[miner2] Red retriever 1 staying near explorer at 15 20
[miner2] I am at (15,19) which is near (15,20)
[miner3] I am at (10,18) which is near (11,17)
[miner2] Red retriever 1 staying near explorer at 15 20
[miner3] I chose to go near 11 10 Coordinates
[miner2] I am at (15,19) which is near (15,20)
[miner2] Red retriever 1 staying near explorer at 15 20
[miner2] I am at (15,19) which is near (15,20)
[miner2] Red retriever 1 staying near explorer at 15 20
[miner2] I am at (15,19) which is near (15,20)
[miner2] Red retriever 1 staying near explorer at 15 20
[miner4] I am at (1,21) which is near (0,21)
[miner2] I am at (15,19) which is near (15,20)
[miner2] Red retriever 1 staying near explorer at 15 20
[miner2] I am at (15,19) which is near (15,20)
[miner2] Red retriever 1 staying near explorer at 15 20
[miner2] I am at (15,19) which is near (15,20)
[miner2] Red retriever 1 staying near explorer at 15 20
[miner2] I am at (15,19) which is near (15,20)
[miner2] Red retriever 1 staying near explorer at 15 20
[miner2] I am at (15,19) which is near (15,20)
[miner2] Red retriever 1 staying near explorer at 15 20
[miner2] I am at (15,19) which is near (15,20)
[miner3] I am at (11,11) which is near (11,10)
[miner2] Red retriever 1 staying near explorer at 15 20
[miner1] I am at (11,17) which is near (11,18)
[miner3] I chose to go near 24 5 Coordinates
[miner1] I chose to go near 17 4 Coordinates
[miner2] I am at (15,19) which is near (15,20)
[miner2] Red retriever 1 staying near explorer at 15 20
[miner2] I am at (15,19) which is near (15,20)
[miner5] I am at (9,25) which is near (9,24)
[miner5] I chose to go near 25 19 Coordinates
[miner2] Red retriever 1 staying near explorer at 15 20
[miner2] I am at (15,19) which is near (15,20)
[miner2] Red retriever 1 staying near explorer at 15 20
[miner2] I am at (15,19) which is near (15,20)
[miner2] Red retriever 1 staying near explorer at 15 20
[miner2] I am at (15,19) which is near (15,20)
[miner2] Red retriever 1 staying near explorer at 15 20
[miner2] I am at (15,19) which is near (15,20)
[miner9] I am at (30,24) which is near (30,25)
[miner9] I chose to go near 0 33 Coordinates
[miner2] Red retriever 1 staying near explorer at 15 20
[miner2] I am at (15,19) which is near (15,20)
[miner2] Red retriever 1 staying near explorer at 15 20
[miner2] I am at (15,19) which is near (15,20)
[miner2] Red retriever 1 staying near explorer at 15 20
[miner2] I am at (15,19) which is near (15,20)
[miner2] Red retriever 1 staying near explorer at 15 20
[miner2] I am at (15,19) which is near (15,20)
[miner2] Red retriever 1 staying near explorer at 15 20
[miner2] I am at (15,19) which is near (15,20)
[miner2] Red retriever 1 staying near explorer at 15 20
[miner2] I am at (15,19) which is near (15,20)
[miner2] Red retriever 1 staying near explorer at 15 20
[miner7] I am at (20,21) which is near (20,20)
[miner2] I am at (15,19) which is near (15,20)
[miner7] I chose to go near 30 17 Coordinates
[miner2] Red retriever 1 staying near explorer at 15 20
[miner2] I am at (15,19) which is near (15,20)
[miner2] Red retriever 1 staying near explorer at 15 20
[miner2] I am at (15,19) which is near (15,20)
[miner2] Red retriever 1 staying near explorer at 15 20
[miner2] I am at (15,19) which is near (15,20)
[miner2] Red retriever 1 staying near explorer at 15 20
[miner3] I am at (24,6) which is near (24,5)
[miner3] I chose to go near 8 14 Coordinates
[miner2] I am at (15,19) which is near (15,20)
[miner2] Red retriever 1 staying near explorer at 15 20
[miner2] I am at (15,19) which is near (15,20)
[miner2] Red retriever 1 staying near explorer at 15 20
[miner2] I am at (15,19) which is near (15,20)
[miner2] Red retriever 1 staying near explorer at 15 20
[miner2] I am at (15,19) which is near (15,20)
[miner2] Red retriever 1 staying near explorer at 15 20
[miner2] I am at (15,19) which is near (15,20)
[miner2] Red retriever 1 staying near explorer at 15 20
[miner2] I am at (15,19) which is near (15,20)
[miner2] Red retriever 1 staying near explorer at 15 20
[miner2] I am at (15,19) which is near (15,20)
[miner2] Red retriever 1 staying near explorer at 15 20
[miner2] I am at (15,19) which is near (15,20)
[miner2] Red retriever 1 staying near explorer at 15 20
[miner2] I am at (15,19) which is near (15,20)
[miner2] Red retriever 1 staying near explorer at 15 20
[miner2] I am at (15,19) which is near (15,20)
[miner1] I am at (17,5) which is near (17,4)
[miner7] I am at (30,18) which is near (30,17)
[miner7] I chose to go near 33 23 Coordinates
[miner1] I chose to go near 16 32 Coordinates
[miner2] Red retriever 1 staying near explorer at 15 20
[miner2] I am at (15,19) which is near (15,20)
[miner2] Red retriever 1 staying near explorer at 15 20
[miner2] I am at (15,19) which is near (15,20)
[miner2] Red retriever 1 staying near explorer at 15 20
[miner2] I am at (15,19) which is near (15,20)
[miner2] Red retriever 1 staying near explorer at 15 20
[miner2] I am at (15,19) which is near (15,20)
[miner2] Red retriever 1 staying near explorer at 15 20
[miner2] I am at (15,19) which is near (15,20)
[miner2] Red retriever 1 staying near explorer at 15 20
[miner2] I am at (15,19) which is near (15,20)
[miner2] Red retriever 1 staying near explorer at 15 20
[miner7] I am at (33,22) which is near (33,23)
[miner7] I chose to go near 28 13 Coordinates
[miner2] I am at (15,19) which is near (15,20)
[miner2] Red retriever 1 staying near explorer at 15 20
[miner2] I am at (15,19) which is near (15,20)
[miner3] I am at (7,13) which is near (8,14)
[miner3] I chose to go near 27 5 Coordinates
[miner2] Red retriever 1 staying near explorer at 15 20
[miner2] I am at (15,19) which is near (15,20)
[miner2] Red retriever 1 staying near explorer at 15 20
[miner2] I am at (15,19) which is near (15,20)
[miner6] I am at (12,7) which is near (12,6)
[miner5] I am at (25,20) which is near (25,19)
[miner6] I chose to go near 7 30 Coordinates
[miner2] Red retriever 1 staying near explorer at 15 20
[miner5] I chose to go near 11 6 Coordinates
[miner9] I am at (1,33) which is near (0,33)
[miner9] I chose to go near 27 5 Coordinates
[miner2] I am at (15,19) which is near (15,20)
[miner2] Red retriever 1 staying near explorer at 15 20
[miner2] I am at (15,19) which is near (15,20)
[miner2] Red retriever 1 staying near explorer at 15 20
[miner8] I am at (28,12) which is near (28,11)
[miner8] I chose to go near 13 4 Coordinates
[miner2] I am at (15,19) which is near (15,20)
[miner2] Red retriever 1 staying near explorer at 15 20
[miner2] I am at (15,19) which is near (15,20)
[miner2] Red retriever 1 staying near explorer at 15 20
[miner2] I am at (15,19) which is near (15,20)
[miner2] Red retriever 1 staying near explorer at 15 20
[miner2] I am at (15,19) which is near (15,20)
[miner2] Red retriever 1 staying near explorer at 15 20
[miner7] I am at (29,14) which is near (28,13)
[miner7] I chose to go near 23 21 Coordinates
[miner2] I am at (15,19) which is near (15,20)
[miner2] Red retriever 1 staying near explorer at 15 20
[miner2] I am at (15,19) which is near (15,20)
[miner2] Red retriever 1 staying near explorer at 15 20
[miner2] I am at (15,19) which is near (15,20)
[miner2] Red retriever 1 staying near explorer at 15 20
[miner2] I am at (15,19) which is near (15,20)
[miner2] Red retriever 1 staying near explorer at 15 20
[miner2] I am at (15,19) which is near (15,20)
[miner2] Red retriever 1 staying near explorer at 15 20
[miner2] I am at (15,19) which is near (15,20)
[miner2] Red retriever 1 staying near explorer at 15 20
[miner2] I am at (15,19) which is near (15,20)
[miner2] Red retriever 1 staying near explorer at 15 20
[miner2] I am at (15,19) which is near (15,20)
[miner2] Red retriever 1 staying near explorer at 15 20
[miner2] I am at (15,19) which is near (15,20)
[miner2] Red retriever 1 staying near explorer at 15 20
[miner2] I am at (15,19) which is near (15,20)
[miner2] Red retriever 1 staying near explorer at 15 20
[miner3] I am at (27,6) which is near (27,5)
[miner2] I am at (15,19) which is near (15,20)
[miner3] I chose to go near 0 13 Coordinates
[miner7] I am at (23,20) which is near (23,21)
[miner7] I chose to go near 32 21 Coordinates
[miner2] Red retriever 1 staying near explorer at 15 20
[miner8] I am at (13,5) which is near (13,4)
[miner8] I chose to go near 31 28 Coordinates
[miner2] I am at (15,19) which is near (15,20)
[miner5] I am at (11,7) which is near (11,6)
[miner5] I chose to go near 14 16 Coordinates
[miner2] Red retriever 1 staying near explorer at 15 20
[miner2] I am at (15,19) which is near (15,20)
[miner2] Red retriever 1 staying near explorer at 15 20
[miner2] I am at (15,19) which is near (15,20)
[miner2] Red retriever 1 staying near explorer at 15 20
[miner2] I am at (15,19) which is near (15,20)
[miner2] Red retriever 1 staying near explorer at 15 20
[miner2] I am at (15,19) which is near (15,20)
[miner7] I am at (31,21) which is near (32,21)
[miner7] I chose to go near 19 29 Coordinates
[miner2] Red retriever 1 staying near explorer at 15 20
[miner4] I am at (0,27) which is near (0,28)
[miner2] I am at (15,19) which is near (15,20)
[miner2] Red retriever 1 staying near explorer at 15 20
[miner2] I am at (15,19) which is near (15,20)
[miner5] I am at (14,15) which is near (14,16)
[miner2] Red retriever 1 staying near explorer at 15 20
[miner5] I chose to go near 2 29 Coordinates
[miner1] I am at (16,31) which is near (16,32)
[miner2] I am at (15,19) which is near (15,20)
[miner1] I chose to go near 11 9 Coordinates
[miner2] Red retriever 1 staying near explorer at 15 20
[miner2] I am at (15,19) which is near (15,20)
[miner2] Red retriever 1 staying near explorer at 15 20
[miner2] I am at (15,19) which is near (15,20)
[miner2] Red retriever 1 staying near explorer at 15 20
[miner2] I am at (15,19) which is near (15,20)
[miner2] Red retriever 1 staying near explorer at 15 20
[miner2] I am at (15,19) which is near (15,20)
[miner2] Red retriever 1 staying near explorer at 15 20
[miner2] I am at (15,19) which is near (15,20)
[miner2] Red retriever 1 staying near explorer at 15 20
[miner2] I am at (15,19) which is near (15,20)
[miner2] Red retriever 1 staying near explorer at 15 20
[miner2] I am at (15,19) which is near (15,20)
[miner6] I am at (6,30) which is near (7,30)
[miner2] Red retriever 1 staying near explorer at 15 20
[miner6] I chose to go near 10 23 Coordinates
[miner2] I am at (15,19) which is near (15,20)
[miner2] Red retriever 1 staying near explorer at 15 20
[miner2] I am at (15,19) which is near (15,20)
[miner3] I am at (0,12) which is near (0,13)
[miner2] Red retriever 1 staying near explorer at 15 20
[miner3] I chose to go near 14 15 Coordinates
[miner2] I am at (15,19) which is near (15,20)
[miner2] Red retriever 1 staying near explorer at 15 20
[miner2] I am at (15,19) which is near (15,20)
[miner2] Red retriever 1 staying near explorer at 15 20
[miner2] I am at (15,19) which is near (15,20)
[miner9] I am at (27,6) which is near (27,5)
[miner2] Red retriever 1 staying near explorer at 15 20
[miner9] I chose to go near 14 30 Coordinates
[miner2] I am at (15,19) which is near (15,20)
[miner2] Red retriever 1 staying near explorer at 15 20
[miner6] I am at (1,23) and I can't get to' (10,23)
[miner2] I am at (15,19) which is near (15,20)
[miner6] I chose to go near 29 29 Coordinates
[miner2] Red retriever 1 staying near explorer at 15 20
[miner2] I am at (15,19) which is near (15,20)
[miner2] Red retriever 1 staying near explorer at 15 20
[miner5] I am at (1,28) which is near (2,29)
[miner2] I am at (15,19) which is near (15,20)
[miner5] I chose to go near 26 20 Coordinates
[miner2] Red retriever 1 staying near explorer at 15 20
[miner7] I am at (20,29) which is near (19,29)
[miner7] I chose to go near 1 5 Coordinates
[miner2] I am at (15,19) which is near (15,20)
[miner2] Red retriever 1 staying near explorer at 15 20
[miner2] I am at (15,19) which is near (15,20)
[miner2] Red retriever 1 staying near explorer at 15 20
[miner2] I am at (15,19) which is near (15,20)
[miner2] Red retriever 1 staying near explorer at 15 20
[miner2] I am at (15,19) which is near (15,20)
[miner2] Red retriever 1 staying near explorer at 15 20
[miner2] I am at (15,19) which is near (15,20)
[miner3] I am at (13,15) which is near (14,15)
[miner3] I chose to go near 13 5 Coordinates
[miner2] Red retriever 1 staying near explorer at 15 20
[miner2] I am at (15,19) which is near (15,20)
[miner2] Red retriever 1 staying near explorer at 15 20
[miner2] I am at (15,19) which is near (15,20)
[miner2] Red retriever 1 staying near explorer at 15 20
[miner2] I am at (15,19) which is near (15,20)
[miner2] Red retriever 1 staying near explorer at 15 20
[miner2] I am at (15,19) which is near (15,20)
[miner4] I am at (34,27) which is near (34,28)
[miner1] I am at (11,10) which is near (11,9)
[miner2] Red retriever 1 staying near explorer at 15 20
[miner1] I chose to go near 14 11 Coordinates
[miner2] I am at (15,19) which is near (15,20)
[miner2] Red retriever 1 staying near explorer at 15 20
[miner2] I am at (15,19) which is near (15,20)
[miner3] I am at (13,6) which is near (13,5)
[miner3] I chose to go near 2 32 Coordinates
[miner2] Red retriever 1 staying near explorer at 15 20
[miner9] I am at (15,29) which is near (14,30)
[miner9] I chose to go near 10 3 Coordinates
[miner1] I am at (13,10) which is near (14,11)
[miner2] I am at (15,19) which is near (15,20)
[miner1] I chose to go near 15 10 Coordinates
[miner2] Red retriever 1 staying near explorer at 15 20
[miner2] I am at (15,19) which is near (15,20)
[miner1] I am at (14,10) which is near (15,10)
[miner1] I chose to go near 33 11 Coordinates
[miner2] Red retriever 1 staying near explorer at 15 20
[miner2] I am at (15,19) which is near (15,20)
[miner2] Red retriever 1 staying near explorer at 15 20
[miner2] I am at (15,19) which is near (15,20)
[miner2] Red retriever 1 staying near explorer at 15 20
[miner2] I am at (15,19) which is near (15,20)
[miner2] Red retriever 1 staying near explorer at 15 20
[miner2] I am at (15,19) which is near (15,20)
[miner2] Red retriever 1 staying near explorer at 15 20
[miner6] I am at (29,28) which is near (29,29)
[miner2] I am at (15,19) which is near (15,20)
[miner6] I chose to go near 5 22 Coordinates
[miner5] I am at (26,21) which is near (26,20)
[miner2] Red retriever 1 staying near explorer at 15 20
[miner5] I chose to go near 28 28 Coordinates
[miner2] I am at (15,19) which is near (15,20)
[miner2] Red retriever 1 staying near explorer at 15 20
[miner2] I am at (15,19) which is near (15,20)
[miner2] Red retriever 1 staying near explorer at 15 20
[miner2] I am at (15,19) which is near (15,20)
[miner2] Red retriever 1 staying near explorer at 15 20
[miner5] I am at (28,27) which is near (28,28)
[miner5] I chose to go near 20 7 Coordinates
[miner2] I am at (15,19) which is near (15,20)
[miner2] Red retriever 1 staying near explorer at 15 20
[miner1] I am at (32,10) which is near (33,11)
[miner1] I chose to go near 15 1 Coordinates
[miner2] I am at (15,19) which is near (15,20)
[miner2] Red retriever 1 staying near explorer at 15 20
[miner2] I am at (15,19) which is near (15,20)
[miner2] Red retriever 1 staying near explorer at 15 20
[miner2] I am at (15,19) which is near (15,20)
[miner2] Red retriever 1 staying near explorer at 15 20
[miner9] I am at (10,4) which is near (10,3)
[miner2] I am at (15,19) which is near (15,20)
[miner9] I chose to go near 6 2 Coordinates
[miner2] Red retriever 1 staying near explorer at 15 20
[miner2] I am at (15,19) which is near (15,20)
[miner3] I am at (1,31) which is near (2,32)
[miner3] I chose to go near 27 1 Coordinates
[miner2] Red retriever 1 staying near explorer at 15 20
[miner9] I am at (6,3) which is near (6,2)
[miner9] I chose to go near 18 24 Coordinates
[miner2] I am at (15,19) which is near (15,20)
[miner2] Red retriever 1 staying near explorer at 15 20
[miner2] I am at (15,19) which is near (15,20)
[miner8] I am at (31,27) which is near (31,28)
[miner8] I chose to go near 32 26 Coordinates
[miner8] I am at (31,27) which is near (32,26)
[miner8] I chose to go near 11 33 Coordinates
[miner2] Red retriever 1 staying near explorer at 15 20
[miner2] I am at (15,19) which is near (15,20)
[miner6] I am at (6,22) which is near (5,22)
[miner6] I chose to go near 3 30 Coordinates
[miner2] Red retriever 1 staying near explorer at 15 20
[miner2] I am at (15,19) which is near (15,20)
[miner2] Red retriever 1 staying near explorer at 15 20
[miner2] I am at (15,19) which is near (15,20)
[miner2] Red retriever 1 staying near explorer at 15 20
[miner5] I am at (21,8) which is near (20,7)
[miner5] I chose to go near 5 31 Coordinates
[miner2] I am at (15,19) which is near (15,20)
[miner2] Red retriever 1 staying near explorer at 15 20
[miner2] I am at (15,19) which is near (15,20)
[miner6] I am at (2,30) which is near (3,30)
[miner2] Red retriever 1 staying near explorer at 15 20
[miner6] I chose to go near 18 8 Coordinates
[miner2] I am at (15,19) which is near (15,20)
[miner1] I am at (16,2) which is near (15,1)
[miner1] I chose to go near 2 20 Coordinates
[miner2] Red retriever 1 staying near explorer at 15 20
[miner4] I am at (0,1) which is near (0,0)
[miner2] I am at (15,19) which is near (15,20)
[miner2] Red retriever 1 staying near explorer at 15 20
[miner2] I am at (15,19) which is near (15,20)
[miner8] I am at (11,32) which is near (11,33)
[miner8] I chose to go near 33 18 Coordinates
[miner2] Red retriever 1 staying near explorer at 15 20
[miner2] I am at (15,19) which is near (15,20)
[miner2] Red retriever 1 staying near explorer at 15 20
[miner2] I am at (15,19) which is near (15,20)
[miner2] Red retriever 1 staying near explorer at 15 20
[miner2] I am at (15,19) which is near (15,20)
[miner2] Red retriever 1 staying near explorer at 15 20
[miner9] I am at (18,23) which is near (18,24)
[miner9] I chose to go near 9 2 Coordinates
[miner2] I am at (15,19) which is near (15,20)
[miner2] Red retriever 1 staying near explorer at 15 20
[miner2] I am at (15,19) which is near (15,20)
[miner2] Red retriever 1 staying near explorer at 15 20
[miner2] I am at (15,19) which is near (15,20)
[miner2] Red retriever 1 staying near explorer at 15 20
[miner2] I am at (15,19) which is near (15,20)
[miner2] Red retriever 1 staying near explorer at 15 20
[miner2] I am at (15,19) which is near (15,20)
[miner2] Red retriever 1 staying near explorer at 15 20
[miner2] I am at (15,19) which is near (15,20)
[miner2] Red retriever 1 staying near explorer at 15 20
[miner2] I am at (15,19) which is near (15,20)
[miner2] Red retriever 1 staying near explorer at 15 20
[miner2] I am at (15,19) which is near (15,20)
[miner2] Red retriever 1 staying near explorer at 15 20
[miner2] I am at (15,19) which is near (15,20)
[miner2] Red retriever 1 staying near explorer at 15 20
[miner2] I am at (15,19) which is near (15,20)
[miner2] Red retriever 1 staying near explorer at 15 20
[miner2] I am at (15,19) which is near (15,20)
[miner2] Red retriever 1 staying near explorer at 15 20
[miner2] I am at (15,19) which is near (15,20)
[miner2] Red retriever 1 staying near explorer at 15 20
[miner2] I am at (15,19) which is near (15,20)
[miner2] Red retriever 1 staying near explorer at 15 20
[miner2] I am at (15,19) which is near (15,20)
[miner2] Red retriever 1 staying near explorer at 15 20
[miner2] I am at (15,19) which is near (15,20)
[miner2] Red retriever 1 staying near explorer at 15 20
[miner9] I am at (9,3) which is near (9,2)
[miner9] I chose to go near 19 14 Coordinates
[miner2] I am at (15,19) which is near (15,20)
[miner4] I am at (33,1) which is near (34,0)
[miner3] I am at (27,2) which is near (27,1)
[miner3] I chose to go near 22 2 Coordinates
[miner2] Red retriever 1 staying near explorer at 15 20
[miner2] I am at (15,19) which is near (15,20)
[miner6] I am at (18,9) which is near (18,8)
[miner2] Red retriever 1 staying near explorer at 15 20
[miner6] I chose to go near 24 19 Coordinates
[miner2] I am at (15,19) which is near (15,20)
[miner2] Red retriever 1 staying near explorer at 15 20
[miner2] I am at (15,19) which is near (15,20)
[miner3] I am at (23,2) which is near (22,2)
[miner2] Red retriever 1 staying near explorer at 15 20
[miner8] I am at (33,19) which is near (33,18)
[miner3] I chose to go near 1 16 Coordinates
[miner5] I am at (4,30) which is near (5,31)
[miner4] I am at (34,6) which is near (34,7)
[miner2] I am at (15,19) which is near (15,20)
[miner8] I chose to go near 19 9 Coordinates
[miner5] I chose to go near 9 10 Coordinates
[miner2] Red retriever 1 staying near explorer at 15 20
[miner2] I am at (15,19) which is near (15,20)
[miner2] Red retriever 1 staying near explorer at 15 20
[miner2] I am at (15,19) which is near (15,20)
[miner2] Red retriever 1 staying near explorer at 15 20
[miner2] I am at (15,19) which is near (15,20)
[miner2] Red retriever 1 staying near explorer at 15 20
[miner2] I am at (15,19) which is near (15,20)
[miner2] Red retriever 1 staying near explorer at 15 20
[miner6] I am at (24,18) which is near (24,19)
[miner2] I am at (15,19) which is near (15,20)
[miner6] I chose to go near 13 25 Coordinates
[miner1] I am at (2,19) which is near (2,20)
[miner2] Red retriever 1 staying near explorer at 15 20
[miner1] I chose to go near 19 1 Coordinates
[miner2] I am at (15,19) which is near (15,20)
[miner2] Red retriever 1 staying near explorer at 15 20
[miner2] I am at (15,19) which is near (15,20)
[miner2] Red retriever 1 staying near explorer at 15 20
[miner2] I am at (15,19) which is near (15,20)
[miner2] Red retriever 1 staying near explorer at 15 20
[miner2] I am at (15,19) which is near (15,20)
[miner2] Red retriever 1 staying near explorer at 15 20
[miner2] I am at (15,19) which is near (15,20)
[miner2] Red retriever 1 staying near explorer at 15 20
[miner9] I am at (18,14) which is near (19,14)
[miner2] I am at (15,19) which is near (15,20)
[miner9] I chose to go near 19 2 Coordinates
[miner2] Red retriever 1 staying near explorer at 15 20
[miner2] I am at (15,19) which is near (15,20)
[miner2] Red retriever 1 staying near explorer at 15 20
[miner2] I am at (15,19) which is near (15,20)
[miner7] I am at (1,6) which is near (1,5)
[miner2] Red retriever 1 staying near explorer at 15 20
[miner6] I am at (13,24) which is near (13,25)
[miner7] I chose to go near 18 21 Coordinates
[miner6] I chose to go near 5 12 Coordinates
[miner2] I am at (15,19) which is near (15,20)
[miner2] Red retriever 1 staying near explorer at 15 20
[miner2] I am at (15,19) which is near (15,20)
[miner2] Red retriever 1 staying near explorer at 15 20
[miner2] I am at (15,19) which is near (15,20)
[miner2] Red retriever 1 staying near explorer at 15 20
[miner2] I am at (15,19) which is near (15,20)
[miner2] Red retriever 1 staying near explorer at 15 20
[miner9] I am at (18,2) which is near (19,2)
[miner9] I chose to go near 21 5 Coordinates
[miner2] I am at (15,19) which is near (15,20)
[miner2] Red retriever 1 staying near explorer at 15 20
[miner2] I am at (15,19) which is near (15,20)
[miner5] I am at (9,11) which is near (9,10)
[miner3] I am at (1,15) which is near (1,16)
[miner2] Red retriever 1 staying near explorer at 15 20
[miner5] I chose to go near 4 21 Coordinates
[miner3] I chose to go near 17 13 Coordinates
[miner9] I am at (21,4) which is near (21,5)
[miner2] I am at (15,19) which is near (15,20)
[miner9] I chose to go near 17 7 Coordinates
[miner2] Red retriever 1 staying near explorer at 15 20
[miner6] I am at (5,13) which is near (5,12)
[miner6] I chose to go near 11 19 Coordinates
[miner2] I am at (15,19) which is near (15,20)
[miner2] Red retriever 1 staying near explorer at 15 20
[miner2] I am at (15,19) which is near (15,20)
[miner9] I am at (17,6) which is near (17,7)
[miner9] I chose to go near 2 22 Coordinates
[miner2] Red retriever 1 staying near explorer at 15 20
[miner2] I am at (15,19) which is near (15,20)
[miner2] Red retriever 1 staying near explorer at 15 20
[miner2] I am at (15,19) which is near (15,20)
[miner6] I am at (11,18) which is near (11,19)
[miner2] Red retriever 1 staying near explorer at 15 20
[miner6] I chose to go near 10 16 Coordinates
[miner2] I am at (15,19) which is near (15,20)
[miner2] Red retriever 1 staying near explorer at 15 20
[miner2] I am at (15,19) which is near (15,20)
[miner5] I am at (4,20) which is near (4,21)
[miner6] I am at (10,17) which is near (10,16)
[miner2] Red retriever 1 staying near explorer at 15 20
[miner6] I chose to go near 22 25 Coordinates
[miner5] I chose to go near 26 32 Coordinates
[miner2] I am at (15,19) which is near (15,20)
[miner2] Red retriever 1 staying near explorer at 15 20
[miner2] I am at (15,19) which is near (15,20)
[miner3] I am at (16,12) which is near (17,13)
[miner3] I chose to go near 22 28 Coordinates
[miner1] I am at (18,2) which is near (19,1)
[miner2] Red retriever 1 staying near explorer at 15 20
[miner1] I chose to go near 18 9 Coordinates
[miner2] I am at (15,19) which is near (15,20)
[miner2] Red retriever 1 staying near explorer at 15 20
[miner2] I am at (15,19) which is near (15,20)
[miner2] Red retriever 1 staying near explorer at 15 20
[miner2] I am at (15,19) which is near (15,20)
[miner2] Red retriever 1 staying near explorer at 15 20
[miner1] I am at (18,8) which is near (18,9)
[miner1] I chose to go near 16 19 Coordinates
[miner2] I am at (15,19) which is near (15,20)
[miner9] I am at (2,21) which is near (2,22)
[miner9] I chose to go near 7 20 Coordinates
[miner7] I am at (18,20) which is near (18,21)
[miner2] Red retriever 1 staying near explorer at 15 20
[miner7] I chose to go near 27 22 Coordinates
[miner2] I am at (15,19) which is near (15,20)
[miner2] Red retriever 1 staying near explorer at 15 20
[miner2] I am at (15,19) which is near (15,20)
[miner2] Red retriever 1 staying near explorer at 15 20
[miner9] I am at (6,21) which is near (7,20)
[miner9] I chose to go near 20 17 Coordinates
[miner2] I am at (15,19) which is near (15,20)
[miner6] I am at (22,24) which is near (22,25)
[miner3] I am at (22,27) which is near (22,28)
[miner6] I chose to go near 18 22 Coordinates
[miner3] I chose to go near 0 30 Coordinates
[miner2] Red retriever 1 staying near explorer at 15 20
[miner2] I am at (15,19) which is near (15,20)
[miner2] Red retriever 1 staying near explorer at 15 20
[miner2] I am at (15,19) which is near (15,20)
[miner2] Red retriever 1 staying near explorer at 15 20
[miner6] I am at (18,23) which is near (18,22)
[miner6] I chose to go near 13 7 Coordinates
[miner2] I am at (15,19) which is near (15,20)
[miner2] Red retriever 1 staying near explorer at 15 20
[miner2] I am at (15,19) which is near (15,20)
[miner2] Red retriever 1 staying near explorer at 15 20
[miner5] I am at (26,31) which is near (26,32)
[miner5] I chose to go near 20 17 Coordinates
[miner2] I am at (15,19) which is near (15,20)
[miner7] I am at (27,21) which is near (27,22)
[miner7] I chose to go near 8 25 Coordinates
[miner2] Red retriever 1 staying near explorer at 15 20
[miner2] I am at (15,19) which is near (15,20)
[miner1] I am at (15,18) which is near (16,19)
[miner2] Red retriever 1 staying near explorer at 15 20
[miner1] I chose to go near 22 28 Coordinates
[miner2] I am at (15,19) which is near (15,20)
[miner2] Red retriever 1 staying near explorer at 15 20
[miner2] I am at (15,19) which is near (15,20)
[miner9] I am at (20,18) which is near (20,17)
[miner9] I chose to go near 2 19 Coordinates
[miner2] Red retriever 1 staying near explorer at 15 20
[miner2] I am at (15,19) which is near (15,20)
[miner2] Red retriever 1 staying near explorer at 15 20
[miner8] I am at (19,10) which is near (19,9)
[miner8] I chose to go near 31 24 Coordinates
[miner2] I am at (15,19) which is near (15,20)
[miner6] I am at (13,8) which is near (13,7)
[miner6] I chose to go near 3 28 Coordinates
[miner2] Red retriever 1 staying near explorer at 15 20
[miner2] I am at (15,19) which is near (15,20)
[miner4] I am at (1,6) which is near (0,7)
[miner2] Red retriever 1 staying near explorer at 15 20
[miner2] I am at (15,19) which is near (15,20)
[miner5] I am at (20,18) which is near (20,17)
[miner5] I chose to go near 19 31 Coordinates
[miner2] Red retriever 1 staying near explorer at 15 20
[miner3] I am at (0,31) which is near (0,30)
[miner2] I am at (15,19) which is near (15,20)
[miner3] I chose to go near 16 9 Coordinates
[miner2] Red retriever 1 staying near explorer at 15 20
[miner2] I am at (15,19) which is near (15,20)
[miner4] I am at (0,13) which is near (0,14)
[miner2] Red retriever 1 staying near explorer at 15 20
[miner2] I am at (15,19) which is near (15,20)
[miner1] I am at (22,27) which is near (22,28)
[miner1] I chose to go near 17 18 Coordinates
[miner9] I am at (2,18) which is near (2,19)
[miner2] Red retriever 1 staying near explorer at 15 20
[miner8] I am at (31,23) which is near (31,24)
[miner9] I chose to go near 31 6 Coordinates
[miner5] I am at (19,30) which is near (19,31)
[miner8] I chose to go near 13 23 Coordinates
[miner2] I am at (15,19) which is near (15,20)
[miner5] I chose to go near 2 20 Coordinates
[miner2] Red retriever 1 staying near explorer at 15 20
[miner2] I am at (15,19) which is near (15,20)
[miner2] Red retriever 1 staying near explorer at 15 20
[miner2] I am at (15,19) which is near (15,20)
[miner2] Red retriever 1 staying near explorer at 15 20
[miner2] I am at (15,19) which is near (15,20)
[miner2] Red retriever 1 staying near explorer at 15 20
[miner2] I am at (15,19) which is near (15,20)
[miner2] Red retriever 1 staying near explorer at 15 20
[miner2] I am at (15,19) which is near (15,20)
[miner2] Red retriever 1 staying near explorer at 15 20
[miner2] I am at (15,19) which is near (15,20)
[miner2] Red retriever 1 staying near explorer at 15 20
[miner2] I am at (15,19) which is near (15,20)
[miner2] Red retriever 1 staying near explorer at 15 20
[miner2] I am at (15,19) which is near (15,20)
[miner2] Red retriever 1 staying near explorer at 15 20
[miner8] I am at (14,23) which is near (13,23)
[miner2] I am at (15,19) which is near (15,20)
[miner8] I chose to go near 24 33 Coordinates
[miner2] Red retriever 1 staying near explorer at 15 20
[miner1] I am at (18,19) which is near (17,18)
[miner1] I chose to go near 11 30 Coordinates
[miner2] I am at (15,19) which is near (15,20)
[miner2] Red retriever 1 staying near explorer at 15 20
[miner2] I am at (15,19) which is near (15,20)
[miner2] Red retriever 1 staying near explorer at 15 20
[miner2] I am at (15,19) which is near (15,20)
[miner2] Red retriever 1 staying near explorer at 15 20
[miner2] I am at (15,19) which is near (15,20)
[miner2] Red retriever 1 staying near explorer at 15 20
[miner2] I am at (15,19) which is near (15,20)
[miner2] Red retriever 1 staying near explorer at 15 20
[miner2] I am at (15,19) which is near (15,20)
[miner2] Red retriever 1 staying near explorer at 15 20
[miner2] I am at (15,19) which is near (15,20)
[miner5] I am at (2,21) which is near (2,20)
[miner2] Red retriever 1 staying near explorer at 15 20
[miner5] I chose to go near 25 12 Coordinates
[miner2] I am at (15,19) which is near (15,20)
[miner2] Red retriever 1 staying near explorer at 15 20
[miner3] I am at (16,10) which is near (16,9)
[miner3] I chose to go near 15 11 Coordinates
[miner3] I am at (16,10) which is near (15,11)
[miner8] I am at (24,32) which is near (24,33)
[miner3] I chose to go near 25 17 Coordinates
[miner2] I am at (15,19) which is near (15,20)
[miner8] I chose to go near 26 11 Coordinates
[miner2] Red retriever 1 staying near explorer at 15 20
[miner4] I am at (34,13) which is near (34,14)
[miner2] I am at (15,19) which is near (15,20)
[miner2] Red retriever 1 staying near explorer at 15 20
[miner2] I am at (15,19) which is near (15,20)
[miner2] Red retriever 1 staying near explorer at 15 20
[miner1] I am at (11,29) which is near (11,30)
[miner1] I chose to go near 6 3 Coordinates
[miner2] I am at (15,19) which is near (15,20)
[miner9] I am at (31,7) which is near (31,6)
[miner9] I chose to go near 0 29 Coordinates
[miner2] Red retriever 1 staying near explorer at 15 20
[miner2] I am at (15,19) which is near (15,20)
[miner4] I am at (34,20) which is near (34,21)
[miner2] Red retriever 1 staying near explorer at 15 20
[miner2] I am at (15,19) which is near (15,20)
[miner6] I am at (3,27) which is near (3,28)
[miner2] Red retriever 1 staying near explorer at 15 20
[miner3] I am at (25,16) which is near (25,17)
[miner6] I chose to go near 27 29 Coordinates
[miner3] I chose to go near 17 7 Coordinates
[miner2] I am at (15,19) which is near (15,20)
[miner2] Red retriever 1 staying near explorer at 15 20
[miner7] I am at (8,26) which is near (8,25)
[miner2] I am at (15,19) which is near (15,20)
[miner8] I am at (26,12) which is near (26,11)
[miner7] I chose to go near 4 33 Coordinates
[miner8] I chose to go near 6 33 Coordinates
[miner2] Red retriever 1 staying near explorer at 15 20
[miner2] I am at (15,19) which is near (15,20)
[miner2] Red retriever 1 staying near explorer at 15 20
[miner2] I am at (15,19) which is near (15,20)
[miner2] Red retriever 1 staying near explorer at 15 20
[miner5] I am at (25,13) which is near (25,12)
[miner5] I chose to go near 0 12 Coordinates
[miner2] I am at (15,19) which is near (15,20)
[miner2] Red retriever 1 staying near explorer at 15 20
[miner3] I am at (18,8) which is near (17,7)
[miner2] I am at (15,19) which is near (15,20)
[miner3] I chose to go near 31 22 Coordinates
[miner2] Red retriever 1 staying near explorer at 15 20
[miner2] I am at (15,19) which is near (15,20)
[miner2] Red retriever 1 staying near explorer at 15 20
[miner2] I am at (15,19) which is near (15,20)
[miner2] Red retriever 1 staying near explorer at 15 20
[miner2] I am at (15,19) which is near (15,20)
[miner2] Red retriever 1 staying near explorer at 15 20
[miner2] I am at (15,19) which is near (15,20)
[miner2] Red retriever 1 staying near explorer at 15 20
[miner2] I am at (15,19) which is near (15,20)
[miner2] Red retriever 1 staying near explorer at 15 20
[miner2] I am at (15,19) which is near (15,20)
[miner2] Red retriever 1 staying near explorer at 15 20
[miner2] I am at (15,19) which is near (15,20)
[miner7] I am at (3,33) which is near (4,33)
[miner7] I chose to go near 1 30 Coordinates
[miner2] Red retriever 1 staying near explorer at 15 20
[miner2] I am at (15,19) which is near (15,20)
[miner2] Red retriever 1 staying near explorer at 15 20
[miner4] I am at (1,21) which is near (0,21)
[miner2] I am at (15,19) which is near (15,20)
[miner2] Red retriever 1 staying near explorer at 15 20
[miner2] I am at (15,19) which is near (15,20)
[miner2] Red retriever 1 staying near explorer at 15 20
[miner5] I am at (1,11) which is near (0,12)
[miner2] I am at (15,19) which is near (15,20)
[miner5] I chose to go near 19 26 Coordinates
[miner3] I am at (31,21) which is near (31,22)
[miner3] I chose to go near 30 26 Coordinates
[miner8] I am at (7,33) which is near (6,33)
[miner2] Red retriever 1 staying near explorer at 15 20
[miner8] I chose to go near 1 25 Coordinates
[miner7] I am at (1,31) which is near (1,30)
[miner7] I chose to go near 28 10 Coordinates
[miner2] I am at (15,19) which is near (15,20)
[miner1] I am at (6,4) which is near (6,3)
[miner2] Red retriever 1 staying near explorer at 15 20
[miner1] I chose to go near 23 14 Coordinates
[miner2] I am at (15,19) which is near (15,20)
[miner2] Red retriever 1 staying near explorer at 15 20
[miner3] I am at (30,25) which is near (30,26)
[miner3] I chose to go near 30 30 Coordinates
[miner2] I am at (15,19) which is near (15,20)
[miner2] Red retriever 1 staying near explorer at 15 20
[miner4] I am at (0,27) which is near (0,28)
[miner2] I am at (15,19) which is near (15,20)
[miner2] Red retriever 1 staying near explorer at 15 20
[miner2] I am at (15,19) which is near (15,20)
[miner2] Red retriever 1 staying near explorer at 15 20
[miner2] I am at (15,19) which is near (15,20)
[miner3] I am at (30,29) which is near (30,30)
[miner3] I chose to go near 17 30 Coordinates
[miner2] Red retriever 1 staying near explorer at 15 20
[miner2] I am at (15,19) which is near (15,20)
[miner2] Red retriever 1 staying near explorer at 15 20
[miner2] I am at (15,19) which is near (15,20)
[miner2] Red retriever 1 staying near explorer at 15 20
[miner8] I am at (1,26) which is near (1,25)
[miner8] I chose to go near 21 5 Coordinates
[miner2] I am at (15,19) which is near (15,20)
[miner2] Red retriever 1 staying near explorer at 15 20
[miner2] I am at (15,19) which is near (15,20)
[miner2] Red retriever 1 staying near explorer at 15 20
[miner2] I am at (15,19) which is near (15,20)
[miner2] Red retriever 1 staying near explorer at 15 20
[miner2] I am at (15,19) which is near (15,20)
[miner6] I am at (27,30) which is near (27,29)
[miner6] I chose to go near 25 13 Coordinates
[miner2] Red retriever 1 staying near explorer at 15 20
[miner3] I am at (18,29) which is near (17,30)
[miner3] I chose to go near 22 16 Coordinates
[miner2] I am at (15,19) which is near (15,20)
[miner2] Red retriever 1 staying near explorer at 15 20
[miner2] I am at (15,19) which is near (15,20)
[miner2] Red retriever 1 staying near explorer at 15 20
[miner2] I am at (15,19) which is near (15,20)
[miner2] Red retriever 1 staying near explorer at 15 20
[miner2] I am at (15,19) which is near (15,20)
[miner2] Red retriever 1 staying near explorer at 15 20
[miner2] I am at (15,19) which is near (15,20)
[miner2] Red retriever 1 staying near explorer at 15 20
[miner1] I am at (23,13) which is near (23,14)
[miner1] I chose to go near 13 30 Coordinates
[miner2] I am at (15,19) which is near (15,20)
[miner5] I am at (19,25) which is near (19,26)
[miner5] I chose to go near 16 16 Coordinates
[miner2] Red retriever 1 staying near explorer at 15 20
[miner2] I am at (15,19) which is near (15,20)
[miner2] Red retriever 1 staying near explorer at 15 20
[miner2] I am at (15,19) which is near (15,20)
[miner2] Red retriever 1 staying near explorer at 15 20
[miner2] I am at (15,19) which is near (15,20)
[miner2] Red retriever 1 staying near explorer at 15 20
[miner2] I am at (15,19) which is near (15,20)
[miner2] Red retriever 1 staying near explorer at 15 20
[miner2] I am at (15,19) which is near (15,20)
[miner2] Red retriever 1 staying near explorer at 15 20
[miner2] I am at (15,19) which is near (15,20)
[miner2] Red retriever 1 staying near explorer at 15 20
[miner2] I am at (15,19) which is near (15,20)
[miner2] Red retriever 1 staying near explorer at 15 20
[miner2] I am at (15,19) which is near (15,20)
[miner2] Red retriever 1 staying near explorer at 15 20
[miner2] I am at (15,19) which is near (15,20)
[miner2] Red retriever 1 staying near explorer at 15 20
[miner2] I am at (15,19) which is near (15,20)
[miner3] I am at (22,17) which is near (22,16)
[miner3] I chose to go near 13 15 Coordinates
[miner6] I am at (25,14) which is near (25,13)
[miner2] Red retriever 1 staying near explorer at 15 20
[miner6] I chose to go near 26 10 Coordinates
[miner2] I am at (15,19) which is near (15,20)
[miner5] I am at (16,17) which is near (16,16)
[miner5] I chose to go near 25 5 Coordinates
[miner2] Red retriever 1 staying near explorer at 15 20
[miner2] I am at (15,19) which is near (15,20)
[miner6] I am at (26,11) which is near (26,10)
[miner6] I chose to go near 10 19 Coordinates
[miner2] Red retriever 1 staying near explorer at 15 20
[miner2] I am at (15,19) which is near (15,20)
[miner2] Red retriever 1 staying near explorer at 15 20
[miner4] I am at (34,27) which is near (34,28)
[miner2] I am at (15,19) which is near (15,20)
[miner2] Red retriever 1 staying near explorer at 15 20
[miner9] I am at (0,28) which is near (0,29)
[miner9] I chose to go near 23 10 Coordinates
[miner2] I am at (15,19) which is near (15,20)
[miner2] Red retriever 1 staying near explorer at 15 20
[miner8] I am at (21,6) which is near (21,5)
[miner8] I chose to go near 24 8 Coordinates
[miner3] I am at (14,16) which is near (13,15)
[miner2] I am at (15,19) which is near (15,20)
[miner3] I chose to go near 26 32 Coordinates
[miner2] Red retriever 1 staying near explorer at 15 20
[miner2] I am at (15,19) which is near (15,20)
[miner2] Red retriever 1 staying near explorer at 15 20
[miner8] I am at (24,7) which is near (24,8)
[miner2] I am at (15,19) which is near (15,20)
[miner8] I chose to go near 26 14 Coordinates
[miner2] Red retriever 1 staying near explorer at 15 20
[miner2] I am at (15,19) which is near (15,20)
[miner2] Red retriever 1 staying near explorer at 15 20
[miner2] I am at (15,19) which is near (15,20)
[miner2] Red retriever 1 staying near explorer at 15 20
[miner2] I am at (15,19) which is near (15,20)
[miner5] I am at (25,6) which is near (25,5)
[miner5] I chose to go near 10 16 Coordinates
[miner2] Red retriever 1 staying near explorer at 15 20
[miner6] I am at (10,18) which is near (10,19)
[miner6] I chose to go near 2 28 Coordinates
[miner2] I am at (15,19) which is near (15,20)
[miner8] I am at (26,13) which is near (26,14)
[miner2] Red retriever 1 staying near explorer at 15 20
[miner8] I chose to go near 17 25 Coordinates
[miner2] I am at (15,19) which is near (15,20)
[miner2] Red retriever 1 staying near explorer at 15 20
[miner2] I am at (15,19) which is near (15,20)
[miner2] Red retriever 1 staying near explorer at 15 20
[miner2] I am at (15,19) which is near (15,20)
[miner2] Red retriever 1 staying near explorer at 15 20
[miner1] I am at (13,29) which is near (13,30)
[miner1] I chose to go near 4 13 Coordinates
[miner2] I am at (15,19) which is near (15,20)
[miner2] Red retriever 1 staying near explorer at 15 20
[miner2] I am at (15,19) which is near (15,20)
[miner2] Red retriever 1 staying near explorer at 15 20
[miner7] I am at (28,11) which is near (28,10)
[miner7] I chose to go near 2 19 Coordinates
[miner2] I am at (15,19) which is near (15,20)
[miner2] Red retriever 1 staying near explorer at 15 20
[miner2] I am at (15,19) which is near (15,20)
[miner2] Red retriever 1 staying near explorer at 15 20
[miner2] I am at (15,19) which is near (15,20)
[miner2] Red retriever 1 staying near explorer at 15 20
[miner2] I am at (15,19) which is near (15,20)
[miner2] Red retriever 1 staying near explorer at 15 20
[miner2] I am at (15,19) which is near (15,20)
[miner2] Red retriever 1 staying near explorer at 15 20
[miner2] I am at (15,19) which is near (15,20)
[miner2] Red retriever 1 staying near explorer at 15 20
[miner6] I am at (1,27) which is near (2,28)
[miner6] I chose to go near 24 23 Coordinates
[miner2] I am at (15,19) which is near (15,20)
[miner2] Red retriever 1 staying near explorer at 15 20
[miner2] I am at (15,19) which is near (15,20)
[miner2] Red retriever 1 staying near explorer at 15 20
[miner8] I am at (17,24) which is near (17,25)
[miner8] I chose to go near 29 7 Coordinates
[miner2] I am at (15,19) which is near (15,20)
[miner2] Red retriever 1 staying near explorer at 15 20
[miner5] I am at (10,15) which is near (10,16)
[miner2] I am at (15,19) which is near (15,20)
[miner5] I chose to go near 1 15 Coordinates
[miner2] Red retriever 1 staying near explorer at 15 20
[miner2] I am at (15,19) which is near (15,20)
[miner9] I am at (23,11) which is near (23,10)
[miner2] Red retriever 1 staying near explorer at 15 20
[miner9] I chose to go near 5 31 Coordinates
[miner2] I am at (15,19) which is near (15,20)
[miner2] Red retriever 1 staying near explorer at 15 20
[miner2] I am at (15,19) which is near (15,20)
[miner2] Red retriever 1 staying near explorer at 15 20
[miner2] I am at (15,19) which is near (15,20)
[miner2] Red retriever 1 staying near explorer at 15 20
[miner2] I am at (15,19) which is near (15,20)
[miner2] Red retriever 1 staying near explorer at 15 20
[miner2] I am at (15,19) which is near (15,20)
[miner2] Red retriever 1 staying near explorer at 15 20
[miner5] I am at (2,16) which is near (1,15)
[miner5] I chose to go near 18 4 Coordinates
[miner2] I am at (15,19) which is near (15,20)
[miner1] I am at (4,14) which is near (4,13)
[miner1] I chose to go near 22 1 Coordinates
[miner2] Red retriever 1 staying near explorer at 15 20
[miner2] I am at (15,19) which is near (15,20)
[miner6] I am at (23,22) which is near (24,23)
[miner6] I chose to go near 5 23 Coordinates
[miner4] I am at (0,1) which is near (0,0)
[miner2] Red retriever 1 staying near explorer at 15 20
[miner8] I am at (29,8) which is near (29,7)
[miner2] I am at (15,19) which is near (15,20)
[miner8] I chose to go near 19 12 Coordinates
[miner2] Red retriever 1 staying near explorer at 15 20
[miner2] I am at (15,19) which is near (15,20)
[miner2] Red retriever 1 staying near explorer at 15 20
[miner2] I am at (15,19) which is near (15,20)
[miner2] Red retriever 1 staying near explorer at 15 20
[miner2] I am at (15,19) which is near (15,20)
[miner2] Red retriever 1 staying near explorer at 15 20
[miner2] I am at (15,19) which is near (15,20)
[miner2] Red retriever 1 staying near explorer at 15 20
[miner2] I am at (15,19) which is near (15,20)
[miner2] Red retriever 1 staying near explorer at 15 20
[miner2] I am at (15,19) which is near (15,20)
[miner7] I am at (2,18) which is near (2,19)
[miner7] I chose to go near 24 32 Coordinates
[miner5] I am at (18,5) which is near (18,4)
[miner5] I chose to go near 25 31 Coordinates
[miner2] Red retriever 1 staying near explorer at 15 20
[miner2] I am at (15,19) which is near (15,20)
[miner2] Red retriever 1 staying near explorer at 15 20
[miner2] I am at (15,19) which is near (15,20)
[miner2] Red retriever 1 staying near explorer at 15 20
[miner2] I am at (15,19) which is near (15,20)
[miner9] I am at (4,30) which is near (5,31)
[miner9] I chose to go near 29 20 Coordinates
[miner2] Red retriever 1 staying near explorer at 15 20
[miner2] I am at (15,19) which is near (15,20)
[miner2] Red retriever 1 staying near explorer at 15 20
[miner2] I am at (15,19) which is near (15,20)
[miner2] Red retriever 1 staying near explorer at 15 20
[miner2] I am at (15,19) which is near (15,20)
[miner2] Red retriever 1 staying near explorer at 15 20
[miner2] I am at (15,19) which is near (15,20)
[miner2] Red retriever 1 staying near explorer at 15 20
[miner2] I am at (15,19) which is near (15,20)
[miner2] Red retriever 1 staying near explorer at 15 20
[miner2] I am at (15,19) which is near (15,20)
[miner2] Red retriever 1 staying near explorer at 15 20
[miner4] I am at (33,1) which is near (34,0)
[miner2] I am at (15,19) which is near (15,20)
[miner3] I am at (26,31) which is near (26,32)
[miner3] I chose to go near 32 8 Coordinates
[miner2] Red retriever 1 staying near explorer at 15 20
[miner1] I am at (22,2) which is near (22,1)
[miner1] I chose to go near 18 2 Coordinates
[miner2] I am at (15,19) which is near (15,20)
[miner5] I am at (25,30) which is near (25,31)
[miner5] I chose to go near 23 1 Coordinates
[miner2] Red retriever 1 staying near explorer at 15 20
[miner1] I am at (19,2) which is near (18,2)
[miner1] I chose to go near 28 30 Coordinates
[miner2] I am at (15,19) which is near (15,20)
[miner2] Red retriever 1 staying near explorer at 15 20
[miner4] I am at (34,6) which is near (34,7)
[miner2] I am at (15,19) which is near (15,20)
[miner2] Red retriever 1 staying near explorer at 15 20
[miner2] I am at (15,19) which is near (15,20)
[miner2] Red retriever 1 staying near explorer at 15 20
[miner2] I am at (15,19) which is near (15,20)
[miner2] Red retriever 1 staying near explorer at 15 20
[miner2] I am at (15,19) which is near (15,20)
[miner2] Red retriever 1 staying near explorer at 15 20
[miner9] I am at (29,21) which is near (29,20)
[miner2] I am at (15,19) which is near (15,20)
[miner9] I chose to go near 23 3 Coordinates
[miner2] Red retriever 1 staying near explorer at 15 20
[miner2] I am at (15,19) which is near (15,20)
[miner3] I am at (32,9) which is near (32,8)
[miner3] I chose to go near 15 6 Coordinates
[miner2] Red retriever 1 staying near explorer at 15 20
[miner2] I am at (15,19) which is near (15,20)
[miner2] Red retriever 1 staying near explorer at 15 20
[miner2] I am at (15,19) which is near (15,20)
[miner2] Red retriever 1 staying near explorer at 15 20
[miner2] I am at (15,19) which is near (15,20)
[miner2] Red retriever 1 staying near explorer at 15 20
[miner2] I am at (15,19) which is near (15,20)
[miner5] I am at (23,2) which is near (23,1)
[miner5] I chose to go near 20 9 Coordinates
[miner7] I am at (24,31) which is near (24,32)
[miner7] I chose to go near 28 16 Coordinates
[miner2] Red retriever 1 staying near explorer at 15 20
[miner2] I am at (15,19) which is near (15,20)
[miner8] I am at (19,11) which is near (19,12)
[miner8] I chose to go near 29 32 Coordinates
[miner2] Red retriever 1 staying near explorer at 15 20
[miner2] I am at (15,19) which is near (15,20)
[miner2] Red retriever 1 staying near explorer at 15 20
[miner3] I am at (16,7) which is near (15,6)
[miner2] I am at (15,19) which is near (15,20)
[miner3] I chose to go near 32 16 Coordinates
[miner2] Red retriever 1 staying near explorer at 15 20
[miner2] I am at (15,19) which is near (15,20)
[miner5] I am at (21,8) which is near (20,9)
[miner6] I am at (6,22) which is near (5,23)
[miner6] I chose to go near 25 9 Coordinates
[miner5] I chose to go near 4 14 Coordinates
[miner2] Red retriever 1 staying near explorer at 15 20
[miner9] I am at (23,4) which is near (23,3)
[miner9] I chose to go near 3 17 Coordinates
[miner2] I am at (15,19) which is near (15,20)
[miner2] Red retriever 1 staying near explorer at 15 20
[miner2] I am at (15,19) which is near (15,20)
[miner2] Red retriever 1 staying near explorer at 15 20
[miner4] I am at (1,6) which is near (0,7)
[miner2] I am at (15,19) which is near (15,20)
[miner2] Red retriever 1 staying near explorer at 15 20
[miner2] I am at (15,19) which is near (15,20)
[miner2] Red retriever 1 staying near explorer at 15 20
[miner2] I am at (15,19) which is near (15,20)
[miner2] Red retriever 1 staying near explorer at 15 20
[miner2] I am at (15,19) which is near (15,20)
[miner4] I am at (0,13) which is near (0,14)
[miner2] Red retriever 1 staying near explorer at 15 20
[miner2] I am at (15,19) which is near (15,20)
[miner2] Red retriever 1 staying near explorer at 15 20
[miner2] I am at (15,19) which is near (15,20)
[miner1] I am at (28,29) which is near (28,30)
[miner2] Red retriever 1 staying near explorer at 15 20
[miner1] I chose to go near 26 14 Coordinates
[miner7] I am at (27,17) which is near (28,16)
[miner2] I am at (15,19) which is near (15,20)
[miner7] I chose to go near 15 4 Coordinates
[miner8] I am at (29,31) which is near (29,32)
[miner8] I chose to go near 7 24 Coordinates
[miner2] Red retriever 1 staying near explorer at 15 20
[miner2] I am at (15,19) which is near (15,20)
[miner2] Red retriever 1 staying near explorer at 15 20
[miner3] I am at (31,15) which is near (32,16)
[miner2] I am at (15,19) which is near (15,20)
[miner3] I chose to go near 10 20 Coordinates
[miner5] I am at (4,13) which is near (4,14)
[miner2] Red retriever 1 staying near explorer at 15 20
[miner5] I chose to go near 8 32 Coordinates
[miner2] I am at (15,19) which is near (15,20)
[miner2] Red retriever 1 staying near explorer at 15 20
[miner2] I am at (15,19) which is near (15,20)
[miner2] Red retriever 1 staying near explorer at 15 20
[miner2] I am at (15,19) which is near (15,20)
[miner2] Red retriever 1 staying near explorer at 15 20
[miner2] I am at (15,19) which is near (15,20)
[miner2] Red retriever 1 staying near explorer at 15 20
[miner2] I am at (15,19) which is near (15,20)
[miner2] Red retriever 1 staying near explorer at 15 20
[miner2] I am at (15,19) which is near (15,20)
[miner2] Red retriever 1 staying near explorer at 15 20
[miner9] I am at (4,16) which is near (3,17)
[miner2] I am at (15,19) which is near (15,20)
[miner9] I chose to go near 30 6 Coordinates
[miner2] Red retriever 1 staying near explorer at 15 20
[miner2] I am at (15,19) which is near (15,20)
[miner2] Red retriever 1 staying near explorer at 15 20
[miner2] I am at (15,19) which is near (15,20)
[miner2] Red retriever 1 staying near explorer at 15 20
[miner5] I am at (1,32) and I can't get to' (8,32)
[miner2] I am at (15,19) which is near (15,20)
[miner5] I chose to go near 22 31 Coordinates
[miner2] Red retriever 1 staying near explorer at 15 20
[miner1] I am at (26,15) which is near (26,14)
[miner1] I chose to go near 21 8 Coordinates
[miner2] I am at (15,19) which is near (15,20)
[miner3] I am at (11,20) which is near (10,20)
[miner3] I chose to go near 21 11 Coordinates
[miner2] Red retriever 1 staying near explorer at 15 20
[miner2] I am at (15,19) which is near (15,20)
[miner2] Red retriever 1 staying near explorer at 15 20
[miner2] I am at (15,19) which is near (15,20)
[miner2] Red retriever 1 staying near explorer at 15 20
[miner2] I am at (15,19) which is near (15,20)
[miner2] Red retriever 1 staying near explorer at 15 20
[miner2] I am at (15,19) which is near (15,20)
[miner2] Red retriever 1 staying near explorer at 15 20
[miner2] I am at (15,19) which is near (15,20)
[miner2] Red retriever 1 staying near explorer at 15 20
[miner2] I am at (15,19) which is near (15,20)
[miner7] I am at (15,5) which is near (15,4)
[miner7] I chose to go near 7 28 Coordinates
[miner2] Red retriever 1 staying near explorer at 15 20
[miner2] I am at (15,19) which is near (15,20)
[miner2] Red retriever 1 staying near explorer at 15 20
[miner1] I am at (21,9) which is near (21,8)
[miner4] I am at (34,13) which is near (34,14)
[miner1] I chose to go near 14 8 Coordinates
[miner2] I am at (15,19) which is near (15,20)
[miner2] Red retriever 1 staying near explorer at 15 20
[miner2] I am at (15,19) which is near (15,20)
[miner2] Red retriever 1 staying near explorer at 15 20
[miner2] I am at (15,19) which is near (15,20)
[miner2] Red retriever 1 staying near explorer at 15 20
[miner2] I am at (15,19) which is near (15,20)
[miner5] I am at (21,31) which is near (22,31)
[miner5] I chose to go near 25 6 Coordinates
[miner2] Red retriever 1 staying near explorer at 15 20
[miner2] I am at (15,19) which is near (15,20)
[miner1] I am at (15,9) which is near (14,8)
[miner1] I chose to go near 18 15 Coordinates
[miner2] Red retriever 1 staying near explorer at 15 20
[miner2] I am at (15,19) which is near (15,20)
[miner3] I am at (21,12) which is near (21,11)
[miner3] I chose to go near 28 13 Coordinates
[miner2] Red retriever 1 staying near explorer at 15 20
[miner2] I am at (15,19) which is near (15,20)
[miner4] I am at (34,20) which is near (34,21)
[miner2] Red retriever 1 staying near explorer at 15 20
[miner2] I am at (15,19) which is near (15,20)
[miner2] Red retriever 1 staying near explorer at 15 20
[miner2] I am at (15,19) which is near (15,20)
[miner2] Red retriever 1 staying near explorer at 15 20
[miner3] I am at (27,12) which is near (28,13)
[miner2] I am at (15,19) which is near (15,20)
[miner3] I chose to go near 31 28 Coordinates
[miner2] Red retriever 1 staying near explorer at 15 20
[miner9] I am at (30,7) which is near (30,6)
[miner9] I chose to go near 19 5 Coordinates
[miner1] I am at (17,14) which is near (18,15)
[miner2] I am at (15,19) which is near (15,20)
[miner1] I chose to go near 33 10 Coordinates
[miner2] Red retriever 1 staying near explorer at 15 20
[miner2] I am at (15,19) which is near (15,20)
[miner2] Red retriever 1 staying near explorer at 15 20
[miner2] I am at (15,19) which is near (15,20)
[miner2] Red retriever 1 staying near explorer at 15 20
[miner2] I am at (15,19) which is near (15,20)
[miner2] Red retriever 1 staying near explorer at 15 20
[miner2] I am at (15,19) which is near (15,20)
[miner2] Red retriever 1 staying near explorer at 15 20
[miner9] I am at (19,6) which is near (19,5)
[miner2] I am at (15,19) which is near (15,20)
[miner9] I chose to go near 4 15 Coordinates
[miner2] Red retriever 1 staying near explorer at 15 20
[miner2] I am at (15,19) which is near (15,20)
[miner2] Red retriever 1 staying near explorer at 15 20
[miner2] I am at (15,19) which is near (15,20)
[miner2] Red retriever 1 staying near explorer at 15 20
[miner2] I am at (15,19) which is near (15,20)
[miner2] Red retriever 1 staying near explorer at 15 20
[miner2] I am at (15,19) which is near (15,20)
[miner2] Red retriever 1 staying near explorer at 15 20
[miner3] I am at (31,27) which is near (31,28)
[miner3] I chose to go near 22 33 Coordinates
[miner2] I am at (15,19) which is near (15,20)
[miner2] Red retriever 1 staying near explorer at 15 20
[miner2] I am at (15,19) which is near (15,20)
[miner2] Red retriever 1 staying near explorer at 15 20
[miner2] I am at (15,19) which is near (15,20)
[miner2] Red retriever 1 staying near explorer at 15 20
[miner2] I am at (15,19) which is near (15,20)
[miner1] I am at (32,11) which is near (33,10)
[miner9] I am at (4,14) which is near (4,15)
[miner9] I chose to go near 18 14 Coordinates
[miner1] I chose to go near 1 5 Coordinates
[miner2] Red retriever 1 staying near explorer at 15 20
[miner3] I am at (22,32) which is near (22,33)
[miner3] I chose to go near 8 21 Coordinates
[miner2] I am at (15,19) which is near (15,20)
[miner6] I am at (25,10) which is near (25,9)
[miner6] I chose to go near 3 5 Coordinates
[miner2] Red retriever 1 staying near explorer at 15 20
[miner2] I am at (15,19) which is near (15,20)
[miner2] Red retriever 1 staying near explorer at 15 20
[miner4] I am at (1,21) which is near (0,21)
[miner2] I am at (15,19) which is near (15,20)
[miner2] Red retriever 1 staying near explorer at 15 20
[miner2] I am at (15,19) which is near (15,20)
[miner2] Red retriever 1 staying near explorer at 15 20
[miner2] I am at (15,19) which is near (15,20)
[miner9] I am at (17,13) which is near (18,14)
[miner9] I chose to go near 18 9 Coordinates
[miner4] I am at (0,27) which is near (0,28)
[miner2] Red retriever 1 staying near explorer at 15 20
[miner2] I am at (15,19) which is near (15,20)
[miner9] I am at (18,10) which is near (18,9)
[miner9] I chose to go near 5 8 Coordinates
[miner2] Red retriever 1 staying near explorer at 15 20
[miner2] I am at (15,19) which is near (15,20)
[miner2] Red retriever 1 staying near explorer at 15 20
[miner3] I am at (9,22) which is near (8,21)
[miner3] I chose to go near 20 17 Coordinates
[miner2] I am at (15,19) which is near (15,20)
[miner2] Red retriever 1 staying near explorer at 15 20
[miner2] I am at (15,19) which is near (15,20)
[miner2] Red retriever 1 staying near explorer at 15 20
[miner2] I am at (15,19) which is near (15,20)
[miner6] I am at (3,6) which is near (3,5)
[miner2] Red retriever 1 staying near explorer at 15 20
[miner6] I chose to go near 9 30 Coordinates
[miner2] I am at (15,19) which is near (15,20)
[miner2] Red retriever 1 staying near explorer at 15 20
[miner9] I am at (5,9) which is near (5,8)
[miner8] I am at (8,25) which is near (7,24)
[miner7] I am at (8,29) which is near (7,28)
[miner7] I chose to go near 14 3 Coordinates
[miner8] I chose to go near 27 31 Coordinates
[miner9] I chose to go near 18 22 Coordinates
[miner2] I am at (15,19) which is near (15,20)
[miner2] Red retriever 1 staying near explorer at 15 20
[miner2] I am at (15,19) which is near (15,20)
[miner2] Red retriever 1 staying near explorer at 15 20
[miner2] I am at (15,19) which is near (15,20)
[miner3] I am at (20,18) which is near (20,17)
[miner3] I chose to go near 11 8 Coordinates
[miner2] Red retriever 1 staying near explorer at 15 20
[miner5] I am at (25,7) which is near (25,6)
[miner5] I chose to go near 30 14 Coordinates
[miner2] I am at (15,19) which is near (15,20)
[miner2] Red retriever 1 staying near explorer at 15 20
[miner2] I am at (15,19) which is near (15,20)
[miner2] Red retriever 1 staying near explorer at 15 20
[miner2] I am at (15,19) which is near (15,20)
[miner1] I am at (1,6) which is near (1,5)
[miner2] Red retriever 1 staying near explorer at 15 20
[miner1] I chose to go near 2 28 Coordinates
[miner5] I am at (30,13) which is near (30,14)
[miner2] I am at (15,19) which is near (15,20)
[miner5] I chose to go near 11 0 Coordinates
[miner2] Red retriever 1 staying near explorer at 15 20
[miner2] I am at (15,19) which is near (15,20)
[miner3] I am at (11,9) which is near (11,8)
[miner3] I chose to go near 17 0 Coordinates
[miner2] Red retriever 1 staying near explorer at 15 20
[miner9] I am at (18,21) which is near (18,22)
[miner2] I am at (15,19) which is near (15,20)
[miner9] I chose to go near 29 30 Coordinates
[miner2] Red retriever 1 staying near explorer at 15 20
[miner2] I am at (15,19) which is near (15,20)
[miner2] Red retriever 1 staying near explorer at 15 20
[miner2] I am at (15,19) which is near (15,20)
[miner6] I am at (8,30) which is near (9,30)
[miner2] Red retriever 1 staying near explorer at 15 20
[miner4] I am at (34,27) which is near (34,28)
[miner6] I chose to go near 31 22 Coordinates
[miner2] I am at (15,19) which is near (15,20)
[miner2] Red retriever 1 staying near explorer at 15 20
[miner2] I am at (15,19) which is near (15,20)
[miner2] Red retriever 1 staying near explorer at 15 20
[miner3] I am at (17,1) which is near (17,0)
[miner3] I chose to go near 15 30 Coordinates
[miner2] I am at (15,19) which is near (15,20)
[miner2] Red retriever 1 staying near explorer at 15 20
[miner8] I am at (26,31) which is near (27,31)
[miner8] I chose to go near 12 7 Coordinates
[miner2] I am at (15,19) which is near (15,20)
[miner2] Red retriever 1 staying near explorer at 15 20
[miner2] I am at (15,19) which is near (15,20)
[miner2] Red retriever 1 staying near explorer at 15 20
[miner2] I am at (15,19) which is near (15,20)
[miner2] Red retriever 1 staying near explorer at 15 20
[miner9] I am at (29,29) which is near (29,30)
[miner9] I chose to go near 9 2 Coordinates
[miner2] I am at (15,19) which is near (15,20)
[miner2] Red retriever 1 staying near explorer at 15 20
[miner2] I am at (15,19) which is near (15,20)
[miner2] Red retriever 1 staying near explorer at 15 20
[miner2] I am at (15,19) which is near (15,20)
[miner2] Red retriever 1 staying near explorer at 15 20
[miner2] I am at (15,19) which is near (15,20)
[miner2] Red retriever 1 staying near explorer at 15 20
[miner5] I am at (11,1) which is near (11,0)
[miner2] I am at (15,19) which is near (15,20)
[miner5] I chose to go near 12 30 Coordinates
[miner2] Red retriever 1 staying near explorer at 15 20
[miner2] I am at (15,19) which is near (15,20)
[miner2] Red retriever 1 staying near explorer at 15 20
[miner1] I am at (1,27) which is near (2,28)
[miner1] I chose to go near 5 14 Coordinates
[miner2] I am at (15,19) which is near (15,20)
[miner2] Red retriever 1 staying near explorer at 15 20
[miner2] I am at (15,19) which is near (15,20)
[miner2] Red retriever 1 staying near explorer at 15 20
[miner2] I am at (15,19) which is near (15,20)
[miner2] Red retriever 1 staying near explorer at 15 20
[miner2] I am at (15,19) which is near (15,20)
[miner2] Red retriever 1 staying near explorer at 15 20
[miner2] I am at (15,19) which is near (15,20)
[miner3] I am at (16,29) which is near (15,30)
[miner3] I chose to go near 2 19 Coordinates
[miner2] Red retriever 1 staying near explorer at 15 20
[miner2] I am at (15,19) which is near (15,20)
[miner2] Red retriever 1 staying near explorer at 15 20
[miner2] I am at (15,19) which is near (15,20)
[miner2] Red retriever 1 staying near explorer at 15 20
[miner2] I am at (15,19) which is near (15,20)
[miner6] I am at (30,22) which is near (31,22)
[miner6] I chose to go near 22 30 Coordinates
[miner7] I am at (11,3) and I can't get to' (14,3)
[miner7] I chose to go near 11 11 Coordinates
[miner2] Red retriever 1 staying near explorer at 15 20
[miner5] I am at (12,29) which is near (12,30)
[miner5] I chose to go near 7 31 Coordinates
[miner8] I am at (12,8) which is near (12,7)
[miner2] I am at (15,19) which is near (15,20)
[miner8] I chose to go near 12 10 Coordinates
[miner8] I am at (12,9) which is near (12,10)
[miner8] I chose to go near 1 13 Coordinates
[miner2] Red retriever 1 staying near explorer at 15 20
[miner2] I am at (15,19) which is near (15,20)
[miner9] I am at (9,3) which is near (9,2)
[miner2] Red retriever 1 staying near explorer at 15 20
[miner1] I am at (5,15) which is near (5,14)
[miner9] I chose to go near 24 13 Coordinates
[miner1] I chose to go near 9 16 Coordinates
[miner2] I am at (15,19) which is near (15,20)
[miner2] Red retriever 1 staying near explorer at 15 20
[miner7] I am at (11,10) which is near (11,11)
[miner6] I am at (22,29) which is near (22,30)
[miner7] I chose to go near 9 4 Coordinates
[miner6] I chose to go near 10 12 Coordinates
[miner2] I am at (15,19) which is near (15,20)
[miner2] Red retriever 1 staying near explorer at 15 20
[miner2] I am at (15,19) which is near (15,20)
[miner2] Red retriever 1 staying near explorer at 15 20
[miner2] I am at (15,19) which is near (15,20)
[miner8] I am at (1,12) which is near (1,13)
[miner8] I chose to go near 15 27 Coordinates
[miner2] Red retriever 1 staying near explorer at 15 20
[miner3] I am at (2,20) which is near (2,19)
[miner3] I chose to go near 9 4 Coordinates
[miner1] I am at (9,17) which is near (9,16)
[miner1] I chose to go near 27 18 Coordinates
[miner2] I am at (15,19) which is near (15,20)
[miner7] I am at (9,5) which is near (9,4)
[miner7] I chose to go near 9 15 Coordinates
[miner2] Red retriever 1 staying near explorer at 15 20
[miner2] I am at (15,19) which is near (15,20)
[miner2] Red retriever 1 staying near explorer at 15 20
[miner2] I am at (15,19) which is near (15,20)
[miner2] Red retriever 1 staying near explorer at 15 20
[miner2] I am at (15,19) which is near (15,20)
[miner2] Red retriever 1 staying near explorer at 15 20
[miner5] I am at (6,31) which is near (7,31)
[miner5] I chose to go near 10 9 Coordinates
[miner2] I am at (15,19) which is near (15,20)
[miner2] Red retriever 1 staying near explorer at 15 20
[miner9] I am at (24,12) which is near (24,13)
[miner9] I chose to go near 23 23 Coordinates
[miner7] I am at (9,14) which is near (9,15)
[miner7] I chose to go near 29 24 Coordinates
[miner2] I am at (15,19) which is near (15,20)
[miner2] Red retriever 1 staying near explorer at 15 20
[miner2] I am at (15,19) which is near (15,20)
[miner2] Red retriever 1 staying near explorer at 15 20
[miner2] I am at (15,19) which is near (15,20)
[miner6] I am at (10,13) which is near (10,12)
[miner3] I am at (9,5) which is near (9,4)
[miner6] I chose to go near 27 25 Coordinates
[miner3] I chose to go near 22 18 Coordinates
[miner9] I am at (23,22) which is near (23,23)
[miner8] I am at (15,26) which is near (15,27)
[miner2] Red retriever 1 staying near explorer at 15 20
[miner9] I chose to go near 5 12 Coordinates
[miner8] I chose to go near 32 7 Coordinates
[miner2] I am at (15,19) which is near (15,20)
[miner2] Red retriever 1 staying near explorer at 15 20
[miner1] I am at (26,17) which is near (27,18)
[miner1] I chose to go near 20 5 Coordinates
[miner2] I am at (15,19) which is near (15,20)
[miner2] Red retriever 1 staying near explorer at 15 20
[miner2] I am at (15,19) which is near (15,20)
[miner2] Red retriever 1 staying near explorer at 15 20
[miner2] I am at (15,19) which is near (15,20)
[miner2] Red retriever 1 staying near explorer at 15 20
[miner2] I am at (15,19) which is near (15,20)
[miner2] Red retriever 1 staying near explorer at 15 20
[miner2] I am at (15,19) which is near (15,20)
[miner2] Red retriever 1 staying near explorer at 15 20
[miner2] I am at (15,19) which is near (15,20)
[miner2] Red retriever 1 staying near explorer at 15 20
[miner3] I am at (22,17) which is near (22,18)
[miner2] I am at (15,19) which is near (15,20)
[miner3] I chose to go near 1 18 Coordinates
[miner2] Red retriever 1 staying near explorer at 15 20
[miner2] I am at (15,19) which is near (15,20)
[miner9] I am at (6,13) which is near (5,12)
[miner9] I chose to go near 30 15 Coordinates
[miner2] Red retriever 1 staying near explorer at 15 20
[miner2] I am at (15,19) which is near (15,20)
[miner6] I am at (27,24) which is near (27,25)
[miner6] I chose to go near 23 10 Coordinates
[miner2] Red retriever 1 staying near explorer at 15 20
[miner2] I am at (15,19) which is near (15,20)
[miner2] Red retriever 1 staying near explorer at 15 20
[miner5] I am at (10,10) which is near (10,9)
[miner2] I am at (15,19) which is near (15,20)
[miner5] I chose to go near 0 17 Coordinates
[miner2] Red retriever 1 staying near explorer at 15 20
[miner2] I am at (15,19) which is near (15,20)
[miner2] Red retriever 1 staying near explorer at 15 20
[miner2] I am at (15,19) which is near (15,20)
[miner2] Red retriever 1 staying near explorer at 15 20
[miner8] I am at (32,8) which is near (32,7)
[miner8] I chose to go near 7 14 Coordinates
[miner2] I am at (15,19) which is near (15,20)
[miner2] Red retriever 1 staying near explorer at 15 20
[miner2] I am at (15,19) which is near (15,20)
[miner2] Red retriever 1 staying near explorer at 15 20
[miner7] I am at (29,23) which is near (29,24)
[miner7] I chose to go near 10 8 Coordinates
[miner2] I am at (15,19) which is near (15,20)
[miner2] Red retriever 1 staying near explorer at 15 20
[miner2] I am at (15,19) which is near (15,20)
[miner2] Red retriever 1 staying near explorer at 15 20
[miner2] I am at (15,19) which is near (15,20)
[miner2] Red retriever 1 staying near explorer at 15 20
[miner2] I am at (15,19) which is near (15,20)
[miner6] I am at (23,11) which is near (23,10)
[miner5] I am at (0,16) which is near (0,17)
[miner6] I chose to go near 15 0 Coordinates
[miner5] I chose to go near 21 22 Coordinates
[miner2] Red retriever 1 staying near explorer at 15 20
[miner3] I am at (2,17) which is near (1,18)
[miner3] I chose to go near 15 3 Coordinates
[miner2] I am at (15,19) which is near (15,20)
[miner9] I am at (30,14) which is near (30,15)
[miner2] Red retriever 1 staying near explorer at 15 20
[miner9] I chose to go near 33 29 Coordinates
[miner2] I am at (15,19) which is near (15,20)
[miner2] Red retriever 1 staying near explorer at 15 20
[miner2] I am at (15,19) which is near (15,20)
[miner2] Red retriever 1 staying near explorer at 15 20
[miner2] I am at (15,19) which is near (15,20)
[miner2] Red retriever 1 staying near explorer at 15 20
[miner4] I am at (0,1) which is near (0,0)
[miner2] I am at (15,19) which is near (15,20)
[miner2] Red retriever 1 staying near explorer at 15 20
[miner2] I am at (15,19) which is near (15,20)
[miner2] Red retriever 1 staying near explorer at 15 20
[miner2] I am at (15,19) which is near (15,20)
[miner2] Red retriever 1 staying near explorer at 15 20
[miner2] I am at (15,19) which is near (15,20)
[miner6] I am at (15,1) which is near (15,0)
[miner2] Red retriever 1 staying near explorer at 15 20
[miner6] I chose to go near 18 3 Coordinates
[miner2] I am at (15,19) which is near (15,20)
[miner8] I am at (7,13) which is near (7,14)
[miner2] Red retriever 1 staying near explorer at 15 20
[miner8] I chose to go near 31 22 Coordinates
[miner9] I am at (33,28) which is near (33,29)
[miner9] I chose to go near 7 15 Coordinates
[miner2] I am at (15,19) which is near (15,20)
[miner6] I am at (17,2) which is near (18,3)
[miner6] I chose to go near 33 18 Coordinates
[miner2] Red retriever 1 staying near explorer at 15 20
[miner2] I am at (15,19) which is near (15,20)
[miner2] Red retriever 1 staying near explorer at 15 20
[miner2] I am at (15,19) which is near (15,20)
[miner2] Red retriever 1 staying near explorer at 15 20
[miner3] I am at (11,3) and I can't get to' (15,3)
[miner3] I chose to go near 31 22 Coordinates
[miner2] I am at (15,19) which is near (15,20)
[miner2] Red retriever 1 staying near explorer at 15 20
[miner2] I am at (15,19) which is near (15,20)
[miner5] I am at (21,21) which is near (21,22)
[miner2] Red retriever 1 staying near explorer at 15 20
[miner5] I chose to go near 17 16 Coordinates
[miner2] I am at (15,19) which is near (15,20)
[miner2] Red retriever 1 staying near explorer at 15 20
[miner2] I am at (15,19) which is near (15,20)
[miner2] Red retriever 1 staying near explorer at 15 20
[miner2] I am at (15,19) which is near (15,20)
[miner2] Red retriever 1 staying near explorer at 15 20
[miner2] I am at (15,19) which is near (15,20)
[miner2] Red retriever 1 staying near explorer at 15 20
[miner2] I am at (15,19) which is near (15,20)
[miner2] Red retriever 1 staying near explorer at 15 20
[miner2] I am at (15,19) which is near (15,20)
[miner5] I am at (18,17) which is near (17,16)
[miner7] I am at (10,9) which is near (10,8)
[miner5] I chose to go near 15 2 Coordinates
[miner7] I chose to go near 25 0 Coordinates
[miner2] Red retriever 1 staying near explorer at 15 20
[miner2] I am at (15,19) which is near (15,20)
[miner2] Red retriever 1 staying near explorer at 15 20
[miner2] I am at (15,19) which is near (15,20)
[miner2] Red retriever 1 staying near explorer at 15 20
[miner4] I am at (33,1) which is near (34,0)
[miner2] I am at (15,19) which is near (15,20)
[miner2] Red retriever 1 staying near explorer at 15 20
[miner2] I am at (15,19) which is near (15,20)
[miner2] Red retriever 1 staying near explorer at 15 20
[miner2] I am at (15,19) which is near (15,20)
[miner2] Red retriever 1 staying near explorer at 15 20
[miner2] I am at (15,19) which is near (15,20)
[miner2] Red retriever 1 staying near explorer at 15 20
[miner8] I am at (31,21) which is near (31,22)
[miner8] I chose to go near 7 29 Coordinates
[miner2] I am at (15,19) which is near (15,20)
[miner4] I am at (34,6) which is near (34,7)
[miner2] Red retriever 1 staying near explorer at 15 20
[miner2] I am at (15,19) which is near (15,20)
[miner6] I am at (33,17) which is near (33,18)
[miner6] I chose to go near 0 27 Coordinates
[miner2] Red retriever 1 staying near explorer at 15 20
[miner1] I am at (20,6) which is near (20,5)
[miner9] I am at (7,16) which is near (7,15)
[miner9] I chose to go near 10 30 Coordinates
[miner1] I chose to go near 17 31 Coordinates
[miner2] I am at (15,19) which is near (15,20)
[miner2] Red retriever 1 staying near explorer at 15 20
[miner2] I am at (15,19) which is near (15,20)
[miner2] Red retriever 1 staying near explorer at 15 20
[miner5] I am at (16,3) which is near (15,2)
[miner2] I am at (15,19) which is near (15,20)
[miner5] I chose to go near 24 20 Coordinates
[miner2] Red retriever 1 staying near explorer at 15 20
[miner2] I am at (15,19) which is near (15,20)
[miner2] Red retriever 1 staying near explorer at 15 20
[miner3] I am at (31,21) which is near (31,22)
[miner3] I chose to go near 23 13 Coordinates
[miner2] I am at (15,19) which is near (15,20)
[miner2] Red retriever 1 staying near explorer at 15 20
[miner2] I am at (15,19) which is near (15,20)
[miner2] Red retriever 1 staying near explorer at 15 20
[miner2] I am at (15,19) which is near (15,20)
[miner2] Red retriever 1 staying near explorer at 15 20
[miner7] I am at (25,1) which is near (25,0)
[miner7] I chose to go near 24 27 Coordinates
[miner2] I am at (15,19) which is near (15,20)
[miner2] Red retriever 1 staying near explorer at 15 20
[miner2] I am at (15,19) which is near (15,20)
[miner3] I am at (23,14) which is near (23,13)
[miner3] I chose to go near 21 25 Coordinates
[miner2] Red retriever 1 staying near explorer at 15 20
[miner9] I am at (9,30) which is near (10,30)
[miner9] I chose to go near 5 22 Coordinates
[miner5] I am at (24,19) which is near (24,20)
[miner5] I chose to go near 11 31 Coordinates
[miner2] I am at (15,19) which is near (15,20)
[miner2] Red retriever 1 staying near explorer at 15 20
[miner2] I am at (15,19) which is near (15,20)
[miner2] Red retriever 1 staying near explorer at 15 20
[miner3] I am at (21,24) which is near (21,25)
[miner2] I am at (15,19) which is near (15,20)
[miner4] I am at (1,6) which is near (0,7)
[miner3] I chose to go near 33 12 Coordinates
[miner2] Red retriever 1 staying near explorer at 15 20
[miner2] I am at (15,19) which is near (15,20)
[miner2] Red retriever 1 staying near explorer at 15 20
[miner2] I am at (15,19) which is near (15,20)
[miner6] I am at (0,26) which is near (0,27)
[miner2] Red retriever 1 staying near explorer at 15 20
[miner6] I chose to go near 21 33 Coordinates
[miner2] I am at (15,19) which is near (15,20)
[miner2] Red retriever 1 staying near explorer at 15 20
[miner4] I am at (0,13) which is near (0,14)
[miner2] I am at (15,19) which is near (15,20)
[miner2] Red retriever 1 staying near explorer at 15 20
[miner2] I am at (15,19) which is near (15,20)
[miner9] I am at (4,22) which is near (5,22)
[miner9] I chose to go near 2 20 Coordinates
[miner2] Red retriever 1 staying near explorer at 15 20
[miner2] I am at (15,19) which is near (15,20)
[miner2] Red retriever 1 staying near explorer at 15 20
[miner1] I am at (17,30) which is near (17,31)
[miner9] I am at (2,21) which is near (2,20)
[miner9] I chose to go near 5 17 Coordinates
[miner1] I chose to go near 17 9 Coordinates
[miner2] I am at (15,19) which is near (15,20)
[miner2] Red retriever 1 staying near explorer at 15 20
[miner2] I am at (15,19) which is near (15,20)
[miner2] Red retriever 1 staying near explorer at 15 20
[miner5] I am at (11,30) which is near (11,31)
[miner9] I am at (5,18) which is near (5,17)
[miner2] I am at (15,19) which is near (15,20)
[miner5] I chose to go near 5 32 Coordinates
[miner9] I chose to go near 21 24 Coordinates
[miner2] Red retriever 1 staying near explorer at 15 20
[miner2] I am at (15,19) which is near (15,20)
[miner3] I am at (33,13) which is near (33,12)
[miner2] Red retriever 1 staying near explorer at 15 20
[miner3] I chose to go near 9 1 Coordinates
[miner2] I am at (15,19) which is near (15,20)
[miner2] Red retriever 1 staying near explorer at 15 20
[miner2] I am at (15,19) which is near (15,20)
[miner2] Red retriever 1 staying near explorer at 15 20
[miner2] I am at (15,19) which is near (15,20)
[miner5] I am at (6,33) which is near (5,32)
[miner5] I chose to go near 14 33 Coordinates
[miner2] Red retriever 1 staying near explorer at 15 20
[miner7] I am at (24,26) which is near (24,27)
[miner7] I chose to go near 17 6 Coordinates
[miner2] I am at (15,19) which is near (15,20)
[miner2] Red retriever 1 staying near explorer at 15 20
[miner2] I am at (15,19) which is near (15,20)
[miner6] I am at (20,33) which is near (21,33)
[miner6] I chose to go near 14 0 Coordinates
[miner2] Red retriever 1 staying near explorer at 15 20
[miner2] I am at (15,19) which is near (15,20)
[miner2] Red retriever 1 staying near explorer at 15 20
[miner9] I am at (21,23) which is near (21,24)
[miner9] I chose to go near 17 8 Coordinates
[miner5] I am at (13,33) which is near (14,33)
[miner2] I am at (15,19) which is near (15,20)
[miner5] I chose to go near 26 7 Coordinates
[miner2] Red retriever 1 staying near explorer at 15 20
[miner2] I am at (15,19) which is near (15,20)
[miner2] Red retriever 1 staying near explorer at 15 20
[miner2] I am at (15,19) which is near (15,20)
[miner2] Red retriever 1 staying near explorer at 15 20
[miner2] I am at (15,19) which is near (15,20)
[miner2] Red retriever 1 staying near explorer at 15 20
[miner2] I am at (15,19) which is near (15,20)
[miner2] Red retriever 1 staying near explorer at 15 20
[miner2] I am at (15,19) which is near (15,20)
[miner2] Red retriever 1 staying near explorer at 15 20
[miner2] I am at (15,19) which is near (15,20)
[miner2] Red retriever 1 staying near explorer at 15 20
[miner2] I am at (15,19) which is near (15,20)
[miner2] Red retriever 1 staying near explorer at 15 20
[miner1] I am at (17,10) which is near (17,9)
[miner9] I am at (13,8) and I can't get to' (17,8)
[miner4] I am at (34,13) which is near (34,14)
[miner3] I am at (9,2) which is near (9,1)
[miner1] I chose to go near 21 20 Coordinates
[miner3] I chose to go near 14 29 Coordinates
[miner9] I chose to go near 25 11 Coordinates
[miner2] I am at (15,19) which is near (15,20)
[miner2] Red retriever 1 staying near explorer at 15 20
[miner8] I am at (1,29) and I can't get to' (7,29)
[miner8] I chose to go near 29 17 Coordinates
[miner2] I am at (15,19) which is near (15,20)
[miner2] Red retriever 1 staying near explorer at 15 20
[miner2] I am at (15,19) which is near (15,20)
[miner2] Red retriever 1 staying near explorer at 15 20
[miner4] I am at (34,20) which is near (34,21)
[miner2] I am at (15,19) which is near (15,20)
[miner7] I am at (18,7) which is near (17,6)
[miner7] I chose to go near 18 22 Coordinates
[miner2] Red retriever 1 staying near explorer at 15 20
[miner2] I am at (15,19) which is near (15,20)
[miner2] Red retriever 1 staying near explorer at 15 20
[miner9] I am at (25,10) which is near (25,11)
[miner9] I chose to go near 1 15 Coordinates
[miner2] I am at (15,19) which is near (15,20)
[miner6] I am at (14,1) which is near (14,0)
[miner5] I am at (26,8) which is near (26,7)
[miner6] I chose to go near 15 29 Coordinates
[miner5] I chose to go near 3 23 Coordinates
[miner2] Red retriever 1 staying near explorer at 15 20
[miner2] I am at (15,19) which is near (15,20)
[miner2] Red retriever 1 staying near explorer at 15 20
[miner2] I am at (15,19) which is near (15,20)
[miner2] Red retriever 1 staying near explorer at 15 20
[miner2] I am at (15,19) which is near (15,20)
[miner2] Red retriever 1 staying near explorer at 15 20
[miner2] I am at (15,19) which is near (15,20)
[miner2] Red retriever 1 staying near explorer at 15 20
[miner1] I am at (21,19) which is near (21,20)
[miner2] I am at (15,19) which is near (15,20)
[miner1] I chose to go near 21 1 Coordinates
[miner2] Red retriever 1 staying near explorer at 15 20
[miner2] I am at (15,19) which is near (15,20)
[miner2] Red retriever 1 staying near explorer at 15 20
[miner2] I am at (15,19) which is near (15,20)
[miner3] I am at (13,28) which is near (14,29)
[miner3] I chose to go near 1 9 Coordinates
[miner2] Red retriever 1 staying near explorer at 15 20
[miner2] I am at (15,19) which is near (15,20)
[miner2] Red retriever 1 staying near explorer at 15 20
[miner2] I am at (15,19) which is near (15,20)
[miner7] I am at (18,21) which is near (18,22)
[miner2] Red retriever 1 staying near explorer at 15 20
[miner7] I chose to go near 16 4 Coordinates
[miner2] I am at (15,19) which is near (15,20)
[miner2] Red retriever 1 staying near explorer at 15 20
[miner2] I am at (15,19) which is near (15,20)
[miner2] Red retriever 1 staying near explorer at 15 20
[miner2] I am at (15,19) which is near (15,20)
[miner2] Red retriever 1 staying near explorer at 15 20
[miner8] I am at (28,18) which is near (29,17)
[miner8] I chose to go near 9 6 Coordinates
[miner2] I am at (15,19) which is near (15,20)
[miner2] Red retriever 1 staying near explorer at 15 20
[miner2] I am at (15,19) which is near (15,20)
[miner2] Red retriever 1 staying near explorer at 15 20
[miner4] I am at (1,21) which is near (0,21)
[miner2] I am at (15,19) which is near (15,20)
[miner6] I am at (14,29) which is near (15,29)
[miner6] I chose to go near 6 29 Coordinates
[miner2] Red retriever 1 staying near explorer at 15 20
[miner2] I am at (15,19) which is near (15,20)
[miner1] I am at (21,2) which is near (21,1)
[miner1] I chose to go near 27 1 Coordinates
[miner2] Red retriever 1 staying near explorer at 15 20
[miner2] I am at (15,19) which is near (15,20)
[miner2] Red retriever 1 staying near explorer at 15 20
[miner2] I am at (15,19) which is near (15,20)
[miner2] Red retriever 1 staying near explorer at 15 20
[miner5] I am at (1,23) and I can't get to' (3,23)
[miner5] I chose to go near 3 23 Coordinates
[miner2] I am at (15,19) which is near (15,20)
[miner1] I am at (26,2) which is near (27,1)
[miner4] I am at (0,27) which is near (0,28)
[miner2] Red retriever 1 staying near explorer at 15 20
[miner1] I chose to go near 12 6 Coordinates
[miner5] I am at (1,23) and I can't get to' (3,23)
[miner5] I chose to go near 10 10 Coordinates
[miner2] I am at (15,19) which is near (15,20)
[miner3] I am at (1,10) which is near (1,9)
[miner3] I chose to go near 16 19 Coordinates
[miner2] Red retriever 1 staying near explorer at 15 20
[miner2] I am at (15,19) which is near (15,20)
[miner2] Red retriever 1 staying near explorer at 15 20
[miner7] I am at (16,5) which is near (16,4)
[miner7] I chose to go near 5 8 Coordinates
[miner2] I am at (15,19) which is near (15,20)
[miner2] Red retriever 1 staying near explorer at 15 20
[miner2] I am at (15,19) which is near (15,20)
[miner6] I am at (1,29) and I can't get to' (6,29)
[miner8] I am at (9,7) which is near (9,6)
[miner2] Red retriever 1 staying near explorer at 15 20
[miner6] I chose to go near 28 5 Coordinates
[miner8] I chose to go near 26 2 Coordinates
[miner2] I am at (15,19) which is near (15,20)
[miner2] Red retriever 1 staying near explorer at 15 20
[miner2] I am at (15,19) which is near (15,20)
[miner2] Red retriever 1 staying near explorer at 15 20
[miner3] I am at (15,18) which is near (16,19)
[miner5] I am at (10,11) which is near (10,10)
[miner3] I chose to go near 26 11 Coordinates
[miner5] I chose to go near 30 14 Coordinates
[miner2] I am at (15,19) which is near (15,20)
[miner1] I am at (12,5) which is near (12,6)
[miner1] I chose to go near 26 12 Coordinates
[miner2] Red retriever 1 staying near explorer at 15 20
[miner2] I am at (15,19) which is near (15,20)
[miner2] Red retriever 1 staying near explorer at 15 20
[miner2] I am at (15,19) which is near (15,20)
[miner7] I am at (5,7) which is near (5,8)
[miner2] Red retriever 1 staying near explorer at 15 20
[miner7] I chose to go near 28 21 Coordinates
[miner2] I am at (15,19) which is near (15,20)
[miner2] Red retriever 1 staying near explorer at 15 20
[miner2] I am at (15,19) which is near (15,20)
[miner2] Red retriever 1 staying near explorer at 15 20
[miner2] I am at (15,19) which is near (15,20)
[miner8] I am at (26,3) which is near (26,2)
[miner8] I chose to go near 7 2 Coordinates
[miner2] Red retriever 1 staying near explorer at 15 20
[miner9] I am at (1,14) which is near (1,15)
[miner9] I chose to go near 16 10 Coordinates
[miner2] I am at (15,19) which is near (15,20)
[miner2] Red retriever 1 staying near explorer at 15 20
[miner3] I am at (26,12) which is near (26,11)
[miner3] I chose to go near 24 26 Coordinates
[miner2] I am at (15,19) which is near (15,20)
[miner2] Red retriever 1 staying near explorer at 15 20
[miner5] I am at (30,13) which is near (30,14)
[miner2] I am at (15,19) which is near (15,20)
[miner5] I chose to go near 20 3 Coordinates
[miner2] Red retriever 1 staying near explorer at 15 20
[miner2] I am at (15,19) which is near (15,20)
[miner4] I am at (34,27) which is near (34,28)
[miner2] Red retriever 1 staying near explorer at 15 20
[miner2] I am at (15,19) which is near (15,20)
[miner2] Red retriever 1 staying near explorer at 15 20
[miner2] I am at (15,19) which is near (15,20)
[miner9] I am at (15,11) which is near (16,10)
[miner9] I chose to go near 13 23 Coordinates
[miner2] Red retriever 1 staying near explorer at 15 20
[miner3] I am at (24,25) which is near (24,26)
[miner3] I chose to go near 9 15 Coordinates
[miner2] I am at (15,19) which is near (15,20)
[miner2] Red retriever 1 staying near explorer at 15 20
[leader] Time left: 1 seconds
[miner5] Leader says time left is 1 seconds
[miner4] Leader says time left is 1 seconds
[miner1] I am at (26,11) which is near (26,12)
[miner6] Leader says time left is 1 seconds
[miner1] Leader says time left is 1 seconds
[miner3] Leader says time left is 1 seconds
[miner1] I chose to go near 26 7 Coordinates
[miner9] Leader says time left is 1 seconds
[miner8] I am at (8,2) which is near (7,2)
[miner2] I am at (15,19) which is near (15,20)
[miner8] Leader says time left is 1 seconds
[miner8] I chose to go near 2 21 Coordinates
[miner7] Leader says time left is 1 seconds
[miner2] Red retriever 1 staying near explorer at 15 20
[miner2] Leader says time left is 1 seconds
[miner5] I am at (17,3) and I can't get to' (20,3)
[miner5] I chose to go near 23 4 Coordinates
[miner2] I am at (15,19) which is near (15,20)
[miner1] I am at (26,8) which is near (26,7)
[miner6] I am at (28,6) which is near (28,5)
[miner6] I chose to go near 32 4 Coordinates
[miner1] I chose to go near 13 2 Coordinates
[miner9] I am at (13,22) which is near (13,23)
[miner9] I chose to go near 27 19 Coordinates
[miner2] Red retriever 1 staying near explorer at 15 20
[miner2] I am at (15,19) which is near (15,20)
[miner2] Red retriever 1 staying near explorer at 15 20
[miner5] I am at (22,4) which is near (23,4)
[miner6] I am at (32,5) which is near (32,4)
[miner6] I chose to go near 16 1 Coordinates
[miner5] I chose to go near 0 20 Coordinates
[miner2] I am at (15,19) which is near (15,20)
[miner2] Red retriever 1 staying near explorer at 15 20
[miner2] I am at (15,19) which is near (15,20)
[miner3] I am at (9,16) which is near (9,15)
[miner3] I chose to go near 25 30 Coordinates
[miner2] Red retriever 1 staying near explorer at 15 20
[miner9] I am at (27,20) which is near (27,19)
[miner9] I chose to go near 14 8 Coordinates
[miner2] I am at (15,19) which is near (15,20)
[miner8] I am at (2,20) which is near (2,21)
[miner8] I chose to go near 6 5 Coordinates
[miner2] Red retriever 1 staying near explorer at 15 20
[miner2] I am at (15,19) which is near (15,20)
[miner7] I am at (27,20) which is near (28,21)
[miner7] I chose to go near 13 30 Coordinates
[miner2] Red retriever 1 staying near explorer at 15 20
[miner6] I am at (17,2) which is near (16,1)
[miner6] I chose to go near 16 3 Coordinates
[miner6] I am at (17,2) which is near (16,3)
[miner6] I chose to go near 3 33 Coordinates
[miner2] I am at (15,19) which is near (15,20)
[miner2] Red retriever 1 staying near explorer at 15 20
[miner1] I am at (14,2) which is near (13,2)
[miner1] I chose to go near 2 16 Coordinates
[miner2] I am at (15,19) which is near (15,20)
[miner2] Red retriever 1 staying near explorer at 15 20
[miner2] I am at (15,19) which is near (15,20)
[miner2] Red retriever 1 staying near explorer at 15 20
[miner2] I am at (15,19) which is near (15,20)
[miner8] I am at (6,6) which is near (6,5)
[miner8] I chose to go near 9 3 Coordinates
[miner2] Red retriever 1 staying near explorer at 15 20
[miner3] I am at (25,29) which is near (25,30)
[miner3] I chose to go near 18 29 Coordinates
[miner9] I am at (13,9) which is near (14,8)
[miner2] I am at (15,19) which is near (15,20)
[miner9] I chose to go near 26 31 Coordinates
[miner2] Red retriever 1 staying near explorer at 15 20
[miner2] I am at (15,19) which is near (15,20)
[miner5] I am at (0,19) which is near (0,20)
[miner8] I am at (9,4) which is near (9,3)
[miner5] I chose to go near 6 14 Coordinates
[miner8] I chose to go near 12 7 Coordinates
[miner2] Red retriever 1 staying near explorer at 15 20
[miner2] I am at (15,19) which is near (15,20)
[miner3] I am at (19,29) which is near (18,29)
[miner3] I chose to go near 31 15 Coordinates
[miner8] I am at (12,6) which is near (12,7)
[miner2] Red retriever 1 staying near explorer at 15 20
[miner8] I chose to go near 1 22 Coordinates
[miner2] I am at (15,19) which is near (15,20)
[miner2] Red retriever 1 staying near explorer at 15 20
[miner5] I am at (6,15) which is near (6,14)
[miner5] I chose to go near 19 4 Coordinates
[miner7] I am at (13,29) which is near (13,30)
[miner2] I am at (15,19) which is near (15,20)
[miner7] I chose to go near 14 20 Coordinates
[miner4] I am at (0,1) which is near (0,0)
[miner2] Red retriever 1 staying near explorer at 15 20
[miner2] I am at (15,19) which is near (15,20)
[miner2] Red retriever 1 staying near explorer at 15 20
[miner2] I am at (15,19) which is near (15,20)
[miner1] I am at (2,15) which is near (2,16)
[miner1] I chose to go near 31 3 Coordinates
[miner2] Red retriever 1 staying near explorer at 15 20
[miner2] I am at (15,19) which is near (15,20)
[miner2] Red retriever 1 staying near explorer at 15 20
[miner7] I am at (14,21) which is near (14,20)
[miner7] I chose to go near 11 3 Coordinates
[miner6] I am at (4,33) which is near (3,33)
[miner6] I chose to go near 14 16 Coordinates
[miner2] I am at (15,19) which is near (15,20)
[miner2] Red retriever 1 staying near explorer at 15 20
[miner2] I am at (15,19) which is near (15,20)
[miner3] I am at (31,16) which is near (31,15)
[miner3] I chose to go near 8 28 Coordinates
[miner9] I am at (26,30) which is near (26,31)
[miner2] Red retriever 1 staying near explorer at 15 20
[miner8] I am at (1,21) which is near (1,22)
[miner9] I chose to go near 31 0 Coordinates
[miner8] I chose to go near 3 6 Coordinates
[miner2] I am at (15,19) which is near (15,20)
[miner2] Red retriever 1 staying near explorer at 15 20
[miner5] I am at (19,5) which is near (19,4)
[miner2] I am at (15,19) which is near (15,20)
[miner5] I chose to go near 6 6 Coordinates
[miner2] Red retriever 1 staying near explorer at 15 20
[miner2] I am at (15,19) which is near (15,20)
[miner2] Red retriever 1 staying near explorer at 15 20
[miner2] I am at (15,19) which is near (15,20)
[miner2] Red retriever 1 staying near explorer at 15 20
[miner2] I am at (15,19) which is near (15,20)
[miner2] Red retriever 1 staying near explorer at 15 20
[miner2] I am at (15,19) which is near (15,20)
[miner2] Red retriever 1 staying near explorer at 15 20
[miner2] I am at (15,19) which is near (15,20)
[miner2] Red retriever 1 staying near explorer at 15 20
[miner5] I am at (7,5) which is near (6,6)
[miner5] I chose to go near 19 33 Coordinates
[miner2] I am at (15,19) which is near (15,20)
[miner2] Red retriever 1 staying near explorer at 15 20
[miner2] I am at (15,19) which is near (15,20)
[miner8] I am at (3,7) which is near (3,6)
[miner4] I am at (33,1) which is near (34,0)
[miner2] Red retriever 1 staying near explorer at 15 20
[miner8] I chose to go near 18 14 Coordinates
[miner2] I am at (15,19) which is near (15,20)
[miner2] Red retriever 1 staying near explorer at 15 20
[miner2] I am at (15,19) which is near (15,20)
[miner6] I am at (14,17) which is near (14,16)
[miner6] I chose to go near 13 24 Coordinates
[miner7] I am at (11,4) which is near (11,3)
[miner7] I chose to go near 33 16 Coordinates
[miner2] Red retriever 1 staying near explorer at 15 20
[miner4] I am at (34,6) which is near (34,7)
[miner2] I am at (15,19) which is near (15,20)
[miner2] Red retriever 1 staying near explorer at 15 20
[miner2] I am at (15,19) which is near (15,20)
[miner9] I am at (31,1) which is near (31,0)
[miner6] I am at (13,23) which is near (13,24)
[miner9] I chose to go near 23 8 Coordinates
[miner6] I chose to go near 22 15 Coordinates
[miner2] Red retriever 1 staying near explorer at 15 20
[miner2] I am at (15,19) which is near (15,20)
[miner8] I am at (17,13) which is near (18,14)
[miner8] I chose to go near 12 4 Coordinates
[miner2] Red retriever 1 staying near explorer at 15 20
[miner2] I am at (15,19) which is near (15,20)
[miner2] Red retriever 1 staying near explorer at 15 20
[miner2] I am at (15,19) which is near (15,20)
[miner1] I am at (31,4) which is near (31,3)
[miner1] I chose to go near 3 15 Coordinates
[miner2] Red retriever 1 staying near explorer at 15 20
[miner2] I am at (15,19) which is near (15,20)
[miner5] I am at (18,33) which is near (19,33)
[miner5] I chose to go near 33 12 Coordinates
[miner2] Red retriever 1 staying near explorer at 15 20
[miner8] I am at (12,5) which is near (12,4)
[miner8] I chose to go near 16 27 Coordinates
[miner2] I am at (15,19) which is near (15,20)
[miner6] I am at (22,16) which is near (22,15)
[miner6] I chose to go near 31 21 Coordinates
[miner2] Red retriever 1 staying near explorer at 15 20
[miner2] I am at (15,19) which is near (15,20)
[miner2] Red retriever 1 staying near explorer at 15 20
[miner3] I am at (8,29) which is near (8,28)
[miner3] I chose to go near 27 22 Coordinates
[miner4] I am at (1,6) which is near (0,7)
[miner2] I am at (15,19) which is near (15,20)
[miner2] Red retriever 1 staying near explorer at 15 20
[miner2] I am at (15,19) which is near (15,20)
[miner2] Red retriever 1 staying near explorer at 15 20
[miner2] I am at (15,19) which is near (15,20)
[miner2] Red retriever 1 staying near explorer at 15 20
[miner2] I am at (15,19) which is near (15,20)
[miner6] I am at (31,20) which is near (31,21)
[miner6] I chose to go near 33 26 Coordinates
[miner2] Red retriever 1 staying near explorer at 15 20
[miner4] I am at (0,13) which is near (0,14)
[miner2] I am at (15,19) which is near (15,20)
[miner2] Red retriever 1 staying near explorer at 15 20
[miner2] I am at (15,19) which is near (15,20)
[miner2] Red retriever 1 staying near explorer at 15 20
[miner2] I am at (15,19) which is near (15,20)
[miner6] I am at (33,25) which is near (33,26)
[miner6] I chose to go near 31 9 Coordinates
[miner2] Red retriever 1 staying near explorer at 15 20
[miner2] I am at (15,19) which is near (15,20)
[miner8] I am at (16,26) which is near (16,27)
[miner8] I chose to go near 0 23 Coordinates
[miner2] Red retriever 1 staying near explorer at 15 20
[miner2] I am at (15,19) which is near (15,20)
[miner2] Red retriever 1 staying near explorer at 15 20
[miner2] I am at (15,19) which is near (15,20)
[miner5] I am at (33,13) which is near (33,12)
[miner5] I chose to go near 32 8 Coordinates
[miner2] Red retriever 1 staying near explorer at 15 20
[miner2] I am at (15,19) which is near (15,20)
[miner2] Red retriever 1 staying near explorer at 15 20
[miner2] I am at (15,19) which is near (15,20)
[miner2] Red retriever 1 staying near explorer at 15 20
[miner5] I am at (32,9) which is near (32,8)
[miner2] I am at (15,19) which is near (15,20)
[miner5] I chose to go near 18 28 Coordinates
[miner2] Red retriever 1 staying near explorer at 15 20
[miner2] I am at (15,19) which is near (15,20)
[miner2] Red retriever 1 staying near explorer at 15 20
[miner6] I am at (31,10) which is near (31,9)
[miner6] I chose to go near 16 20 Coordinates
[miner2] I am at (15,19) which is near (15,20)
[miner2] Red retriever 1 staying near explorer at 15 20
[miner2] I am at (15,19) which is near (15,20)
[miner8] I am at (1,22) which is near (0,23)
[miner8] I chose to go near 28 19 Coordinates
[miner2] Red retriever 1 staying near explorer at 15 20
[miner2] I am at (15,19) which is near (15,20)
[miner2] Red retriever 1 staying near explorer at 15 20
[miner2] I am at (15,19) which is near (15,20)
[miner2] Red retriever 1 staying near explorer at 15 20
[miner2] I am at (15,19) which is near (15,20)
[miner2] Red retriever 1 staying near explorer at 15 20
[miner3] I am at (26,22) which is near (27,22)
[miner3] I chose to go near 22 13 Coordinates
[miner2] I am at (15,19) which is near (15,20)
[miner1] I am at (2,14) which is near (3,15)
[miner1] I chose to go near 4 16 Coordinates
[miner2] Red retriever 1 staying near explorer at 15 20
[miner2] I am at (15,19) which is near (15,20)
[miner2] Red retriever 1 staying near explorer at 15 20
[miner2] I am at (15,19) which is near (15,20)
[miner2] Red retriever 1 staying near explorer at 15 20
[miner1] I am at (3,16) which is near (4,16)
[miner1] I chose to go near 31 21 Coordinates
[miner4] I am at (34,13) which is near (34,14)
[miner2] I am at (15,19) which is near (15,20)
[miner2] Red retriever 1 staying near explorer at 15 20
[miner6] I am at (17,20) which is near (16,20)
[miner2] I am at (15,19) which is near (15,20)
[miner6] I chose to go near 23 20 Coordinates
[miner3] I am at (22,14) which is near (22,13)
[miner2] Red retriever 1 staying near explorer at 15 20
[miner3] I chose to go near 23 23 Coordinates
[miner2] I am at (15,19) which is near (15,20)
[miner2] Red retriever 1 staying near explorer at 15 20
[miner4] I am at (34,20) which is near (34,21)
[miner2] I am at (15,19) which is near (15,20)
[miner6] I am at (22,20) which is near (23,20)
[miner8] I am at (27,20) which is near (28,19)
[miner9] I am at (23,7) which is near (23,8)
[miner6] I chose to go near 7 13 Coordinates
[miner8] I chose to go near 23 24 Coordinates
[miner9] I chose to go near 30 21 Coordinates
[miner2] Red retriever 1 staying near explorer at 15 20
[miner2] I am at (15,19) which is near (15,20)
[miner5] I am at (18,27) which is near (18,28)
[miner5] I chose to go near 32 1 Coordinates
[miner2] Red retriever 1 staying near explorer at 15 20
[miner3] I am at (23,22) which is near (23,23)
[miner3] I chose to go near 13 6 Coordinates
[miner2] I am at (15,19) which is near (15,20)
[miner8] I am at (23,23) which is near (23,24)
[miner8] I chose to go near 13 28 Coordinates
[miner2] Red retriever 1 staying near explorer at 15 20
[miner2] I am at (15,19) which is near (15,20)
[miner2] Red retriever 1 staying near explorer at 15 20
[miner2] I am at (15,19) which is near (15,20)
[miner2] Red retriever 1 staying near explorer at 15 20
[miner8] I am at (13,27) which is near (13,28)
[miner8] I chose to go near 18 33 Coordinates
[miner9] I am at (30,20) which is near (30,21)
[miner2] I am at (15,19) which is near (15,20)
[miner9] I chose to go near 18 21 Coordinates
[miner2] Red retriever 1 staying near explorer at 15 20
[miner2] I am at (15,19) which is near (15,20)
[miner6] I am at (7,14) which is near (7,13)
[miner6] I chose to go near 30 18 Coordinates
[miner2] Red retriever 1 staying near explorer at 15 20
[miner8] I am at (17,32) which is near (18,33)
[miner2] I am at (15,19) which is near (15,20)
[miner8] I chose to go near 31 32 Coordinates
[miner2] Red retriever 1 staying near explorer at 15 20
[miner2] I am at (15,19) which is near (15,20)
[miner9] I am at (19,21) which is near (18,21)
[miner9] I chose to go near 2 26 Coordinates
[miner3] I am at (13,7) which is near (13,6)
[miner3] I chose to go near 26 33 Coordinates
[miner2] Red retriever 1 staying near explorer at 15 20
[miner2] I am at (15,19) which is near (15,20)
[miner2] Red retriever 1 staying near explorer at 15 20
[miner2] I am at (15,19) which is near (15,20)
[miner5] I am at (32,2) which is near (32,1)
[miner5] I chose to go near 7 23 Coordinates
[miner2] Red retriever 1 staying near explorer at 15 20
[miner8] I am at (30,33) which is near (31,32)
[miner2] I am at (15,19) which is near (15,20)
[miner4] I am at (1,21) which is near (0,21)
[miner8] I chose to go near 33 19 Coordinates
[miner2] Red retriever 1 staying near explorer at 15 20
[miner2] I am at (15,19) which is near (15,20)
[miner2] Red retriever 1 staying near explorer at 15 20
[miner2] I am at (15,19) which is near (15,20)
[miner1] I am at (30,21) which is near (31,21)
[miner2] Red retriever 1 staying near explorer at 15 20
[miner1] I chose to go near 8 1 Coordinates
[miner9] I am at (1,25) which is near (2,26)
[miner2] I am at (15,19) which is near (15,20)
[miner9] I chose to go near 1 15 Coordinates
[miner2] Red retriever 1 staying near explorer at 15 20
[miner4] I am at (0,27) which is near (0,28)
[miner6] I am at (29,18) which is near (30,18)
[miner6] I chose to go near 7 11 Coordinates
[miner2] I am at (15,19) which is near (15,20)
[miner2] Red retriever 1 staying near explorer at 15 20
[miner2] I am at (15,19) which is near (15,20)
[miner8] I am at (33,20) which is near (33,19)
[miner2] Red retriever 1 staying near explorer at 15 20
[miner8] I chose to go near 5 10 Coordinates
[miner2] I am at (15,19) which is near (15,20)
[miner2] Red retriever 1 staying near explorer at 15 20
[miner2] I am at (15,19) which is near (15,20)
[miner2] Red retriever 1 staying near explorer at 15 20
[miner9] I am at (1,16) which is near (1,15)
[miner9] I chose to go near 17 12 Coordinates
[miner2] I am at (15,19) which is near (15,20)
[miner2] Red retriever 1 staying near explorer at 15 20
[miner2] I am at (15,19) which is near (15,20)
[miner3] I am at (26,32) which is near (26,33)
[miner2] Red retriever 1 staying near explorer at 15 20
[miner3] I chose to go near 27 6 Coordinates
[miner2] I am at (15,19) which is near (15,20)
[miner2] Red retriever 1 staying near explorer at 15 20
[miner2] I am at (15,19) which is near (15,20)
[miner2] Red retriever 1 staying near explorer at 15 20
[miner2] I am at (15,19) which is near (15,20)
[miner2] Red retriever 1 staying near explorer at 15 20
[miner2] I am at (15,19) which is near (15,20)
[miner2] Red retriever 1 staying near explorer at 15 20
[miner2] I am at (15,19) which is near (15,20)
[miner2] Red retriever 1 staying near explorer at 15 20
[miner2] I am at (15,19) which is near (15,20)
[miner2] Red retriever 1 staying near explorer at 15 20
[miner2] I am at (15,19) which is near (15,20)
[miner2] Red retriever 1 staying near explorer at 15 20
[miner2] I am at (15,19) which is near (15,20)
[miner2] Red retriever 1 staying near explorer at 15 20
[miner2] I am at (15,19) which is near (15,20)
[miner2] Red retriever 1 staying near explorer at 15 20
[miner2] I am at (15,19) which is near (15,20)
[miner6] I am at (8,12) which is near (7,11)
[miner9] I am at (16,12) which is near (17,12)
[miner2] Red retriever 1 staying near explorer at 15 20
[miner6] I chose to go near 27 28 Coordinates
[miner9] I chose to go near 21 13 Coordinates
[miner2] I am at (15,19) which is near (15,20)
[miner2] Red retriever 1 staying near explorer at 15 20
[miner2] I am at (15,19) which is near (15,20)
[miner9] I am at (20,12) which is near (21,13)
[miner9] I chose to go near 4 28 Coordinates
[miner2] Red retriever 1 staying near explorer at 15 20
[miner3] I am at (27,7) which is near (27,6)
[miner2] I am at (15,19) which is near (15,20)
[miner3] I chose to go near 33 31 Coordinates
[miner2] Red retriever 1 staying near explorer at 15 20
[miner2] I am at (15,19) which is near (15,20)
[miner8] I am at (5,11) which is near (5,10)
[miner8] I chose to go near 28 23 Coordinates
[miner2] Red retriever 1 staying near explorer at 15 20
[miner2] I am at (15,19) which is near (15,20)
[miner2] Red retriever 1 staying near explorer at 15 20
[miner7] I am at (33,15) which is near (33,16)
[miner7] I chose to go near 2 13 Coordinates
[miner2] I am at (15,19) which is near (15,20)
[miner2] Red retriever 1 staying near explorer at 15 20
[miner2] I am at (15,19) which is near (15,20)
[miner2] Red retriever 1 staying near explorer at 15 20
[miner2] I am at (15,19) which is near (15,20)
[miner2] Red retriever 1 staying near explorer at 15 20
[miner2] I am at (15,19) which is near (15,20)
[miner2] Red retriever 1 staying near explorer at 15 20
[miner2] I am at (15,19) which is near (15,20)
[miner4] I am at (34,27) which is near (34,28)
[miner2] Red retriever 1 staying near explorer at 15 20
[miner1] I am at (8,2) which is near (8,1)
[miner1] I chose to go near 3 19 Coordinates
[miner2] I am at (15,19) which is near (15,20)
[miner2] Red retriever 1 staying near explorer at 15 20
[miner3] I am at (33,30) which is near (33,31)
[miner3] I chose to go near 1 0 Coordinates
[miner2] I am at (15,19) which is near (15,20)
[miner2] Red retriever 1 staying near explorer at 15 20
[miner6] I am at (27,27) which is near (27,28)
[miner6] I chose to go near 23 19 Coordinates
[miner2] I am at (15,19) which is near (15,20)
[miner2] Red retriever 1 staying near explorer at 15 20
[miner2] I am at (15,19) which is near (15,20)
[miner8] I am at (28,22) which is near (28,23)
[miner8] I chose to go near 21 1 Coordinates
[miner2] Red retriever 1 staying near explorer at 15 20
[miner2] I am at (15,19) which is near (15,20)
[miner2] Red retriever 1 staying near explorer at 15 20
[miner2] I am at (15,19) which is near (15,20)
[miner6] I am at (23,20) which is near (23,19)
[miner6] I chose to go near 24 2 Coordinates
[miner2] Red retriever 1 staying near explorer at 15 20
[miner2] I am at (15,19) which is near (15,20)
[miner2] Red retriever 1 staying near explorer at 15 20
[miner2] I am at (15,19) which is near (15,20)
[miner2] Red retriever 1 staying near explorer at 15 20
[miner2] I am at (15,19) which is near (15,20)
[miner8] I am at (21,2) which is near (21,1)
[miner8] I chose to go near 6 29 Coordinates
[miner6] I am at (24,3) which is near (24,2)
[miner1] I am at (2,18) which is near (3,19)
[miner1] I chose to go near 14 17 Coordinates
[miner2] Red retriever 1 staying near explorer at 15 20
[miner6] I chose to go near 2 20 Coordinates
[miner7] I am at (2,12) which is near (2,13)
[miner2] I am at (15,19) which is near (15,20)
[miner7] I chose to go near 2 27 Coordinates
[miner2] Red retriever 1 staying near explorer at 15 20
[miner2] I am at (15,19) which is near (15,20)
[miner2] Red retriever 1 staying near explorer at 15 20
[miner2] I am at (15,19) which is near (15,20)
[miner2] Red retriever 1 staying near explorer at 15 20
[miner2] I am at (15,19) which is near (15,20)
[miner2] Red retriever 1 staying near explorer at 15 20
[miner2] I am at (15,19) which is near (15,20)
[miner2] Red retriever 1 staying near explorer at 15 20
[miner2] I am at (15,19) which is near (15,20)
[miner2] Red retriever 1 staying near explorer at 15 20
[miner2] I am at (15,19) which is near (15,20)
[miner5] I am at (1,23) and I can't get to' (7,23)
[miner2] Red retriever 1 staying near explorer at 15 20
[miner5] I chose to go near 4 9 Coordinates
[miner2] I am at (15,19) which is near (15,20)
[miner2] Red retriever 1 staying near explorer at 15 20
[miner2] I am at (15,19) which is near (15,20)
[miner2] Red retriever 1 staying near explorer at 15 20
[miner3] I am at (1,1) which is near (1,0)
[miner2] I am at (15,19) which is near (15,20)
[miner3] I chose to go near 10 11 Coordinates
[miner1] I am at (13,18) which is near (14,17)
[miner1] I chose to go near 26 0 Coordinates
[miner7] I am at (1,26) which is near (2,27)
[miner2] Red retriever 1 staying near explorer at 15 20
[miner7] I chose to go near 22 25 Coordinates
[miner2] I am at (15,19) which is near (15,20)
[miner2] Red retriever 1 staying near explorer at 15 20
[miner2] I am at (15,19) which is near (15,20)
[miner2] Red retriever 1 staying near explorer at 15 20
[miner2] I am at (15,19) which is near (15,20)
[miner2] Red retriever 1 staying near explorer at 15 20
[miner5] I am at (4,10) which is near (4,9)
[miner5] I chose to go near 31 6 Coordinates
[miner2] I am at (15,19) which is near (15,20)
[miner2] Red retriever 1 staying near explorer at 15 20
[miner4] I am at (0,1) which is near (0,0)
[miner2] I am at (15,19) which is near (15,20)
[miner6] I am at (2,19) which is near (2,20)
[miner2] Red retriever 1 staying near explorer at 15 20
[miner6] I chose to go near 27 9 Coordinates
[miner2] I am at (15,19) which is near (15,20)
[miner3] I am at (10,10) which is near (10,11)
[miner2] Red retriever 1 staying near explorer at 15 20
[miner3] I chose to go near 13 14 Coordinates
[miner2] I am at (15,19) which is near (15,20)
[miner2] Red retriever 1 staying near explorer at 15 20
[miner2] I am at (15,19) which is near (15,20)
[miner2] Red retriever 1 staying near explorer at 15 20
[miner2] I am at (15,19) which is near (15,20)
[miner2] Red retriever 1 staying near explorer at 15 20
[miner2] I am at (15,19) which is near (15,20)
[miner3] I am at (12,13) which is near (13,14)
[miner3] I chose to go near 29 9 Coordinates
[miner2] Red retriever 1 staying near explorer at 15 20
[miner2] I am at (15,19) which is near (15,20)
[miner2] Red retriever 1 staying near explorer at 15 20
[miner2] I am at (15,19) which is near (15,20)
[miner2] Red retriever 1 staying near explorer at 15 20
[miner2] I am at (15,19) which is near (15,20)
[miner2] Red retriever 1 staying near explorer at 15 20
[miner2] I am at (15,19) which is near (15,20)
[miner2] Red retriever 1 staying near explorer at 15 20
[miner2] I am at (15,19) which is near (15,20)
[miner2] Red retriever 1 staying near explorer at 15 20
[miner2] I am at (15,19) which is near (15,20)
[miner2] Red retriever 1 staying near explorer at 15 20
[miner2] I am at (15,19) which is near (15,20)
[miner2] Red retriever 1 staying near explorer at 15 20
[miner2] I am at (15,19) which is near (15,20)
[miner2] Red retriever 1 staying near explorer at 15 20
[miner2] I am at (15,19) which is near (15,20)
[miner2] Red retriever 1 staying near explorer at 15 20
[miner2] I am at (15,19) which is near (15,20)
[miner2] Red retriever 1 staying near explorer at 15 20
[miner5] I am at (31,7) which is near (31,6)
[miner5] I chose to go near 2 0 Coordinates
[miner2] I am at (15,19) which is near (15,20)
[miner1] I am at (26,1) which is near (26,0)
[miner1] I chose to go near 19 16 Coordinates
[miner2] Red retriever 1 staying near explorer at 15 20
[miner3] I am at (29,10) which is near (29,9)
[miner3] I chose to go near 28 11 Coordinates
[miner2] I am at (15,19) which is near (15,20)
[miner3] I am at (29,10) which is near (28,11)
[miner3] I chose to go near 7 0 Coordinates
[miner7] I am at (22,24) which is near (22,25)
[miner2] Red retriever 1 staying near explorer at 15 20
[miner7] I chose to go near 8 29 Coordinates
[miner9] I am at (3,27) which is near (4,28)
[miner2] I am at (15,19) which is near (15,20)
[miner9] I chose to go near 13 17 Coordinates
[miner4] I am at (33,1) which is near (34,0)
[miner2] Red retriever 1 staying near explorer at 15 20
[miner2] I am at (15,19) which is near (15,20)
[miner2] Red retriever 1 staying near explorer at 15 20
[miner6] I am at (27,10) which is near (27,9)
[miner6] I chose to go near 19 0 Coordinates
[miner2] I am at (15,19) which is near (15,20)
[miner4] I am at (34,6) which is near (34,7)
[miner2] Red retriever 1 staying near explorer at 15 20
[miner2] I am at (15,19) which is near (15,20)
[miner2] Red retriever 1 staying near explorer at 15 20
[miner2] I am at (15,19) which is near (15,20)
[miner2] Red retriever 1 staying near explorer at 15 20
[miner2] I am at (15,19) which is near (15,20)
[miner2] Red retriever 1 staying near explorer at 15 20
[miner2] I am at (15,19) which is near (15,20)
[miner2] Red retriever 1 staying near explorer at 15 20
[miner2] I am at (15,19) which is near (15,20)
[miner2] Red retriever 1 staying near explorer at 15 20
[miner2] I am at (15,19) which is near (15,20)
[miner2] Red retriever 1 staying near explorer at 15 20
[miner6] I am at (19,1) which is near (19,0)
[miner6] I chose to go near 33 18 Coordinates
[miner2] I am at (15,19) which is near (15,20)
[miner2] Red retriever 1 staying near explorer at 15 20
[miner2] I am at (15,19) which is near (15,20)
[miner2] Red retriever 1 staying near explorer at 15 20
[miner3] I am at (7,1) which is near (7,0)
[miner2] I am at (15,19) which is near (15,20)
[miner3] I chose to go near 18 15 Coordinates
[miner2] Red retriever 1 staying near explorer at 15 20
[miner8] I am at (1,29) and I can't get to' (6,29)
[miner2] I am at (15,19) which is near (15,20)
[miner8] I chose to go near 6 19 Coordinates
[miner5] I am at (2,1) which is near (2,0)
[miner5] I chose to go near 15 14 Coordinates
[miner2] Red retriever 1 staying near explorer at 15 20
[miner2] I am at (15,19) which is near (15,20)
[miner2] Red retriever 1 staying near explorer at 15 20
[miner1] I am at (18,15) which is near (19,16)
[miner2] I am at (15,19) which is near (15,20)
[miner1] I chose to go near 6 27 Coordinates
[miner2] Red retriever 1 staying near explorer at 15 20
[miner2] I am at (15,19) which is near (15,20)
[miner2] Red retriever 1 staying near explorer at 15 20
[miner4] I am at (1,6) which is near (0,7)
[miner2] I am at (15,19) which is near (15,20)
[miner2] Red retriever 1 staying near explorer at 15 20
[miner2] I am at (15,19) which is near (15,20)
[miner2] Red retriever 1 staying near explorer at 15 20
[miner2] I am at (15,19) which is near (15,20)
[miner8] I am at (6,20) which is near (6,19)
[miner8] I chose to go near 27 4 Coordinates
[miner2] Red retriever 1 staying near explorer at 15 20
[miner2] I am at (15,19) which is near (15,20)
[miner2] Red retriever 1 staying near explorer at 15 20
[miner9] I am at (12,18) which is near (13,17)
[miner9] I chose to go near 5 6 Coordinates
[miner2] I am at (15,19) which is near (15,20)
[miner2] Red retriever 1 staying near explorer at 15 20
[miner3] I am at (17,14) which is near (18,15)
[miner4] I am at (0,13) which is near (0,14)
[miner3] I chose to go near 32 3 Coordinates
[miner2] I am at (15,19) which is near (15,20)
[miner6] I am at (33,17) which is near (33,18)
[miner6] I chose to go near 6 15 Coordinates
[miner2] Red retriever 1 staying near explorer at 15 20
[miner2] I am at (15,19) which is near (15,20)
[miner5] I am at (14,13) which is near (15,14)
[miner2] Red retriever 1 staying near explorer at 15 20
[miner5] I chose to go near 31 25 Coordinates
[miner2] I am at (15,19) which is near (15,20)
[miner2] Red retriever 1 staying near explorer at 15 20
[miner2] I am at (15,19) which is near (15,20)
[miner2] Red retriever 1 staying near explorer at 15 20
[miner2] I am at (15,19) which is near (15,20)
[miner2] Red retriever 1 staying near explorer at 15 20
[miner2] I am at (15,19) which is near (15,20)
[miner2] Red retriever 1 staying near explorer at 15 20
[miner2] I am at (15,19) which is near (15,20)
[miner2] Red retriever 1 staying near explorer at 15 20
[miner2] I am at (15,19) which is near (15,20)
[miner2] Red retriever 1 staying near explorer at 15 20
[miner7] I am at (7,30) which is near (8,29)
[miner7] I chose to go near 29 25 Coordinates
[miner2] I am at (15,19) which is near (15,20)
[miner9] I am at (5,7) which is near (5,6)
[miner2] Red retriever 1 staying near explorer at 15 20
[miner9] I chose to go near 6 15 Coordinates
[miner2] I am at (15,19) which is near (15,20)
[miner2] Red retriever 1 staying near explorer at 15 20
[miner2] I am at (15,19) which is near (15,20)
[miner2] Red retriever 1 staying near explorer at 15 20
[miner9] I am at (6,14) which is near (6,15)
[miner9] I chose to go near 19 12 Coordinates
[miner3] I am at (32,4) which is near (32,3)
[miner3] I chose to go near 5 30 Coordinates
[miner2] I am at (15,19) which is near (15,20)
[miner5] I am at (31,24) which is near (31,25)
[miner5] I chose to go near 18 30 Coordinates
[miner2] Red retriever 1 staying near explorer at 15 20
[miner8] I am at (27,5) which is near (27,4)
[miner2] I am at (15,19) which is near (15,20)
[miner8] I chose to go near 14 26 Coordinates
[miner2] Red retriever 1 staying near explorer at 15 20
[miner2] I am at (15,19) which is near (15,20)
[miner2] Red retriever 1 staying near explorer at 15 20
[miner6] I am at (6,16) which is near (6,15)
[miner2] I am at (15,19) which is near (15,20)
[miner6] I chose to go near 17 5 Coordinates
[miner2] Red retriever 1 staying near explorer at 15 20
[miner2] I am at (15,19) which is near (15,20)
[miner2] Red retriever 1 staying near explorer at 15 20
[miner2] I am at (15,19) which is near (15,20)
[miner2] Red retriever 1 staying near explorer at 15 20
[miner2] I am at (15,19) which is near (15,20)
[miner2] Red retriever 1 staying near explorer at 15 20
[miner2] I am at (15,19) which is near (15,20)
[miner2] Red retriever 1 staying near explorer at 15 20
[miner2] I am at (15,19) which is near (15,20)
[miner2] Red retriever 1 staying near explorer at 15 20
[miner2] I am at (15,19) which is near (15,20)
[miner2] Red retriever 1 staying near explorer at 15 20
[miner2] I am at (15,19) which is near (15,20)
[miner2] Red retriever 1 staying near explorer at 15 20
[miner2] I am at (15,19) which is near (15,20)
[miner2] Red retriever 1 staying near explorer at 15 20
[miner9] I am at (18,12) which is near (19,12)
[miner2] I am at (15,19) which is near (15,20)
[miner9] I chose to go near 3 31 Coordinates
[miner2] Red retriever 1 staying near explorer at 15 20
[miner2] I am at (15,19) which is near (15,20)
[miner5] I am at (18,29) which is near (18,30)
[miner5] I chose to go near 19 18 Coordinates
[miner2] Red retriever 1 staying near explorer at 15 20
[miner2] I am at (15,19) which is near (15,20)
[miner2] Red retriever 1 staying near explorer at 15 20
[miner4] I am at (34,13) which is near (34,14)
[miner2] I am at (15,19) which is near (15,20)
[miner2] Red retriever 1 staying near explorer at 15 20
[miner2] I am at (15,19) which is near (15,20)
[miner2] Red retriever 1 staying near explorer at 15 20
[miner2] I am at (15,19) which is near (15,20)
[miner2] Red retriever 1 staying near explorer at 15 20
[miner2] I am at (15,19) which is near (15,20)
[miner6] I am at (17,6) which is near (17,5)
[miner2] Red retriever 1 staying near explorer at 15 20
[miner5] I am at (18,19) which is near (19,18)
[miner2] I am at (15,19) which is near (15,20)
[miner6] I chose to go near 21 7 Coordinates
[miner5] I chose to go near 5 18 Coordinates
[miner2] Red retriever 1 staying near explorer at 15 20
[miner2] I am at (15,19) which is near (15,20)
[miner2] Red retriever 1 staying near explorer at 15 20
[miner2] I am at (15,19) which is near (15,20)
[miner4] I am at (34,20) which is near (34,21)
[miner2] Red retriever 1 staying near explorer at 15 20
[miner2] I am at (15,19) which is near (15,20)
[miner6] I am at (20,6) which is near (21,7)
[miner6] I chose to go near 10 0 Coordinates
[miner2] Red retriever 1 staying near explorer at 15 20
[miner2] I am at (15,19) which is near (15,20)
[miner2] Red retriever 1 staying near explorer at 15 20
[miner2] I am at (15,19) which is near (15,20)
[miner2] Red retriever 1 staying near explorer at 15 20
[miner2] I am at (15,19) which is near (15,20)
[miner2] Red retriever 1 staying near explorer at 15 20
[miner2] I am at (15,19) which is near (15,20)
[miner8] I am at (14,25) which is near (14,26)
[miner8] I chose to go near 26 12 Coordinates
[miner2] Red retriever 1 staying near explorer at 15 20
[miner2] I am at (15,19) which is near (15,20)
[miner2] Red retriever 1 staying near explorer at 15 20
[miner2] I am at (15,19) which is near (15,20)
[miner2] Red retriever 1 staying near explorer at 15 20
[miner2] I am at (15,19) which is near (15,20)
[miner2] Red retriever 1 staying near explorer at 15 20
[miner2] I am at (15,19) which is near (15,20)
[miner5] I am at (6,18) which is near (5,18)
[miner2] Red retriever 1 staying near explorer at 15 20
[miner5] I chose to go near 30 9 Coordinates
[miner2] I am at (15,19) which is near (15,20)
[miner2] Red retriever 1 staying near explorer at 15 20
[miner2] I am at (15,19) which is near (15,20)
[miner2] Red retriever 1 staying near explorer at 15 20
[miner2] I am at (15,19) which is near (15,20)
[miner2] Red retriever 1 staying near explorer at 15 20
[miner2] I am at (15,19) which is near (15,20)
[miner2] Red retriever 1 staying near explorer at 15 20
[miner2] I am at (15,19) which is near (15,20)
[miner2] Red retriever 1 staying near explorer at 15 20
[miner2] I am at (15,19) which is near (15,20)
[miner6] I am at (10,1) which is near (10,0)
[miner6] I chose to go near 13 13 Coordinates
[miner2] Red retriever 1 staying near explorer at 15 20
[miner2] I am at (15,19) which is near (15,20)
[miner2] Red retriever 1 staying near explorer at 15 20
[miner2] I am at (15,19) which is near (15,20)
[miner2] Red retriever 1 staying near explorer at 15 20
[miner2] I am at (15,19) which is near (15,20)
[miner2] Red retriever 1 staying near explorer at 15 20
[miner2] I am at (15,19) which is near (15,20)
[miner2] Red retriever 1 staying near explorer at 15 20
[miner2] I am at (15,19) which is near (15,20)
[miner2] Red retriever 1 staying near explorer at 15 20
[miner2] I am at (15,19) which is near (15,20)
[miner2] Red retriever 1 staying near explorer at 15 20
[miner2] I am at (15,19) which is near (15,20)
[miner2] Red retriever 1 staying near explorer at 15 20
[miner2] I am at (15,19) which is near (15,20)
[miner2] Red retriever 1 staying near explorer at 15 20
[miner2] I am at (15,19) which is near (15,20)
[miner2] Red retriever 1 staying near explorer at 15 20
[miner2] I am at (15,19) which is near (15,20)
[miner8] I am at (26,13) which is near (26,12)
[miner2] Red retriever 1 staying near explorer at 15 20
[miner8] I chose to go near 27 30 Coordinates
[miner2] I am at (15,19) which is near (15,20)
[miner2] Red retriever 1 staying near explorer at 15 20
[miner2] I am at (15,19) which is near (15,20)
[miner7] I am at (29,26) which is near (29,25)
[miner7] I chose to go near 2 31 Coordinates
[miner2] Red retriever 1 staying near explorer at 15 20
[miner6] I am at (12,12) which is near (13,13)
[miner6] I chose to go near 32 21 Coordinates
[miner2] I am at (15,19) which is near (15,20)
[miner2] Red retriever 1 staying near explorer at 15 20
[miner2] I am at (15,19) which is near (15,20)
[miner3] I am at (4,30) which is near (5,30)
[miner2] Red retriever 1 staying near explorer at 15 20
[miner3] I chose to go near 9 6 Coordinates
[miner2] I am at (15,19) which is near (15,20)
[miner2] Red retriever 1 staying near explorer at 15 20
[miner2] I am at (15,19) which is near (15,20)
[miner2] Red retriever 1 staying near explorer at 15 20
[miner1] I am at (5,28) which is near (6,27)
[miner2] I am at (15,19) which is near (15,20)
[miner1] I chose to go near 32 12 Coordinates
[miner2] Red retriever 1 staying near explorer at 15 20
[miner5] I am at (30,10) which is near (30,9)
[miner5] I chose to go near 10 30 Coordinates
[miner2] I am at (15,19) which is near (15,20)
[miner2] Red retriever 1 staying near explorer at 15 20
[miner4] I am at (1,21) which is near (0,21)
[miner2] I am at (15,19) which is near (15,20)
[miner2] Red retriever 1 staying near explorer at 15 20
[miner2] I am at (15,19) which is near (15,20)
[miner2] Red retriever 1 staying near explorer at 15 20
[miner2] I am at (15,19) which is near (15,20)
[miner2] Red retriever 1 staying near explorer at 15 20
[miner2] I am at (15,19) which is near (15,20)
[miner2] Red retriever 1 staying near explorer at 15 20
[miner8] I am at (27,29) which is near (27,30)
[miner2] I am at (15,19) which is near (15,20)
[miner8] I chose to go near 30 18 Coordinates
[miner2] Red retriever 1 staying near explorer at 15 20
[miner2] I am at (15,19) which is near (15,20)
[miner2] Red retriever 1 staying near explorer at 15 20
[miner2] I am at (15,19) which is near (15,20)
[miner2] Red retriever 1 staying near explorer at 15 20
[miner2] I am at (15,19) which is near (15,20)
[miner2] Red retriever 1 staying near explorer at 15 20
[miner2] I am at (15,19) which is near (15,20)
[miner2] Red retriever 1 staying near explorer at 15 20
[miner2] I am at (15,19) which is near (15,20)
[miner2] Red retriever 1 staying near explorer at 15 20
[miner4] I am at (0,27) which is near (0,28)
[miner2] I am at (15,19) which is near (15,20)
[miner2] Red retriever 1 staying near explorer at 15 20
[miner2] I am at (15,19) which is near (15,20)
[miner2] Red retriever 1 staying near explorer at 15 20
[miner2] I am at (15,19) which is near (15,20)
[miner2] Red retriever 1 staying near explorer at 15 20
[miner2] I am at (15,19) which is near (15,20)
[miner2] Red retriever 1 staying near explorer at 15 20
[miner8] I am at (30,19) which is near (30,18)
[miner2] I am at (15,19) which is near (15,20)
[miner8] I chose to go near 4 27 Coordinates
[miner2] Red retriever 1 staying near explorer at 15 20
[miner6] I am at (31,20) which is near (32,21)
[miner2] I am at (15,19) which is near (15,20)
[miner6] I chose to go near 21 6 Coordinates
[miner2] Red retriever 1 staying near explorer at 15 20
[miner2] I am at (15,19) which is near (15,20)
[miner2] Red retriever 1 staying near explorer at 15 20
[miner2] I am at (15,19) which is near (15,20)
[miner2] Red retriever 1 staying near explorer at 15 20
[miner2] I am at (15,19) which is near (15,20)
[miner2] Red retriever 1 staying near explorer at 15 20
[miner2] I am at (15,19) which is near (15,20)
[miner2] Red retriever 1 staying near explorer at 15 20
[miner2] I am at (15,19) which is near (15,20)
[miner2] Red retriever 1 staying near explorer at 15 20
[miner2] I am at (15,19) which is near (15,20)
[miner2] Red retriever 1 staying near explorer at 15 20
[miner2] I am at (15,19) which is near (15,20)
[miner2] Red retriever 1 staying near explorer at 15 20
[miner2] I am at (15,19) which is near (15,20)
[miner2] Red retriever 1 staying near explorer at 15 20
[miner2] I am at (15,19) which is near (15,20)
[miner2] Red retriever 1 staying near explorer at 15 20
[miner2] I am at (15,19) which is near (15,20)
[miner3] I am at (9,7) which is near (9,6)
[miner3] I chose to go near 22 32 Coordinates
[miner2] Red retriever 1 staying near explorer at 15 20
[miner2] I am at (15,19) which is near (15,20)
[miner2] Red retriever 1 staying near explorer at 15 20
[miner2] I am at (15,19) which is near (15,20)
[miner2] Red retriever 1 staying near explorer at 15 20
[miner2] I am at (15,19) which is near (15,20)
[miner2] Red retriever 1 staying near explorer at 15 20
[miner2] I am at (15,19) which is near (15,20)
[miner2] Red retriever 1 staying near explorer at 15 20
[miner2] I am at (15,19) which is near (15,20)
[miner2] Red retriever 1 staying near explorer at 15 20
[miner2] I am at (15,19) which is near (15,20)
[miner2] Red retriever 1 staying near explorer at 15 20
[miner2] I am at (15,19) which is near (15,20)
[miner6] I am at (21,7) which is near (21,6)
[miner6] I chose to go near 13 27 Coordinates
[miner2] Red retriever 1 staying near explorer at 15 20
[miner2] I am at (15,19) which is near (15,20)
[miner7] I am at (1,32) which is near (2,31)
[miner7] I chose to go near 1 31 Coordinates
[miner7] I am at (1,32) which is near (1,31)
[miner7] I chose to go near 3 11 Coordinates
[miner2] Red retriever 1 staying near explorer at 15 20
[miner2] I am at (15,19) which is near (15,20)
[miner2] Red retriever 1 staying near explorer at 15 20
[miner9] I am at (2,30) which is near (3,31)
[miner2] I am at (15,19) which is near (15,20)
[miner9] I chose to go near 14 3 Coordinates
[miner2] Red retriever 1 staying near explorer at 15 20
[miner2] I am at (15,19) which is near (15,20)
[miner2] Red retriever 1 staying near explorer at 15 20
[miner2] I am at (15,19) which is near (15,20)
[miner5] I am at (9,30) which is near (10,30)
[miner2] Red retriever 1 staying near explorer at 15 20
[miner5] I chose to go near 6 20 Coordinates
[miner3] I am at (22,31) which is near (22,32)
[miner3] I chose to go near 15 21 Coordinates
[miner2] I am at (15,19) which is near (15,20)
[miner2] Red retriever 1 staying near explorer at 15 20
[miner6] I am at (13,26) which is near (13,27)
[miner6] I chose to go near 2 14 Coordinates
[miner2] I am at (15,19) which is near (15,20)
[miner2] Red retriever 1 staying near explorer at 15 20
[miner4] I am at (34,27) which is near (34,28)
[miner2] I am at (15,19) which is near (15,20)
[miner2] Red retriever 1 staying near explorer at 15 20
[miner2] I am at (15,19) which is near (15,20)
[miner2] Red retriever 1 staying near explorer at 15 20
[miner3] I am at (15,22) which is near (15,21)
[miner3] I chose to go near 32 33 Coordinates
[miner2] I am at (15,19) which is near (15,20)
[miner2] Red retriever 1 staying near explorer at 15 20
[miner2] I am at (15,19) which is near (15,20)
[miner8] I am at (3,26) which is near (4,27)
[miner2] Red retriever 1 staying near explorer at 15 20
[miner8] I chose to go near 24 31 Coordinates
[miner2] I am at (15,19) which is near (15,20)
[miner7] I am at (2,12) which is near (3,11)
[miner2] Red retriever 1 staying near explorer at 15 20
[miner7] I chose to go near 21 25 Coordinates
[miner2] I am at (15,19) which is near (15,20)
[miner2] Red retriever 1 staying near explorer at 15 20
[miner5] I am at (6,21) which is near (6,20)
[miner5] I chose to go near 27 0 Coordinates
[miner2] I am at (15,19) which is near (15,20)
[miner2] Red retriever 1 staying near explorer at 15 20
[miner2] I am at (15,19) which is near (15,20)
[miner9] I am at (11,3) and I can't get to' (14,3)
[miner9] I chose to go near 23 3 Coordinates
[miner2] Red retriever 1 staying near explorer at 15 20
[miner6] I am at (2,15) which is near (2,14)
[miner6] I chose to go near 14 13 Coordinates
[miner2] I am at (15,19) which is near (15,20)
[miner2] Red retriever 1 staying near explorer at 15 20
[miner2] I am at (15,19) which is near (15,20)
[miner2] Red retriever 1 staying near explorer at 15 20
[miner2] I am at (15,19) which is near (15,20)
[miner2] Red retriever 1 staying near explorer at 15 20
[miner2] I am at (15,19) which is near (15,20)
[miner2] Red retriever 1 staying near explorer at 15 20
[miner2] I am at (15,19) which is near (15,20)
[miner2] Red retriever 1 staying near explorer at 15 20
[miner2] I am at (15,19) which is near (15,20)
[miner2] Red retriever 1 staying near explorer at 15 20
[miner9] I am at (22,2) which is near (23,3)
[miner9] I chose to go near 3 24 Coordinates
[miner2] I am at (15,19) which is near (15,20)
[miner3] I am at (32,32) which is near (32,33)
[miner2] Red retriever 1 staying near explorer at 15 20
[miner3] I chose to go near 20 5 Coordinates
[miner2] I am at (15,19) which is near (15,20)
[miner2] Red retriever 1 staying near explorer at 15 20
[miner2] I am at (15,19) which is near (15,20)
[miner2] Red retriever 1 staying near explorer at 15 20
[miner2] I am at (15,19) which is near (15,20)
[miner2] Red retriever 1 staying near explorer at 15 20
[miner2] I am at (15,19) which is near (15,20)
[miner2] Red retriever 1 staying near explorer at 15 20
[miner2] I am at (15,19) which is near (15,20)
[miner2] Red retriever 1 staying near explorer at 15 20
[miner2] I am at (15,19) which is near (15,20)
[miner6] I am at (13,12) which is near (14,13)
[miner6] I chose to go near 18 31 Coordinates
[miner2] Red retriever 1 staying near explorer at 15 20
[miner2] I am at (15,19) which is near (15,20)
[miner2] Red retriever 1 staying near explorer at 15 20
[miner2] I am at (15,19) which is near (15,20)
[miner2] Red retriever 1 staying near explorer at 15 20
[miner2] I am at (15,19) which is near (15,20)
[miner2] Red retriever 1 staying near explorer at 15 20
[miner2] I am at (15,19) which is near (15,20)
[miner2] Red retriever 1 staying near explorer at 15 20
[miner2] I am at (15,19) which is near (15,20)
[miner2] Red retriever 1 staying near explorer at 15 20
[miner8] I am at (23,31) which is near (24,31)
[miner2] I am at (15,19) which is near (15,20)
[miner8] I chose to go near 21 9 Coordinates
[miner2] Red retriever 1 staying near explorer at 15 20
[miner5] I am at (27,1) which is near (27,0)
[miner2] I am at (15,19) which is near (15,20)
[miner5] I chose to go near 0 10 Coordinates
[miner2] Red retriever 1 staying near explorer at 15 20
[miner2] I am at (15,19) which is near (15,20)
[miner1] I am at (31,13) which is near (32,12)
[miner1] I chose to go near 18 28 Coordinates
[miner2] Red retriever 1 staying near explorer at 15 20
[miner2] I am at (15,19) which is near (15,20)
[miner2] Red retriever 1 staying near explorer at 15 20
[miner2] I am at (15,19) which is near (15,20)
[miner7] I am at (21,24) which is near (21,25)
[miner3] I am at (20,6) which is near (20,5)
[miner2] Red retriever 1 staying near explorer at 15 20
[miner7] I chose to go near 12 6 Coordinates
[miner3] I chose to go near 19 19 Coordinates
[miner6] I am at (18,30) which is near (18,31)
[miner6] I chose to go near 23 14 Coordinates
[miner2] I am at (15,19) which is near (15,20)
[miner2] Red retriever 1 staying near explorer at 15 20
[miner2] I am at (15,19) which is near (15,20)
[miner2] Red retriever 1 staying near explorer at 15 20
[miner2] I am at (15,19) which is near (15,20)
[miner2] Red retriever 1 staying near explorer at 15 20
[miner2] I am at (15,19) which is near (15,20)
[miner2] Red retriever 1 staying near explorer at 15 20
[miner8] I am at (21,10) which is near (21,9)
[miner2] I am at (15,19) which is near (15,20)
[miner8] I chose to go near 6 28 Coordinates
[miner2] Red retriever 1 staying near explorer at 15 20
[miner2] I am at (15,19) which is near (15,20)
[miner2] Red retriever 1 staying near explorer at 15 20
[miner3] I am at (18,18) which is near (19,19)
[miner3] I chose to go near 2 12 Coordinates
[miner2] I am at (15,19) which is near (15,20)
[miner2] Red retriever 1 staying near explorer at 15 20
[miner2] I am at (15,19) which is near (15,20)
[miner6] I am at (23,15) which is near (23,14)
[miner2] Red retriever 1 staying near explorer at 15 20
[miner6] I chose to go near 11 27 Coordinates
[miner2] I am at (15,19) which is near (15,20)
[miner2] Red retriever 1 staying near explorer at 15 20
[miner2] I am at (15,19) which is near (15,20)
[miner2] Red retriever 1 staying near explorer at 15 20
[miner2] I am at (15,19) which is near (15,20)
[miner2] Red retriever 1 staying near explorer at 15 20
[miner2] I am at (15,19) which is near (15,20)
[miner2] Red retriever 1 staying near explorer at 15 20
[miner2] I am at (15,19) which is near (15,20)
[miner2] Red retriever 1 staying near explorer at 15 20
[miner2] I am at (15,19) which is near (15,20)
[miner9] I am at (4,24) which is near (3,24)
[miner9] I chose to go near 28 29 Coordinates
[miner2] Red retriever 1 staying near explorer at 15 20
[miner2] I am at (15,19) which is near (15,20)
[miner3] I am at (2,13) which is near (2,12)
[miner3] I chose to go near 11 17 Coordinates
[miner2] Red retriever 1 staying near explorer at 15 20
[miner2] I am at (15,19) which is near (15,20)
[miner2] Red retriever 1 staying near explorer at 15 20
[miner6] I am at (11,26) which is near (11,27)
[miner6] I chose to go near 9 21 Coordinates
[miner2] I am at (15,19) which is near (15,20)
[miner2] Red retriever 1 staying near explorer at 15 20
[miner2] I am at (15,19) which is near (15,20)
[miner2] Red retriever 1 staying near explorer at 15 20
[miner1] I am at (18,27) which is near (18,28)
[miner1] I chose to go near 1 10 Coordinates
[miner6] I am at (10,22) which is near (9,21)
[miner2] I am at (15,19) which is near (15,20)
[miner3] I am at (10,18) which is near (11,17)
[miner6] I chose to go near 30 7 Coordinates
[miner3] I chose to go near 17 23 Coordinates
[miner2] Red retriever 1 staying near explorer at 15 20
[miner2] I am at (15,19) which is near (15,20)
[miner2] Red retriever 1 staying near explorer at 15 20
[miner2] I am at (15,19) which is near (15,20)
[miner2] Red retriever 1 staying near explorer at 15 20
[miner2] I am at (15,19) which is near (15,20)
[miner2] Red retriever 1 staying near explorer at 15 20
[miner2] I am at (15,19) which is near (15,20)
[miner2] Red retriever 1 staying near explorer at 15 20
[miner2] I am at (15,19) which is near (15,20)
[miner3] I am at (17,22) which is near (17,23)
[miner2] Red retriever 1 staying near explorer at 15 20
[miner3] I chose to go near 5 18 Coordinates
[miner2] I am at (15,19) which is near (15,20)
[miner2] Red retriever 1 staying near explorer at 15 20
[miner2] I am at (15,19) which is near (15,20)
[miner2] Red retriever 1 staying near explorer at 15 20
[miner2] I am at (15,19) which is near (15,20)
[miner2] Red retriever 1 staying near explorer at 15 20
[miner2] I am at (15,19) which is near (15,20)
[miner2] Red retriever 1 staying near explorer at 15 20
[miner2] I am at (15,19) which is near (15,20)
[miner2] Red retriever 1 staying near explorer at 15 20
[miner2] I am at (15,19) which is near (15,20)
[miner2] Red retriever 1 staying near explorer at 15 20
[miner2] I am at (15,19) which is near (15,20)
[miner2] Red retriever 1 staying near explorer at 15 20
[miner2] I am at (15,19) which is near (15,20)
[miner3] I am at (5,19) which is near (5,18)
[miner3] I chose to go near 2 19 Coordinates
[miner2] Red retriever 1 staying near explorer at 15 20
[miner2] I am at (15,19) which is near (15,20)
[miner8] I am at (5,28) which is near (6,28)
[miner8] I chose to go near 5 25 Coordinates
[miner3] I am at (2,18) which is near (2,19)
[miner2] Red retriever 1 staying near explorer at 15 20
[miner3] I chose to go near 8 33 Coordinates
[miner2] I am at (15,19) which is near (15,20)
[miner9] I am at (28,30) which is near (28,29)
[miner2] Red retriever 1 staying near explorer at 15 20
[miner9] I chose to go near 27 28 Coordinates
[miner2] I am at (15,19) which is near (15,20)
[miner2] Red retriever 1 staying near explorer at 15 20
[miner9] I am at (27,29) which is near (27,28)
[miner6] I am at (30,8) which is near (30,7)
[miner6] I chose to go near 32 23 Coordinates
[miner2] I am at (15,19) which is near (15,20)
[miner9] I chose to go near 11 22 Coordinates
[miner2] Red retriever 1 staying near explorer at 15 20
[miner8] I am at (3,25) and I can't get to' (5,25)
[miner8] I chose to go near 4 24 Coordinates
[miner2] I am at (15,19) which is near (15,20)
[miner8] I am at (3,25) which is near (4,24)
[miner8] I chose to go near 10 14 Coordinates
[miner2] Red retriever 1 staying near explorer at 15 20
[miner4] I am at (0,1) which is near (0,0)
[miner2] I am at (15,19) which is near (15,20)
[miner2] Red retriever 1 staying near explorer at 15 20
[miner2] I am at (15,19) which is near (15,20)
[miner2] Red retriever 1 staying near explorer at 15 20
[miner2] I am at (15,19) which is near (15,20)
[miner2] Red retriever 1 staying near explorer at 15 20
[miner2] I am at (15,19) which is near (15,20)
[miner2] Red retriever 1 staying near explorer at 15 20
[miner3] I am at (7,33) which is near (8,33)
[miner3] I chose to go near 32 21 Coordinates
[miner1] I am at (1,11) which is near (1,10)
[miner2] I am at (15,19) which is near (15,20)
[miner1] I chose to go near 31 27 Coordinates
[miner6] I am at (32,22) which is near (32,23)
[miner6] I chose to go near 7 1 Coordinates
[miner2] Red retriever 1 staying near explorer at 15 20
[miner5] I am at (0,9) which is near (0,10)
[miner5] I chose to go near 5 29 Coordinates
[miner2] I am at (15,19) which is near (15,20)
[miner2] Red retriever 1 staying near explorer at 15 20
[miner9] I am at (11,23) which is near (11,22)
[miner9] I chose to go near 0 20 Coordinates
[miner2] I am at (15,19) which is near (15,20)
[miner2] Red retriever 1 staying near explorer at 15 20
[miner2] I am at (15,19) which is near (15,20)
[miner2] Red retriever 1 staying near explorer at 15 20
[miner2] I am at (15,19) which is near (15,20)
[miner2] Red retriever 1 staying near explorer at 15 20
[miner2] I am at (15,19) which is near (15,20)
[miner7] I am at (12,7) which is near (12,6)
[miner7] I chose to go near 24 29 Coordinates
[miner9] I am at (0,21) which is near (0,20)
[miner5] I am at (1,29) and I can't get to' (5,29)
[miner9] I chose to go near 26 25 Coordinates
[miner2] Red retriever 1 staying near explorer at 15 20
[miner5] I chose to go near 20 20 Coordinates
[miner2] I am at (15,19) which is near (15,20)
[miner3] I am at (32,22) which is near (32,21)
[miner2] Red retriever 1 staying near explorer at 15 20
[miner8] I am at (10,15) which is near (10,14)
[miner3] I chose to go near 22 21 Coordinates
[miner8] I chose to go near 18 31 Coordinates
[miner4] I am at (33,1) which is near (34,0)
[miner2] I am at (15,19) which is near (15,20)
[miner2] Red retriever 1 staying near explorer at 15 20
[miner2] I am at (15,19) which is near (15,20)
[miner2] Red retriever 1 staying near explorer at 15 20
[miner2] I am at (15,19) which is near (15,20)
[miner2] Red retriever 1 staying near explorer at 15 20
[miner4] I am at (34,6) which is near (34,7)
[miner2] I am at (15,19) which is near (15,20)
[miner6] I am at (7,2) which is near (7,1)
[miner3] I am at (23,22) which is near (22,21)
[miner3] I chose to go near 11 24 Coordinates
[miner6] I chose to go near 33 16 Coordinates
[miner2] Red retriever 1 staying near explorer at 15 20
[miner2] I am at (15,19) which is near (15,20)
[miner2] Red retriever 1 staying near explorer at 15 20
[miner2] I am at (15,19) which is near (15,20)
[miner9] I am at (26,24) which is near (26,25)
[miner2] Red retriever 1 staying near explorer at 15 20
[miner9] I chose to go near 4 29 Coordinates
[miner3] I am at (11,23) which is near (11,24)
[miner2] I am at (15,19) which is near (15,20)
[miner3] I chose to go near 33 3 Coordinates
[miner5] I am at (20,21) which is near (20,20)
[miner8] I am at (18,30) which is near (18,31)
[miner8] I chose to go near 15 22 Coordinates
[miner5] I chose to go near 3 1 Coordinates
[miner2] Red retriever 1 staying near explorer at 15 20
[miner2] I am at (15,19) which is near (15,20)
[miner2] Red retriever 1 staying near explorer at 15 20
[miner2] I am at (15,19) which is near (15,20)
[miner2] Red retriever 1 staying near explorer at 15 20
[miner2] I am at (15,19) which is near (15,20)
[miner2] Red retriever 1 staying near explorer at 15 20
[miner2] I am at (15,19) which is near (15,20)
[miner2] Red retriever 1 staying near explorer at 15 20
[miner8] I am at (15,23) which is near (15,22)
[miner8] I chose to go near 20 27 Coordinates
[miner2] I am at (15,19) which is near (15,20)
[miner2] Red retriever 1 staying near explorer at 15 20
[miner2] I am at (15,19) which is near (15,20)
[miner2] Red retriever 1 staying near explorer at 15 20
[miner2] I am at (15,19) which is near (15,20)
[miner1] I am at (31,26) which is near (31,27)
[miner1] I chose to go near 2 8 Coordinates
[miner2] Red retriever 1 staying near explorer at 15 20
[miner2] I am at (15,19) which is near (15,20)
[miner8] I am at (20,26) which is near (20,27)
[miner8] I chose to go near 30 28 Coordinates
[miner2] Red retriever 1 staying near explorer at 15 20
[miner2] I am at (15,19) which is near (15,20)
[miner2] Red retriever 1 staying near explorer at 15 20
[miner2] I am at (15,19) which is near (15,20)
[miner7] I am at (24,28) which is near (24,29)
[miner7] I chose to go near 10 17 Coordinates
[miner2] Red retriever 1 staying near explorer at 15 20
[miner2] I am at (15,19) which is near (15,20)
[miner2] Red retriever 1 staying near explorer at 15 20
[miner2] I am at (15,19) which is near (15,20)
[miner2] Red retriever 1 staying near explorer at 15 20
[miner2] I am at (15,19) which is near (15,20)
[miner2] Red retriever 1 staying near explorer at 15 20
[miner2] I am at (15,19) which is near (15,20)
[miner2] Red retriever 1 staying near explorer at 15 20
[miner6] I am at (33,15) which is near (33,16)
[miner2] I am at (15,19) which is near (15,20)
[miner6] I chose to go near 13 31 Coordinates
[miner2] Red retriever 1 staying near explorer at 15 20
[miner8] I am at (30,27) which is near (30,28)
[miner2] I am at (15,19) which is near (15,20)
[miner8] I chose to go near 32 11 Coordinates
[miner2] Red retriever 1 staying near explorer at 15 20
[miner2] I am at (15,19) which is near (15,20)
[miner2] Red retriever 1 staying near explorer at 15 20
[miner9] I am at (1,29) and I can't get to' (4,29)
[miner9] I chose to go near 17 20 Coordinates
[miner2] I am at (15,19) which is near (15,20)
[miner5] I am at (3,2) which is near (3,1)
[miner5] I chose to go near 7 5 Coordinates
[miner2] Red retriever 1 staying near explorer at 15 20
[miner2] I am at (15,19) which is near (15,20)
[miner2] Red retriever 1 staying near explorer at 15 20
[miner3] I am at (33,4) which is near (33,3)
[miner3] I chose to go near 22 14 Coordinates
[miner2] I am at (15,19) which is near (15,20)
[miner5] I am at (7,4) which is near (7,5)
[miner5] I chose to go near 5 22 Coordinates
[miner2] Red retriever 1 staying near explorer at 15 20
[miner2] I am at (15,19) which is near (15,20)
[miner2] Red retriever 1 staying near explorer at 15 20
[miner8] I am at (31,12) which is near (32,11)
[miner8] I chose to go near 3 20 Coordinates
[miner2] I am at (15,19) which is near (15,20)
[miner2] Red retriever 1 staying near explorer at 15 20
[miner2] I am at (15,19) which is near (15,20)
[miner2] Red retriever 1 staying near explorer at 15 20
[miner2] I am at (15,19) which is near (15,20)
[miner2] Red retriever 1 staying near explorer at 15 20
[miner2] I am at (15,19) which is near (15,20)
[miner2] Red retriever 1 staying near explorer at 15 20
[miner9] I am at (17,21) which is near (17,20)
[miner2] I am at (15,19) which is near (15,20)
[miner9] I chose to go near 2 24 Coordinates
[miner3] I am at (22,13) which is near (22,14)
[miner3] I chose to go near 14 24 Coordinates
[miner2] Red retriever 1 staying near explorer at 15 20
[miner2] I am at (15,19) which is near (15,20)
[miner2] Red retriever 1 staying near explorer at 15 20
[miner2] I am at (15,19) which is near (15,20)
[miner5] I am at (5,21) which is near (5,22)
[miner5] I chose to go near 29 23 Coordinates
[miner2] Red retriever 1 staying near explorer at 15 20
[miner2] I am at (15,19) which is near (15,20)
[miner2] Red retriever 1 staying near explorer at 15 20
[miner2] I am at (15,19) which is near (15,20)
[miner2] Red retriever 1 staying near explorer at 15 20
[miner6] I am at (13,30) which is near (13,31)
[miner2] I am at (15,19) which is near (15,20)
[miner7] I am at (10,18) which is near (10,17)
[miner6] I chose to go near 23 18 Coordinates
[miner2] Red retriever 1 staying near explorer at 15 20
[miner7] I chose to go near 24 5 Coordinates
[miner2] I am at (15,19) which is near (15,20)
[miner2] Red retriever 1 staying near explorer at 15 20
[miner2] I am at (15,19) which is near (15,20)
[miner2] Red retriever 1 staying near explorer at 15 20
[miner2] I am at (15,19) which is near (15,20)
[miner2] Red retriever 1 staying near explorer at 15 20
[miner2] I am at (15,19) which is near (15,20)
[miner2] Red retriever 1 staying near explorer at 15 20
[miner2] I am at (15,19) which is near (15,20)
[miner2] Red retriever 1 staying near explorer at 15 20
[miner2] I am at (15,19) which is near (15,20)
[miner2] Red retriever 1 staying near explorer at 15 20
[miner2] I am at (15,19) which is near (15,20)
[miner2] Red retriever 1 staying near explorer at 15 20
[miner2] I am at (15,19) which is near (15,20)
[miner2] Red retriever 1 staying near explorer at 15 20
[miner2] I am at (15,19) which is near (15,20)
[miner3] I am at (14,23) which is near (14,24)
[miner3] I chose to go near 0 7 Coordinates
[miner2] Red retriever 1 staying near explorer at 15 20
[miner2] I am at (15,19) which is near (15,20)
[miner9] I am at (1,23) which is near (2,24)
[miner2] Red retriever 1 staying near explorer at 15 20
[miner9] I chose to go near 12 29 Coordinates
[miner2] I am at (15,19) which is near (15,20)
[miner2] Red retriever 1 staying near explorer at 15 20
[miner2] I am at (15,19) which is near (15,20)
[miner2] Red retriever 1 staying near explorer at 15 20
[miner2] I am at (15,19) which is near (15,20)
[miner2] Red retriever 1 staying near explorer at 15 20
[miner2] I am at (15,19) which is near (15,20)
[miner4] I am at (1,6) which is near (0,7)
[miner2] Red retriever 1 staying near explorer at 15 20
[miner5] I am at (29,22) which is near (29,23)
[miner2] I am at (15,19) which is near (15,20)
[miner5] I chose to go near 10 11 Coordinates
[miner2] Red retriever 1 staying near explorer at 15 20
[miner2] I am at (15,19) which is near (15,20)
[miner8] I am at (2,19) which is near (3,20)
[miner2] Red retriever 1 staying near explorer at 15 20
[miner6] I am at (23,19) which is near (23,18)
[miner8] I chose to go near 30 5 Coordinates
[miner2] I am at (15,19) which is near (15,20)
[miner6] I chose to go near 22 1 Coordinates
[miner2] Red retriever 1 staying near explorer at 15 20
[miner2] I am at (15,19) which is near (15,20)
[miner1] I am at (2,9) which is near (2,8)
[miner2] Red retriever 1 staying near explorer at 15 20
[miner1] I chose to go near 18 5 Coordinates
[miner2] I am at (15,19) which is near (15,20)
[miner2] Red retriever 1 staying near explorer at 15 20
[miner2] I am at (15,19) which is near (15,20)
[miner2] Red retriever 1 staying near explorer at 15 20
[miner2] I am at (15,19) which is near (15,20)
[miner2] Red retriever 1 staying near explorer at 15 20
[miner2] I am at (15,19) which is near (15,20)
[miner2] Red retriever 1 staying near explorer at 15 20
[miner2] I am at (15,19) which is near (15,20)
[miner2] Red retriever 1 staying near explorer at 15 20
[miner2] I am at (15,19) which is near (15,20)
[miner2] Red retriever 1 staying near explorer at 15 20
[miner2] I am at (15,19) which is near (15,20)
[miner2] Red retriever 1 staying near explorer at 15 20
[miner2] I am at (15,19) which is near (15,20)
[miner2] Red retriever 1 staying near explorer at 15 20
[miner2] I am at (15,19) which is near (15,20)
[miner2] Red retriever 1 staying near explorer at 15 20
[miner2] I am at (15,19) which is near (15,20)
[miner9] I am at (12,28) which is near (12,29)
[miner2] Red retriever 1 staying near explorer at 15 20
[miner9] I chose to go near 27 29 Coordinates
[miner2] I am at (15,19) which is near (15,20)
[miner2] Red retriever 1 staying near explorer at 15 20
[miner2] I am at (15,19) which is near (15,20)
[miner2] Red retriever 1 staying near explorer at 15 20
[miner2] I am at (15,19) which is near (15,20)
[miner2] Red retriever 1 staying near explorer at 15 20
[miner6] I am at (22,2) which is near (22,1)
[miner3] I am at (0,8) which is near (0,7)
[miner3] I chose to go near 5 6 Coordinates
[miner6] I chose to go near 15 24 Coordinates
[miner2] I am at (15,19) which is near (15,20)
[miner7] I am at (24,6) which is near (24,5)
[miner7] I chose to go near 9 6 Coordinates
[miner3] I am at (5,7) which is near (5,6)
[miner2] Red retriever 1 staying near explorer at 15 20
[miner3] I chose to go near 33 9 Coordinates
[miner2] I am at (15,19) which is near (15,20)
[miner9] I am at (26,29) which is near (27,29)
[miner9] I chose to go near 21 2 Coordinates
[miner2] Red retriever 1 staying near explorer at 15 20
[miner2] I am at (15,19) which is near (15,20)
[miner2] Red retriever 1 staying near explorer at 15 20
[miner5] I am at (10,12) which is near (10,11)
[miner5] I chose to go near 16 2 Coordinates
[miner2] I am at (15,19) which is near (15,20)
[miner2] Red retriever 1 staying near explorer at 15 20
[miner2] I am at (15,19) which is near (15,20)
[miner1] I am at (18,6) which is near (18,5)
[miner1] I chose to go near 10 1 Coordinates
[miner2] Red retriever 1 staying near explorer at 15 20
[miner2] I am at (15,19) which is near (15,20)
[miner2] Red retriever 1 staying near explorer at 15 20
[miner6] I am at (15,23) which is near (15,24)
[miner5] I am at (16,3) which is near (16,2)
[miner6] I chose to go near 8 23 Coordinates
[miner5] I chose to go near 15 19 Coordinates
[miner2] I am at (15,19) which is near (15,20)
[miner2] Red retriever 1 staying near explorer at 15 20
[miner8] I am at (30,6) which is near (30,5)
[miner3] I am at (33,8) which is near (33,9)
[miner7] I am at (10,6) which is near (9,6)
[miner8] I chose to go near 22 30 Coordinates
[miner2] I am at (15,19) which is near (15,20)
[miner7] I chose to go near 22 17 Coordinates
[miner3] I chose to go near 4 14 Coordinates
[miner4] I am at (0,13) which is near (0,14)
[miner2] Red retriever 1 staying near explorer at 15 20
[miner6] I am at (9,22) which is near (8,23)
[miner6] I chose to go near 27 14 Coordinates
[miner2] I am at (15,19) which is near (15,20)
[miner2] Red retriever 1 staying near explorer at 15 20
[miner2] I am at (15,19) which is near (15,20)
[miner2] Red retriever 1 staying near explorer at 15 20
[miner2] I am at (15,19) which is near (15,20)
[miner2] Red retriever 1 staying near explorer at 15 20
[miner9] I am at (21,3) which is near (21,2)
[miner2] I am at (15,19) which is near (15,20)
[miner9] I chose to go near 12 31 Coordinates
[miner2] Red retriever 1 staying near explorer at 15 20
[miner2] I am at (15,19) which is near (15,20)
[miner2] Red retriever 1 staying near explorer at 15 20
[miner2] I am at (15,19) which is near (15,20)
[miner5] I am at (15,18) which is near (15,19)
[miner5] I chose to go near 23 3 Coordinates
[miner2] Red retriever 1 staying near explorer at 15 20
[miner2] I am at (15,19) which is near (15,20)
[miner2] Red retriever 1 staying near explorer at 15 20
[miner2] I am at (15,19) which is near (15,20)
[miner2] Red retriever 1 staying near explorer at 15 20
[miner2] I am at (15,19) which is near (15,20)
[miner2] Red retriever 1 staying near explorer at 15 20
[miner2] I am at (15,19) which is near (15,20)
[miner6] I am at (27,15) which is near (27,14)
[miner6] I chose to go near 31 27 Coordinates
[miner2] Red retriever 1 staying near explorer at 15 20
[miner2] I am at (15,19) which is near (15,20)
[miner3] I am at (4,13) which is near (4,14)
[miner3] I chose to go near 24 18 Coordinates
[miner2] Red retriever 1 staying near explorer at 15 20
[miner5] I am at (23,4) which is near (23,3)
[miner8] I am at (22,29) which is near (22,30)
[miner8] I chose to go near 5 26 Coordinates
[miner5] I chose to go near 1 23 Coordinates
[miner2] I am at (15,19) which is near (15,20)
[miner2] Red retriever 1 staying near explorer at 15 20
[miner7] I am at (22,16) which is near (22,17)
[miner7] I chose to go near 4 5 Coordinates
[miner2] I am at (15,19) which is near (15,20)
[miner2] Red retriever 1 staying near explorer at 15 20
[miner2] I am at (15,19) which is near (15,20)
[miner2] Red retriever 1 staying near explorer at 15 20
[miner2] I am at (15,19) which is near (15,20)
[miner6] I am at (31,26) which is near (31,27)
[miner6] I chose to go near 17 3 Coordinates
[miner2] Red retriever 1 staying near explorer at 15 20
[miner2] I am at (15,19) which is near (15,20)
[miner4] I am at (34,13) which is near (34,14)
[miner2] Red retriever 1 staying near explorer at 15 20
[miner9] I am at (12,30) which is near (12,31)
[miner9] I chose to go near 27 23 Coordinates
[miner2] I am at (15,19) which is near (15,20)
[miner2] Red retriever 1 staying near explorer at 15 20
[miner2] I am at (15,19) which is near (15,20)
[miner2] Red retriever 1 staying near explorer at 15 20
[miner2] I am at (15,19) which is near (15,20)
[miner3] I am at (23,17) which is near (24,18)
[miner3] I chose to go near 8 16 Coordinates
[miner2] Red retriever 1 staying near explorer at 15 20
[miner2] I am at (15,19) which is near (15,20)
[miner2] Red retriever 1 staying near explorer at 15 20
[miner4] I am at (34,20) which is near (34,21)
[miner2] I am at (15,19) which is near (15,20)
[miner2] Red retriever 1 staying near explorer at 15 20
[miner2] I am at (15,19) which is near (15,20)
[miner2] Red retriever 1 staying near explorer at 15 20
[miner2] I am at (15,19) which is near (15,20)
[miner2] Red retriever 1 staying near explorer at 15 20
[miner2] I am at (15,19) which is near (15,20)
[miner9] I am at (27,24) which is near (27,23)
[miner9] I chose to go near 24 33 Coordinates
[miner2] Red retriever 1 staying near explorer at 15 20
[miner2] I am at (15,19) which is near (15,20)
[miner2] Red retriever 1 staying near explorer at 15 20
[miner3] I am at (7,17) which is near (8,16)
[miner3] I chose to go near 7 18 Coordinates
[miner3] I am at (7,17) which is near (7,18)
[miner3] I chose to go near 22 1 Coordinates
[miner2] I am at (15,19) which is near (15,20)
[miner5] I am at (1,22) which is near (1,23)
[miner5] I chose to go near 27 0 Coordinates
[miner2] Red retriever 1 staying near explorer at 15 20
[miner2] I am at (15,19) which is near (15,20)
[miner2] Red retriever 1 staying near explorer at 15 20
[miner2] I am at (15,19) which is near (15,20)
[miner2] Red retriever 1 staying near explorer at 15 20
[miner9] I am at (24,32) which is near (24,33)
[miner9] I chose to go near 2 3 Coordinates
[miner2] I am at (15,19) which is near (15,20)
[miner2] Red retriever 1 staying near explorer at 15 20
[miner7] I am at (4,6) which is near (4,5)
[miner7] I chose to go near 32 2 Coordinates
[miner2] I am at (15,19) which is near (15,20)
[miner2] Red retriever 1 staying near explorer at 15 20
[miner1] I am at (11,2) which is near (10,1)
[miner1] I chose to go near 7 12 Coordinates
[miner2] I am at (15,19) which is near (15,20)
[miner2] Red retriever 1 staying near explorer at 15 20
[miner2] I am at (15,19) which is near (15,20)
[miner2] Red retriever 1 staying near explorer at 15 20
[miner2] I am at (15,19) which is near (15,20)
[miner2] Red retriever 1 staying near explorer at 15 20
[miner2] I am at (15,19) which is near (15,20)
[miner2] Red retriever 1 staying near explorer at 15 20
[miner2] I am at (15,19) which is near (15,20)
[miner2] Red retriever 1 staying near explorer at 15 20
[miner3] I am at (22,2) which is near (22,1)
[miner3] I chose to go near 26 19 Coordinates
[miner2] I am at (15,19) which is near (15,20)
[miner2] Red retriever 1 staying near explorer at 15 20
[miner2] I am at (15,19) which is near (15,20)
[miner2] Red retriever 1 staying near explorer at 15 20
[miner2] I am at (15,19) which is near (15,20)
[miner4] I am at (1,21) which is near (0,21)
[miner2] Red retriever 1 staying near explorer at 15 20
[miner2] I am at (15,19) which is near (15,20)
[miner2] Red retriever 1 staying near explorer at 15 20
[miner1] I am at (7,11) which is near (7,12)
[miner2] I am at (15,19) which is near (15,20)
[miner1] I chose to go near 14 2 Coordinates
[miner2] Red retriever 1 staying near explorer at 15 20
[miner3] I am at (26,18) which is near (26,19)
[miner3] I chose to go near 10 12 Coordinates
[miner2] I am at (15,19) which is near (15,20)
[miner4] I am at (0,27) which is near (0,28)
[miner2] Red retriever 1 staying near explorer at 15 20
[miner2] I am at (15,19) which is near (15,20)
[miner2] Red retriever 1 staying near explorer at 15 20
[miner2] I am at (15,19) which is near (15,20)
[miner2] Red retriever 1 staying near explorer at 15 20
[miner2] I am at (15,19) which is near (15,20)
[miner2] Red retriever 1 staying near explorer at 15 20
[miner2] I am at (15,19) which is near (15,20)
[miner2] Red retriever 1 staying near explorer at 15 20
[miner2] I am at (15,19) which is near (15,20)
[miner2] Red retriever 1 staying near explorer at 15 20
[miner2] I am at (15,19) which is near (15,20)
[miner1] I am at (13,2) which is near (14,2)
[miner2] Red retriever 1 staying near explorer at 15 20
[miner1] I chose to go near 14 16 Coordinates
[miner3] I am at (10,13) which is near (10,12)
[miner3] I chose to go near 24 12 Coordinates
[miner9] I am at (2,4) which is near (2,3)
[miner7] I am at (32,3) which is near (32,2)
[miner9] I chose to go near 14 1 Coordinates
[miner7] I chose to go near 18 27 Coordinates
[miner2] I am at (15,19) which is near (15,20)
[miner6] I am at (17,4) which is near (17,3)
[miner2] Red retriever 1 staying near explorer at 15 20
[miner6] I chose to go near 1 32 Coordinates
[miner2] I am at (15,19) which is near (15,20)
[miner2] Red retriever 1 staying near explorer at 15 20
[miner2] I am at (15,19) which is near (15,20)
[miner2] Red retriever 1 staying near explorer at 15 20
[miner2] I am at (15,19) which is near (15,20)
[miner3] I am at (23,12) which is near (24,12)
[miner3] I chose to go near 32 9 Coordinates
[miner2] Red retriever 1 staying near explorer at 15 20
[miner2] I am at (15,19) which is near (15,20)
[miner9] I am at (13,2) which is near (14,1)
[miner9] I chose to go near 2 2 Coordinates
[miner2] Red retriever 1 staying near explorer at 15 20
[miner2] I am at (15,19) which is near (15,20)
[miner2] Red retriever 1 staying near explorer at 15 20
[miner2] I am at (15,19) which is near (15,20)
[miner3] I am at (32,10) which is near (32,9)
[miner3] I chose to go near 4 20 Coordinates
[miner2] Red retriever 1 staying near explorer at 15 20
[miner2] I am at (15,19) which is near (15,20)
[miner8] I am at (5,27) which is near (5,26)
[miner8] I chose to go near 23 29 Coordinates
[miner2] Red retriever 1 staying near explorer at 15 20
[miner1] I am at (14,15) which is near (14,16)
[miner1] I chose to go near 14 21 Coordinates
[miner2] I am at (15,19) which is near (15,20)
[miner2] Red retriever 1 staying near explorer at 15 20
[miner9] I am at (3,2) which is near (2,2)
[miner9] I chose to go near 11 29 Coordinates
[miner2] I am at (15,19) which is near (15,20)
[miner2] Red retriever 1 staying near explorer at 15 20
[miner2] I am at (15,19) which is near (15,20)
[miner2] Red retriever 1 staying near explorer at 15 20
[miner2] I am at (15,19) which is near (15,20)
[miner1] I am at (15,20) which is near (14,21)
[miner1] I chose to go near 18 30 Coordinates
[miner2] Red retriever 1 staying near explorer at 15 20
[miner2] I am at (15,19) which is near (15,20)
[miner2] Red retriever 1 staying near explorer at 15 20
[miner2] I am at (15,19) which is near (15,20)
[miner6] I am at (1,31) which is near (1,32)
[miner2] Red retriever 1 staying near explorer at 15 20
[miner6] I chose to go near 6 31 Coordinates
[miner2] I am at (15,19) which is near (15,20)
[miner2] Red retriever 1 staying near explorer at 15 20
[miner2] I am at (15,19) which is near (15,20)
[miner6] I am at (5,31) which is near (6,31)
[miner6] I chose to go near 25 1 Coordinates
[miner2] Red retriever 1 staying near explorer at 15 20
[miner2] I am at (15,19) which is near (15,20)
[miner2] Red retriever 1 staying near explorer at 15 20
[miner7] I am at (18,26) which is near (18,27)
[miner7] I chose to go near 3 30 Coordinates
[miner2] I am at (15,19) which is near (15,20)
[miner5] I am at (27,1) which is near (27,0)
[miner5] I chose to go near 4 28 Coordinates
[miner2] Red retriever 1 staying near explorer at 15 20
[miner2] I am at (15,19) which is near (15,20)
[miner1] I am at (18,29) which is near (18,30)
[miner1] I chose to go near 21 30 Coordinates
[miner2] Red retriever 1 staying near explorer at 15 20
[miner2] I am at (15,19) which is near (15,20)
[miner1] I am at (20,29) which is near (21,30)
[miner1] I chose to go near 10 18 Coordinates
[miner2] Red retriever 1 staying near explorer at 15 20
[miner3] I am at (4,19) which is near (4,20)
[miner3] I chose to go near 22 32 Coordinates
[miner2] I am at (15,19) which is near (15,20)
[miner2] Red retriever 1 staying near explorer at 15 20
[miner2] I am at (15,19) which is near (15,20)
[miner2] Red retriever 1 staying near explorer at 15 20
[miner2] I am at (15,19) which is near (15,20)
[miner9] I am at (11,28) which is near (11,29)
[miner9] I chose to go near 30 16 Coordinates
[miner2] Red retriever 1 staying near explorer at 15 20
[miner2] I am at (15,19) which is near (15,20)
[miner2] Red retriever 1 staying near explorer at 15 20
[miner2] I am at (15,19) which is near (15,20)
[miner2] Red retriever 1 staying near explorer at 15 20
[miner2] I am at (15,19) which is near (15,20)
[miner8] I am at (23,30) which is near (23,29)
[miner8] I chose to go near 28 2 Coordinates
[miner2] Red retriever 1 staying near explorer at 15 20
[miner3] I am at (22,31) which is near (22,32)
[miner3] I chose to go near 3 9 Coordinates
[miner2] I am at (15,19) which is near (15,20)
[miner2] Red retriever 1 staying near explorer at 15 20
[miner2] I am at (15,19) which is near (15,20)
[miner2] Red retriever 1 staying near explorer at 15 20
[miner2] I am at (15,19) which is near (15,20)
[miner2] Red retriever 1 staying near explorer at 15 20
[miner2] I am at (15,19) which is near (15,20)
[miner2] Red retriever 1 staying near explorer at 15 20
[miner2] I am at (15,19) which is near (15,20)
[miner2] Red retriever 1 staying near explorer at 15 20
[miner2] I am at (15,19) which is near (15,20)
[miner2] Red retriever 1 staying near explorer at 15 20
[miner9] I am at (30,17) which is near (30,16)
[miner9] I chose to go near 9 16 Coordinates
[miner2] I am at (15,19) which is near (15,20)
[miner2] Red retriever 1 staying near explorer at 15 20
[miner2] I am at (15,19) which is near (15,20)
[miner1] I am at (10,19) which is near (10,18)
[miner2] Red retriever 1 staying near explorer at 15 20
[miner1] I chose to go near 19 15 Coordinates
[miner7] I am at (2,31) which is near (3,30)
[miner2] I am at (15,19) which is near (15,20)
[miner7] I chose to go near 13 15 Coordinates
[miner2] Red retriever 1 staying near explorer at 15 20
[miner2] I am at (15,19) which is near (15,20)
[miner2] Red retriever 1 staying near explorer at 15 20
[miner2] I am at (15,19) which is near (15,20)
[miner2] Red retriever 1 staying near explorer at 15 20
[miner6] I am at (25,2) which is near (25,1)
[miner2] I am at (15,19) which is near (15,20)
[miner6] I chose to go near 7 2 Coordinates
[miner2] Red retriever 1 staying near explorer at 15 20
[miner2] I am at (15,19) which is near (15,20)
[miner2] Red retriever 1 staying near explorer at 15 20
[miner2] I am at (15,19) which is near (15,20)
[miner2] Red retriever 1 staying near explorer at 15 20
[miner2] I am at (15,19) which is near (15,20)
[miner2] Red retriever 1 staying near explorer at 15 20
[miner2] I am at (15,19) which is near (15,20)
[miner2] Red retriever 1 staying near explorer at 15 20
[miner8] I am at (28,3) which is near (28,2)
[miner8] I chose to go near 17 9 Coordinates
[miner4] I am at (34,27) which is near (34,28)
[miner2] I am at (15,19) which is near (15,20)
[miner6] I am at (8,2) which is near (7,2)
[miner2] Red retriever 1 staying near explorer at 15 20
[miner6] I chose to go near 27 33 Coordinates
[miner2] I am at (15,19) which is near (15,20)
[miner1] I am at (18,16) which is near (19,15)
[miner1] I chose to go near 19 6 Coordinates
[miner2] Red retriever 1 staying near explorer at 15 20
[miner3] I am at (3,10) which is near (3,9)
[miner3] I chose to go near 32 13 Coordinates
[miner2] I am at (15,19) which is near (15,20)
[miner9] I am at (9,17) which is near (9,16)
[miner9] I chose to go near 16 30 Coordinates
[miner2] Red retriever 1 staying near explorer at 15 20
[miner8] I am at (18,8) which is near (17,9)
[miner2] I am at (15,19) which is near (15,20)
[miner8] I chose to go near 27 15 Coordinates
[miner2] Red retriever 1 staying near explorer at 15 20
[miner2] I am at (15,19) which is near (15,20)
[miner2] Red retriever 1 staying near explorer at 15 20
[miner2] I am at (15,19) which is near (15,20)
[leader] Time is over!
[leader] Time is over!
[leader] Final score -> red: 24, blue: 31, green: 19
[leader] Winner: blue team with 31 points.
[miner6] Stopping: time is over.
[miner5] Stopping: time is over.
[miner8] Stopping: time is over.
[miner4] Stopping: time is over.
[miner3] Stopping: time is over.
[miner7] Stopping: time is over.
[miner9] Stopping: time is over.
[miner1] Stopping: time is over.
[miner2] Stopping: time is over.
