[Moise] OrgBoard mining_org created.
[Moise] scheme created: mining: mine_resources using artifact SchemeBoard
[Moise] group created: red: mining_team using artifact ora4mas.nopl.GroupBoard
[Moise] group created: blue: mining_team using artifact ora4mas.nopl.GroupBoard
[Moise] group created: green: mining_team using artifact ora4mas.nopl.GroupBoard
[Cartago] Workspace mining created.
[Cartago] artifact m1view: mining.MiningPlanetB(6,0) at mining created.
[Cartago] artifact m9view: mining.MiningPlanetB(6,8) at mining created.
[Cartago] artifact clock: mining.ClockArtifact(10) at mining created.
[Cartago] artifact m3view: mining.MiningPlanetB(6,2) at mining created.
[Cartago] artifact lantern: mining.LanternArtifact(2) at mining created.
[Cartago] artifact m5view: mining.MiningPlanetB(6,4) at mining created.
[Cartago] artifact radio: mining.RadioArtifactA(25) at mining created.
[Cartago] artifact m7view: mining.MiningPlanetB(6,6) at mining created.
[Cartago] artifact m2view: mining.MiningPlanetB(6,1) at mining created.
[Cartago] artifact backpack: mining.BackpackArtifact(3) at mining created.
[Cartago] artifact m4view: mining.MiningPlanetB(6,3) at mining created.
[Cartago] artifact m8view: mining.MiningPlanetB(6,7) at mining created.
[Cartago] artifact m6view: mining.MiningPlanetB(6,5) at mining created.
[miner7] join workspace /main/mining: done
[miner6] join workspace /main/mining: done
[miner2] join workspace /main/mining: done
[miner7] join workspace /main/mining_org: done
[miner6] join workspace /main/mining_org: done
[leader] join workspace /main/mining: done
[miner7] focusing on artifact m7view (at workspace /main/mining) using namespace default
[miner6] focusing on artifact m6view (at workspace /main/mining) using namespace default
[miner2] join workspace /main/mining_org: done
[miner1] join workspace /main/mining: done
[leader] focusing on artifact clock (at workspace /main/mining) using namespace default
[miner5] join workspace /main/mining: done
[miner2] focusing on artifact m2view (at workspace /main/mining) using namespace default
[miner1] join workspace /main/mining_org: done
[leader] focus on clock: done
[miner5] join workspace /main/mining_org: done
[miner4] join workspace /main/mining: done
[miner1] focusing on artifact m1view (at workspace /main/mining) using namespace default
[miner5] focusing on artifact m5view (at workspace /main/mining) using namespace default
[miner7] focus on m7view: done
[leader] Time left: 10 seconds
[miner9] join workspace /main/mining: done
[miner7] focusing on artifact radio (at workspace /main/mining) using namespace default
[miner6] focus on m6view: done
[miner2] focus on m2view: done
[miner5] focus on m5view: done
[miner6] focusing on artifact radio (at workspace /main/mining) using namespace default
[miner2] focusing on artifact radio (at workspace /main/mining) using namespace default
[miner9] join workspace /main/mining_org: done
[miner3] join workspace /main/mining: done
[miner4] join workspace /main/mining_org: done
[miner5] focusing on artifact radio (at workspace /main/mining) using namespace default
[miner8] join workspace /main/mining: done
[miner4] focusing on artifact m4view (at workspace /main/mining) using namespace default
[miner7] focus on radio: done
[miner9] focusing on artifact m9view (at workspace /main/mining) using namespace default
[miner2] focus on radio: done
[miner7] focusing on artifact lantern (at workspace /main/mining) using namespace default
[miner3] join workspace /main/mining_org: done
[miner9] focus on m9view: done
[miner5] focus on radio: done
[miner4] focus on m4view: done
[miner8] join workspace /main/mining_org: done
[miner6] focus on radio: done
[miner2] focusing on artifact backpack (at workspace /main/mining) using namespace default
[miner4] focusing on artifact radio (at workspace /main/mining) using namespace default
[miner8] focusing on artifact m8view (at workspace /main/mining) using namespace default
[miner5] focusing on artifact backpack (at workspace /main/mining) using namespace default
[miner7] focus on lantern: done
[miner9] focusing on artifact radio (at workspace /main/mining) using namespace default
[miner7] focusing on artifact green (at workspace /main/mining_org) using namespace default
[miner3] focusing on artifact m3view (at workspace /main/mining) using namespace default
[miner4] focus on radio: done
[miner2] focus on backpack: done
[miner6] focusing on artifact backpack (at workspace /main/mining) using namespace default
[miner4] focusing on artifact lantern (at workspace /main/mining) using namespace default
[miner2] focusing on artifact red (at workspace /main/mining_org) using namespace default
[miner5] focus on backpack: done
[miner6] focus on backpack: done
[miner3] focus on m3view: done
[miner9] focus on radio: done
[miner7] focus on green: done
[miner5] focusing on artifact blue (at workspace /main/mining_org) using namespace default
[miner9] focusing on artifact backpack (at workspace /main/mining) using namespace default
[miner3] focusing on artifact radio (at workspace /main/mining) using namespace default
[miner7] focusing on artifact mining_org (at workspace /main/mining_org) using namespace default
[miner2] focus on red: done
[miner6] focusing on artifact blue (at workspace /main/mining_org) using namespace default
[miner4] focus on lantern: done
[miner2] focusing on artifact mining_org (at workspace /main/mining_org) using namespace default
[miner9] focus on backpack: done
[miner3] focus on radio: done
[miner4] focusing on artifact blue (at workspace /main/mining_org) using namespace default
[miner3] focusing on artifact backpack (at workspace /main/mining) using namespace default
[miner9] focusing on artifact green (at workspace /main/mining_org) using namespace default
[miner7] focus on mining_org: done
[miner4] focus on blue: done
[miner3] focus on backpack: done
[miner5] focus on blue: done
[miner4] focusing on artifact mining_org (at workspace /main/mining_org) using namespace default
[miner2] focus on mining_org: done
[miner5] focusing on artifact mining_org (at workspace /main/mining_org) using namespace default
[miner3] focusing on artifact red (at workspace /main/mining_org) using namespace default
[miner9] focus on green: done
[miner4] focus on mining_org: done
[miner7] I chose to go near 28 33 Coordinates
[miner6] focus on blue: done
[miner9] focusing on artifact mining_org (at workspace /main/mining_org) using namespace default
[miner6] focusing on artifact mining_org (at workspace /main/mining_org) using namespace default
[miner4] I chose to go near 5 26 Coordinates
[miner3] focus on red: done
[miner3] focusing on artifact mining_org (at workspace /main/mining_org) using namespace default
[miner6] focus on mining_org: done
[miner5] focus on mining_org: done
[miner2] I chose to go near 21 8 Coordinates
[miner6] I chose to go near 30 21 Coordinates
[miner5] I chose to go near 6 11 Coordinates
[miner3] focus on mining_org: done
[miner3] I chose to go near 17 30 Coordinates
[miner6] Leader says time left is 10 seconds
[miner2] Leader says time left is 10 seconds
[miner5] Leader says time left is 10 seconds
[miner4] Leader says time left is 10 seconds
[miner7] Lantern acquired. Vision radius: 2
[miner9] focus on mining_org: done
[miner5] Backpack acquired. Capacity: 3
[miner4] Lantern acquired. Vision radius: 2
[miner7] Leader says time left is 10 seconds
[miner2] Backpack acquired. Capacity: 3
[miner6] Backpack acquired. Capacity: 3
[miner9] I chose to go near 32 29 Coordinates
[miner3] Leader says time left is 10 seconds
[miner3] Backpack acquired. Capacity: 3
[miner7] Moise role perceived: explorer in green
[miner9] Leader says time left is 10 seconds
[miner5] Moise role perceived: retriever1 in blue
[miner9] Backpack acquired. Capacity: 3
[miner6] Moise role perceived: retriever2 in blue
[miner3] Moise role perceived: retriever2 in red
[miner2] Moise role perceived: retriever1 in red
[miner9] Moise role perceived: retriever2 in green
[miner1] focus on m1view: done
[miner4] Moise role perceived: explorer in blue
[miner1] focusing on artifact radio (at workspace /main/mining) using namespace default
[miner1] focus on radio: done
[miner1] focusing on artifact lantern (at workspace /main/mining) using namespace default
[miner1] focus on lantern: done
[miner1] focusing on artifact red (at workspace /main/mining_org) using namespace default
[miner1] focus on red: done
[miner1] focusing on artifact mining_org (at workspace /main/mining_org) using namespace default
[miner1] focus on mining_org: done
[miner1] I chose to go near 12 17 Coordinates
[miner8] focus on m8view: done
[miner8] focusing on artifact radio (at workspace /main/mining) using namespace default
[miner1] Lantern acquired. Vision radius: 2
[miner1] Leader says time left is 10 seconds
[miner1] Moise role perceived: explorer in red
[miner8] focus on radio: done
[miner8] focusing on artifact backpack (at workspace /main/mining) using namespace default
[miner8] focus on backpack: done
[miner8] focusing on artifact green (at workspace /main/mining_org) using namespace default
[miner8] focus on green: done
[miner8] focusing on artifact mining_org (at workspace /main/mining_org) using namespace default
[miner8] focus on mining_org: done
[miner8] I chose to go near 19 7 Coordinates
[miner8] Leader says time left is 10 seconds
[miner8] Backpack acquired. Capacity: 3
[miner8] Moise role perceived: retriever1 in green
[miner9] Ore perceived: ore(diamond,9,27,4)
[miner9] Dropping near(_,_) desires and intentions to handle ore(diamond,9,27,4)
[miner9] Going for ore(diamond,9,27,4)
[miner9] Handling ore(diamond,9,27,4) now.
[miner5] Ore perceived: ore(gold,19,2,3)
[miner6] Ore perceived: ore(gold,19,2,3)
[miner4] Scout report: ore(gold,19,2,3)
[miner5] Dropping near(_,_) desires and intentions to handle ore(gold,19,2,3)
[miner6] Dropping near(_,_) desires and intentions to handle ore(gold,19,2,3)
[miner5] Going for ore(gold,19,2,3)
[miner6] Going for ore(gold,19,2,3)
[miner5] Radio received from miner 4: ore(gold,19,2,3)
[miner6] Radio received from miner 4: ore(gold,19,2,3)
[miner5] Handling ore(gold,19,2,3) now.
[miner6] Handling ore(gold,19,2,3) now.
[miner8] Ore perceived: ore(diamond,9,27,4)
[miner8] Dropping near(_,_) desires and intentions to handle ore(diamond,9,27,4)
[miner8] Going for ore(diamond,9,27,4)
[miner8] Handling ore(diamond,9,27,4) now.
[miner9] I've reached 9x27
[miner9] Stored ore(diamond,9,27,4) in backpack.
[miner9] No known ore left, returning to depot with 1 ores.
[leader] Time left: 9 seconds
[miner8] Leader says time left is 9 seconds
[miner4] Leader says time left is 9 seconds
[miner1] Leader says time left is 9 seconds
[miner7] Leader says time left is 9 seconds
[miner9] Leader says time left is 9 seconds
[miner2] Leader says time left is 9 seconds
[miner5] Leader says time left is 9 seconds
[miner6] Leader says time left is 9 seconds
[miner3] Leader says time left is 9 seconds
[miner8] I've reached 9x27
[miner5] I've reached 19x2
[miner7] Green explorer ignored low value ore: ore(coal,1,30,1)
[WorldModelB] Agent 8 is trying the pick ore, but there is no ore at 9x27!
[miner8] failed to catch ore ore(diamond,9,27,4)
[miner8] I chose to go near 16 21 Coordinates
[miner5] Stored ore(gold,19,2,3) in backpack.
[miner5] Blue retriever 1 keeps searching until backpack is full: 1/3
[miner5] I chose to go near 28 9 Coordinates
[miner4] Scout report: ore(diamond,14,4,4)
[miner5] Ore perceived: ore(diamond,14,4,4)
[miner5] Dropping near(_,_) desires and intentions to handle ore(diamond,14,4,4)
[miner6] Radio received from miner 4: ore(diamond,14,4,4)
[miner5] Going for ore(diamond,14,4,4)
[miner5] Radio received from miner 4: ore(diamond,14,4,4)
[miner5] Handling ore(diamond,14,4,4) now.
[miner6] I've reached 19x2
[miner7] Green explorer ignored low value ore: ore(iron,2,22,2)
[leader] Time left: 8 seconds
[miner9] Leader says time left is 8 seconds
[miner7] Leader says time left is 8 seconds
[miner3] Leader says time left is 8 seconds
[miner1] Leader says time left is 8 seconds
[miner4] Leader says time left is 8 seconds
[miner6] Leader says time left is 8 seconds
[miner2] Leader says time left is 8 seconds
[miner8] Leader says time left is 8 seconds
[miner5] Leader says time left is 8 seconds
[WorldModelB] Agent 6 is trying the pick ore, but there is no ore at 19x2!
[miner6] failed to catch ore ore(gold,19,2,3)
[miner6] Ore distances: [d(7,ore(diamond,14,4,4))]1
[miner6] Next ore is ore(diamond,14,4,4)
[miner6] Handling ore(diamond,14,4,4) now.
[miner9] Giving up current ore ore(diamond,9,27,4) to handle ore(coal,1,30,1) which I am seeing!
[miner9] Going for ore(coal,1,30,1)
[miner9] Handling ore(coal,1,30,1) now.
[miner9] I've reached 1x30
[leader] Time left: 7 seconds
[miner8] Leader says time left is 7 seconds
[miner1] Leader says time left is 7 seconds
[miner2] Leader says time left is 7 seconds
[miner9] Leader says time left is 7 seconds
[miner7] Leader says time left is 7 seconds
[miner3] Leader says time left is 7 seconds
[miner4] Leader says time left is 7 seconds
[miner5] Leader says time left is 7 seconds
[miner6] Leader says time left is 7 seconds
[miner9] Stored ore(coal,1,30,1) in backpack.
[miner9] No known ore left, returning to depot with 2 ores.
[miner5] I've reached 14x4
[miner2] Ore perceived: ore(diamond,14,4,4)
[miner2] Dropping near(_,_) desires and intentions to handle ore(diamond,14,4,4)
[miner2] Going for ore(diamond,14,4,4)
[miner2] Radio received from miner 1: ore(diamond,14,4,4)
[miner2] Handling ore(diamond,14,4,4) now.
[miner1] Scout report: ore(diamond,14,4,4)
[miner5] Stored ore(diamond,14,4,4) in backpack.
[miner5] Blue retriever 1 keeps searching until backpack is full: 2/3
[miner5] I chose to go near 11 0 Coordinates
[miner3] Ore perceived: ore(coal,10,10,1)
[miner3] Dropping near(_,_) desires and intentions to handle ore(coal,10,10,1)
[miner3] Going for ore(coal,10,10,1)
[miner3] Handling ore(coal,10,10,1) now.
[miner6] I've reached 14x4
[miner4] Scout report: ore(coal,6,6,1)
[miner6] Radio received from miner 4: ore(coal,6,6,1)
[miner5] Ore perceived: ore(coal,6,6,1)
[miner5] Dropping near(_,_) desires and intentions to handle ore(coal,6,6,1)
[miner5] Going for ore(coal,6,6,1)
[miner5] Radio received from miner 4: ore(coal,6,6,1)
[miner5] Handling ore(coal,6,6,1) now.
[miner3] I've reached 10x10
[WorldModelB] Agent 6 is trying the pick ore, but there is no ore at 14x4!
[miner4] Scout report: ore(coal,6,9,1)
[miner5] Radio received from miner 4: ore(coal,6,9,1)
[miner6] Radio received from miner 4: ore(coal,6,9,1)
[miner6] failed to catch ore ore(diamond,14,4,4)
[miner6] Ore distances: [d(13,ore(coal,6,9,1)),d(10,ore(coal,6,6,1))]2
[miner6] Next ore is ore(coal,6,6,1)
[miner6] Handling ore(coal,6,6,1) now.
[miner1] Scout report: ore(coal,10,10,1)
[miner2] Radio received from miner 1: ore(coal,10,10,1)
[leader] Time left: 6 seconds
[miner3] Leader says time left is 6 seconds
[miner4] Leader says time left is 6 seconds
[miner2] Leader says time left is 6 seconds
[miner5] Leader says time left is 6 seconds
[miner1] Leader says time left is 6 seconds
[miner8] Leader says time left is 6 seconds
[miner6] Leader says time left is 6 seconds
[miner9] Leader says time left is 6 seconds
[miner7] Leader says time left is 6 seconds
[miner3] Stored ore(coal,10,10,1) in backpack.
[miner3] Ore distances: [d(2,ore(iron,11,11,2))]1
[miner3] Next ore is ore(iron,11,11,2)
[miner3] Handling ore(iron,11,11,2) now.
[miner2] Radio received from miner 1: ore(iron,11,11,2)
[miner1] Scout report: ore(iron,11,11,2)
[miner2] I've reached 14x4
[miner3] I've reached 11x11
[WorldModelB] Agent 2 is trying the pick ore, but there is no ore at 14x4!
[miner2] failed to catch ore ore(diamond,14,4,4)
[miner2] Ore distances: [d(10,ore(iron,11,11,2)),d(10,ore(coal,10,10,1))]2
[miner2] Next ore is ore(coal,10,10,1)
[miner2] Handling ore(coal,10,10,1) now.
[miner9] Giving up current ore ore(coal,1,30,1) to handle ore(iron,2,22,2) which I am seeing!
[miner9] Going for ore(iron,2,22,2)
[miner9] Handling ore(iron,2,22,2) now.
[miner3] Stored ore(iron,11,11,2) in backpack.
[miner3] No known ore left, returning to depot with 2 ores.
[miner5] Giving up current ore ore(coal,6,6,1) to handle ore(coal,5,4,1) which I am seeing!
[miner5] Going for ore(coal,5,4,1)
[miner5] Handling ore(coal,5,4,1) now.
[miner6] Giving up current ore ore(coal,6,6,1) to handle ore(coal,5,4,1) which I am seeing!
[miner6] Going for ore(coal,5,4,1)
[miner6] Radio received from miner 5: ore(coal,5,4,1)
[miner6] Handling ore(coal,5,4,1) now.
[leader] Time left: 5 seconds
[miner9] Leader says time left is 5 seconds
[miner8] Leader says time left is 5 seconds
[miner3] Leader says time left is 5 seconds
[miner5] Leader says time left is 5 seconds
[miner4] Leader says time left is 5 seconds
[miner6] Leader says time left is 5 seconds
[miner1] Leader says time left is 5 seconds
[miner2] Leader says time left is 5 seconds
[miner7] Leader says time left is 5 seconds
[miner9] I've reached 2x22
[miner5] I've reached 5x4
[miner9] Stored ore(iron,2,22,2) in backpack.
[miner9] Backpack is full: 3/3
[miner5] Stored ore(coal,5,4,1) in backpack.
[miner5] Backpack is full: 3/3
[miner3] Giving up current ore ore(iron,11,11,2) to handle ore(iron,15,12,2) which I am seeing!
[miner3] Going for ore(iron,15,12,2)
[miner3] Handling ore(iron,15,12,2) now.
[miner1] I am at (12,16) which is near (12,17)
[miner1] I chose to go near 25 32 Coordinates
[miner3] I've reached 15x12
[miner3] Stored ore(iron,15,12,2) in backpack.
[miner3] Backpack is full: 3/3
[miner6] I've reached 5x4
[leader] Time left: 4 seconds
[miner9] Leader says time left is 4 seconds
[miner3] Leader says time left is 4 seconds
[miner2] Leader says time left is 4 seconds
[miner7] Leader says time left is 4 seconds
[miner8] Leader says time left is 4 seconds
[miner6] Leader says time left is 4 seconds
[miner1] Leader says time left is 4 seconds
[miner5] Leader says time left is 4 seconds
[miner4] Leader says time left is 4 seconds
[miner8] Ore perceived: ore(gold,5,21,3)
[miner8] Dropping near(_,_) desires and intentions to handle ore(gold,5,21,3)
[miner8] Going for ore(gold,5,21,3)
[miner8] Handling ore(gold,5,21,3) now.
[miner5] Radio received from miner 4: ore(diamond,5,17,4)
[miner6] Radio received from miner 4: ore(diamond,5,17,4)
[WorldModelB] Agent 6 is trying the pick ore, but there is no ore at 5x4!
[miner4] Scout report: ore(diamond,5,17,4)
[miner6] failed to catch ore ore(coal,5,4,1)
[miner6] Ore distances: [d(13,ore(diamond,5,17,4)),d(6,ore(coal,6,9,1)),d(3,ore(coal,6,6,1))]3
[miner6] Next ore is ore(coal,6,6,1)
[miner6] Handling ore(coal,6,6,1) now.
[miner8] I've reached 5x21
[miner2] Radio received from miner 1: ore(iron,15,20,2)
[miner1] Scout report: ore(iron,15,20,2)
[miner2] I've reached 10x10
[miner8] Stored ore(gold,5,21,3) in backpack.
[miner8] No known ore left, returning to depot with 1 ores.
[miner6] I've reached 6x6
[WorldModelB] Agent 2 is trying the pick ore, but there is no ore at 10x10!
[miner2] failed to catch ore ore(coal,10,10,1)
[miner2] Ore distances: [d(15,ore(iron,15,20,2)),d(2,ore(iron,11,11,2))]2
[miner2] Next ore is ore(iron,11,11,2)
[miner2] Handling ore(iron,11,11,2) now.
[miner6] Stored ore(coal,6,6,1) in backpack.
[miner6] Blue retriever 2 returns after one ore.
[leader] Time left: 3 seconds
[miner9] Leader says time left is 3 seconds
[miner8] Leader says time left is 3 seconds
[miner2] Leader says time left is 3 seconds
[miner7] Leader says time left is 3 seconds
[miner1] Leader says time left is 3 seconds
[miner6] Leader says time left is 3 seconds
[miner4] Leader says time left is 3 seconds
[miner5] Leader says time left is 3 seconds
[miner3] Leader says time left is 3 seconds
[miner2] I've reached 11x11
[miner3] I've reached 16x16
[WorldModelB] Agent 2 is trying the pick ore, but there is no ore at 11x11!
[miner2] failed to catch ore ore(iron,11,11,2)
[miner2] Ore distances: [d(13,ore(iron,15,20,2))]1
[miner2] Next ore is ore(iron,15,20,2)
[miner2] Handling ore(iron,15,20,2) now.
[WorldModelB] Agent 3 carried 3 ores to depot, worth 5 points!
[miner3] Dropped backpack with 3 ores, worth 5 points.
[leader] Team red is now leading with 5 points.
[miner3] I chose to go near 1 8 Coordinates
[miner2] Radio received from miner 1: ore(gold,20,21,3)
[miner1] Scout report: ore(gold,20,21,3)
[leader] Time left: 2 seconds
[miner9] Leader says time left is 2 seconds
[miner8] Leader says time left is 2 seconds
[miner2] Leader says time left is 2 seconds
[miner3] Leader says time left is 2 seconds
[miner6] Leader says time left is 2 seconds
[miner5] Leader says time left is 2 seconds
[miner1] Leader says time left is 2 seconds
[miner4] Leader says time left is 2 seconds
[miner7] Leader says time left is 2 seconds
[miner2] Radio received from miner 1: ore(iron,22,22,2)
[miner1] Scout report: ore(iron,22,22,2)
[miner1] Scout report: ore(gold,24,24,3)
[miner2] Radio received from miner 1: ore(gold,24,24,3)
[miner8] I've reached 16x16
[WorldModelB] Agent 8 carried 1 ores to depot, worth 3 points!
[miner8] Dropped backpack with 1 ores, worth 3 points.
[miner8] I chose to go near 20 33 Coordinates
[leader] Team green scored 3 points; total is 3
[miner8] Ore perceived: ore(diamond,19,29,4)
[miner8] Dropping near(_,_) desires and intentions to handle ore(diamond,19,29,4)
[miner8] Going for ore(diamond,19,29,4)
[miner8] Handling ore(diamond,19,29,4) now.
[miner8] I've reached 19x29
[miner8] Stored ore(diamond,19,29,4) in backpack.
[miner8] No known ore left, returning to depot with 1 ores.
[miner8] I've reached 16x16
[WorldModelB] Agent 8 carried 1 ores to depot, worth 4 points!
[miner8] Dropped backpack with 1 ores, worth 4 points.
[miner8] I chose to go near 4 14 Coordinates
[leader] Team green is now leading with 7 points.
[miner8] I am at (5,13) which is near (4,14)
[miner8] I chose to go near 23 14 Coordinates
[miner8] I am at (23,13) which is near (23,14)
[miner8] I chose to go near 14 23 Coordinates
[miner8] Ore perceived: ore(diamond,21,14,4)
[miner8] Dropping near(_,_) desires and intentions to handle ore(diamond,21,14,4)
[miner8] Going for ore(diamond,21,14,4)
[miner8] Handling ore(diamond,21,14,4) now.
[miner8] I've reached 21x14
[miner8] Stored ore(diamond,21,14,4) in backpack.
[miner8] Ore distances: [d(2,ore(gold,20,15,3))]1
[miner8] Next ore is ore(gold,20,15,3)
[miner8] Handling ore(gold,20,15,3) now.
[miner8] I've reached 20x15
[miner8] Stored ore(gold,20,15,3) in backpack.
[miner8] No known ore left, returning to depot with 2 ores.
[miner8] I've reached 16x16
[WorldModelB] Agent 8 carried 2 ores to depot, worth 7 points!
[miner8] Dropped backpack with 2 ores, worth 7 points.
[leader] Team green is now leading with 14 points.
[miner8] I chose to go near 9 26 Coordinates
[miner8] I am at (9,27) which is near (9,26)
[miner8] I chose to go near 13 27 Coordinates
[miner8] I am at (13,28) which is near (13,27)
[miner8] I chose to go near 27 6 Coordinates
[miner8] Ore perceived: ore(gold,24,24,3)
[miner8] Dropping near(_,_) desires and intentions to handle ore(gold,24,24,3)
[miner8] Going for ore(gold,24,24,3)
[miner8] Handling ore(gold,24,24,3) now.
[miner8] I've reached 24x24
[miner8] Stored ore(gold,24,24,3) in backpack.
[miner8] No known ore left, returning to depot with 1 ores.
[miner8] Giving up current ore ore(gold,24,24,3) to handle ore(gold,20,21,3) which I am seeing!
[miner8] Going for ore(gold,20,21,3)
[miner8] Handling ore(gold,20,21,3) now.
[miner8] I've reached 20x21
[miner8] Stored ore(gold,20,21,3) in backpack.
[miner8] No known ore left, returning to depot with 2 ores.
[miner5] I've reached 16x16
[WorldModelB] Agent 5 carried 3 ores to depot, worth 8 points!
[miner5] Dropped backpack with 3 ores, worth 8 points.
[leader] Team blue scored 8 points; total is 8
[miner5] Ore distances: [d(12,ore(diamond,5,17,4)),d(17,ore(coal,6,9,1)),d(20,ore(coal,6,6,1))]3
[miner5] Next ore is ore(diamond,5,17,4)
[miner5] Handling ore(diamond,5,17,4) now.
[miner3] Ore perceived: ore(coal,2,12,1)
[miner3] Dropping near(_,_) desires and intentions to handle ore(coal,2,12,1)
[miner3] Going for ore(coal,2,12,1)
[miner3] Handling ore(coal,2,12,1) now.
[miner6] I've reached 16x16
[leader] Time left: 1 seconds
[miner3] I've reached 2x12
[miner1] Leader says time left is 1 seconds
[miner9] Leader says time left is 1 seconds
[miner7] Leader says time left is 1 seconds
[WorldModelB] Agent 6 carried 1 ores to depot, worth 1 points!
[miner3] Leader says time left is 1 seconds
[miner2] Leader says time left is 1 seconds
[miner4] Leader says time left is 1 seconds
[miner8] I've reached 16x16
[miner5] Leader says time left is 1 seconds
[miner6] Leader says time left is 1 seconds
[miner8] Leader says time left is 1 seconds
[WorldModelB] Agent 8 carried 2 ores to depot, worth 6 points!
[miner8] Dropped backpack with 2 ores, worth 6 points.
[leader] Team green is now leading with 20 points.
[miner8] I chose to go near 32 23 Coordinates
[miner3] Stored ore(coal,2,12,1) in backpack.
[miner3] No known ore left, returning to depot with 1 ores.
[leader] Team blue scored 1 points; total is 9
[miner6] Dropped backpack with 1 ores, worth 1 points.
[miner6] Ore distances: [d(12,ore(diamond,5,17,4)),d(17,ore(coal,6,9,1))]2
[miner2] I've reached 15x20
[miner6] Next ore is ore(diamond,5,17,4)
[miner6] Handling ore(diamond,5,17,4) now.
[miner2] Stored ore(iron,15,20,2) in backpack.
[miner2] Ore distances: [d(13,ore(gold,24,24,3)),d(9,ore(iron,22,22,2)),d(6,ore(gold,20,21,3))]3
[miner2] Next ore is ore(gold,20,21,3)
[miner2] Handling ore(gold,20,21,3) now.
[miner2] Radio received from miner 1: ore(diamond,25,29,4)
[miner1] Scout report: ore(diamond,25,29,4)
[miner2] Radio received from miner 1: ore(diamond,22,30,4)
[miner1] Scout report: ore(diamond,22,30,4)
[miner5] I've reached 5x17
[miner2] I've reached 20x21
[WorldModelB] Agent 2 is trying the pick ore, but there is no ore at 20x21!
[miner8] Ore perceived: ore(gold,25,18,3)
[miner5] Stored ore(diamond,5,17,4) in backpack.
[miner5] Ore distances: [d(9,ore(coal,6,9,1)),d(12,ore(coal,6,6,1))]2
[miner8] Dropping near(_,_) desires and intentions to handle ore(gold,25,18,3)
[miner5] Next ore is ore(coal,6,9,1)
[miner2] failed to catch ore ore(gold,20,21,3)
[miner5] Handling ore(coal,6,9,1) now.
[miner2] Ore distances: [d(11,ore(diamond,22,30,4)),d(13,ore(diamond,25,29,4)),d(7,ore(gold,24,24,3)),d(3,ore(iron,22,22,2))]4
[miner8] Going for ore(gold,25,18,3)
[miner2] Next ore is ore(iron,22,22,2)
[miner1] I am at (25,31) which is near (25,32)
[miner2] Handling ore(iron,22,22,2) now.
[miner8] Handling ore(gold,25,18,3) now.
[miner1] I chose to go near 32 22 Coordinates
[miner8] I've reached 25x18
[miner2] I've reached 22x22
[miner8] Stored ore(gold,25,18,3) in backpack.
[miner6] I've reached 5x17
[miner2] Stored ore(iron,22,22,2) in backpack.
[miner8] No known ore left, returning to depot with 1 ores.
[WorldModelB] Agent 6 is trying the pick ore, but there is no ore at 5x17!
[miner2] Ore distances: [d(8,ore(diamond,22,30,4)),d(10,ore(diamond,25,29,4)),d(4,ore(gold,24,24,3))]3
[miner6] failed to catch ore ore(diamond,5,17,4)
[miner2] Next ore is ore(gold,24,24,3)
[miner2] Handling ore(gold,24,24,3) now.
[miner6] Ore distances: [d(9,ore(coal,6,9,1))]1
[miner6] Next ore is ore(coal,6,9,1)
[miner6] Handling ore(coal,6,9,1) now.
[miner5] I've reached 6x9
[miner3] I've reached 16x16
[WorldModelB] Agent 3 carried 1 ores to depot, worth 1 points!
[miner5] Stored ore(coal,6,9,1) in backpack.
[miner2] I've reached 24x24
[leader] Team red scored 1 points; total is 6
[miner3] Dropped backpack with 1 ores, worth 1 points.
[miner5] Ore distances: [d(3,ore(coal,6,6,1))]1
[WorldModelB] Agent 2 is trying the pick ore, but there is no ore at 24x24!
[miner3] I chose to go near 30 12 Coordinates
[miner5] Next ore is ore(coal,6,6,1)
[miner5] Handling ore(coal,6,6,1) now.
[miner2] failed to catch ore ore(gold,24,24,3)
[miner2] Ore distances: [d(8,ore(diamond,22,30,4)),d(6,ore(diamond,25,29,4))]2
[miner2] Next ore is ore(diamond,25,29,4)
[miner2] Handling ore(diamond,25,29,4) now.
[miner4] I am at (5,27) which is near (5,26)
[miner6] I've reached 6x9
[miner9] I've reached 16x16
[WorldModelB] Agent 6 is trying the pick ore, but there is no ore at 6x9!
[miner5] I've reached 6x6
[WorldModelB] Agent 9 carried 3 ores to depot, worth 7 points!
[miner1] I am at (32,23) which is near (32,22)
[WorldModelB] Agent 5 is trying the pick ore, but there is no ore at 6x6!
[miner1] I chose to go near 25 0 Coordinates
[miner8] I've reached 16x16
[WorldModelB] Agent 8 carried 1 ores to depot, worth 3 points!
[miner6] failed to catch ore ore(coal,6,9,1)
[leader] Team green is now leading with 27 points.
[miner5] failed to catch ore ore(coal,6,6,1)
[miner9] Dropped backpack with 3 ores, worth 7 points.
[miner5] I chose to go near 0 32 Coordinates
[miner6] I chose to go near 19 16 Coordinates
[miner3] Ore perceived: ore(iron,20,13,2)
[miner8] Dropped backpack with 1 ores, worth 3 points.
[miner9] Ore distances: [d(5,ore(iron,15,20,2)),d(16,ore(gold,5,21,3))]2
[miner3] Dropping near(_,_) desires and intentions to handle ore(iron,20,13,2)
[miner9] Next ore is ore(iron,15,20,2)
[miner8] I chose to go near 3 5 Coordinates
[miner2] I've reached 25x29
[miner9] Handling ore(iron,15,20,2) now.
[miner3] Going for ore(iron,20,13,2)
[miner5] Ore perceived: ore(coal,3,5,1)
[miner3] Handling ore(iron,20,13,2) now.
[miner2] Stored ore(diamond,25,29,4) in backpack.
[miner5] Dropping near(_,_) desires and intentions to handle ore(coal,3,5,1)
[miner2] Backpack is full: 3/3
[miner5] Going for ore(coal,3,5,1)
[miner5] Handling ore(coal,3,5,1) now.
[miner6] Ore perceived: ore(coal,3,5,1)
[miner6] Dropping near(_,_) desires and intentions to handle ore(coal,3,5,1)
[miner6] Going for ore(coal,3,5,1)
[miner6] Radio received from miner 5: ore(coal,3,5,1)
[miner6] Handling ore(coal,3,5,1) now.
[miner5] I've reached 3x5
[miner3] I've reached 20x13
[miner9] I've reached 15x20
[WorldModelB] Agent 9 is trying the pick ore, but there is no ore at 15x20!
[miner3] Stored ore(iron,20,13,2) in backpack.
[miner5] Stored ore(coal,3,5,1) in backpack.
[miner3] No known ore left, returning to depot with 1 ores.
[miner9] failed to catch ore ore(iron,15,20,2)
[miner5] Backpack is full: 3/3
[miner9] Ore distances: [d(11,ore(gold,5,21,3))]1
[miner9] Next ore is ore(gold,5,21,3)
[miner9] Handling ore(gold,5,21,3) now.
[miner7] I am at (27,33) which is near (28,33)
[miner7] I chose to go near 32 30 Coordinates
[miner3] I've reached 16x16
[WorldModelB] Agent 3 carried 1 ores to depot, worth 2 points!
[miner7] Green scout report: valuable ore(gold,31,31,3)
[miner1] Scout report: ore(diamond,30,7,4)
[miner2] Radio received from miner 1: ore(diamond,30,7,4)
[leader] Team red scored 2 points; total is 8
[miner7] Green explorer ignored low value ore: ore(iron,30,30,2)
[miner3] Dropped backpack with 1 ores, worth 2 points.
[miner3] I chose to go near 26 2 Coordinates
[miner6] I've reached 3x5
[WorldModelB] Agent 6 is trying the pick ore, but there is no ore at 3x5!
[miner9] I've reached 5x21
[miner7] I am at (32,31) which is near (32,30)
[miner6] failed to catch ore ore(coal,3,5,1)
[miner7] I chose to go near 9 19 Coordinates
[WorldModelB] Agent 9 is trying the pick ore, but there is no ore at 5x21!
[miner6] I chose to go near 25 11 Coordinates
[miner9] failed to catch ore ore(gold,5,21,3)
[miner9] I chose to go near 26 26 Coordinates
[miner8] I am at (3,6) which is near (3,5)
[miner8] I chose to go near 32 22 Coordinates
[miner2] I've reached 16x16
[WorldModelB] Agent 2 carried 3 ores to depot, worth 8 points!
[miner2] Dropped backpack with 3 ores, worth 8 points.
[leader] Team red scored 8 points; total is 16
[miner2] Giving up current ore ore(diamond,25,29,4) to handle ore(iron,23,3,2) which I am seeing!
[miner2] Going for ore(iron,23,3,2)
[miner2] Radio received from miner 1: ore(iron,23,3,2)
[miner1] Scout report: ore(iron,23,3,2)
[miner2] Handling ore(iron,23,3,2) now.
[miner1] I am at (25,1) which is near (25,0)
[miner1] I chose to go near 0 28 Coordinates
[miner5] I've reached 16x16
[WorldModelB] Agent 5 carried 3 ores to depot, worth 6 points!
[miner5] Dropped backpack with 3 ores, worth 6 points.
[leader] Team blue scored 6 points; total is 15
[miner5] I chose to go near 0 19 Coordinates
[miner7] Green scout report: valuable ore(diamond,22,30,4)
[miner3] Ore perceived: ore(iron,23,3,2)
[miner3] Dropping near(_,_) desires and intentions to handle ore(iron,23,3,2)
[miner3] Going for ore(iron,23,3,2)
[miner3] Handling ore(iron,23,3,2) now.
[miner3] I've reached 23x3
[miner3] Stored ore(iron,23,3,2) in backpack.
[miner3] No known ore left, returning to depot with 1 ores.
[miner8] Ore perceived: ore(gold,17,10,3)
[miner8] Dropping near(_,_) desires and intentions to handle ore(gold,17,10,3)
[miner8] Going for ore(gold,17,10,3)
[miner8] Handling ore(gold,17,10,3) now.
[miner8] I've reached 17x10
[miner8] Stored ore(gold,17,10,3) in backpack.
[miner8] No known ore left, returning to depot with 1 ores.
[miner9] I am at (26,25) which is near (26,26)
[miner9] I chose to go near 23 2 Coordinates
[miner7] Green explorer ignored low value ore: ore(coal,11,24,1)
[miner2] I've reached 23x3
[WorldModelB] Agent 2 is trying the pick ore, but there is no ore at 23x3!
[miner6] I am at (25,10) which is near (25,11)
[miner2] failed to catch ore ore(iron,23,3,2)
[miner6] I chose to go near 27 11 Coordinates
[miner2] Ore distances: [d(11,ore(diamond,30,7,4)),d(28,ore(diamond,22,30,4))]2
[miner6] I am at (26,10) which is near (27,11)
[miner2] Next ore is ore(diamond,30,7,4)
[miner6] I chose to go near 24 23 Coordinates
[miner2] Handling ore(diamond,30,7,4) now.
[miner8] I've reached 16x16
[miner5] I am at (0,18) which is near (0,19)
[WorldModelB] Agent 8 carried 1 ores to depot, worth 3 points!
[miner5] I chose to go near 4 32 Coordinates
[miner8] Dropped backpack with 1 ores, worth 3 points.
[miner8] I chose to go near 22 14 Coordinates
[miner3] I've reached 16x16
[miner7] I am at (9,20) which is near (9,19)
[miner4] I am at (0,1) which is near (0,0)
[miner7] I chose to go near 26 6 Coordinates
[WorldModelB] Agent 3 carried 1 ores to depot, worth 2 points!
[miner3] Dropped backpack with 1 ores, worth 2 points.
[miner3] I chose to go near 7 8 Coordinates
[miner2] I've reached 30x7
[miner8] I am at (21,14) which is near (22,14)
[miner2] Stored ore(diamond,30,7,4) in backpack.
[miner2] Ore distances: [d(31,ore(diamond,22,30,4))]1
[miner2] Next ore is ore(diamond,22,30,4)
[miner8] I chose to go near 11 29 Coordinates
[miner2] Handling ore(diamond,22,30,4) now.
[miner6] I am at (24,22) which is near (24,23)
[miner6] I chose to go near 5 4 Coordinates
[miner9] I am at (23,3) which is near (23,2)
[miner9] I chose to go near 13 1 Coordinates
[miner5] I am at (1,32) and I can't get to' (4,32)
[miner5] I chose to go near 11 31 Coordinates
[miner3] I am at (7,9) which is near (7,8)
[miner3] I chose to go near 27 4 Coordinates
[miner9] I am at (14,2) which is near (13,1)
[miner9] I chose to go near 15 15 Coordinates
[miner5] I am at (11,32) which is near (11,31)
[miner5] I chose to go near 17 6 Coordinates
[miner8] I am at (11,28) which is near (11,29)
[miner8] I chose to go near 19 8 Coordinates
[miner4] I am at (33,1) which is near (34,0)
[miner5] Ore perceived: ore(coal,11,24,1)
[miner5] Dropping near(_,_) desires and intentions to handle ore(coal,11,24,1)
[miner2] I've reached 22x30
[miner5] Going for ore(coal,11,24,1)
[miner5] Handling ore(coal,11,24,1) now.
[miner6] Ore perceived: ore(coal,11,24,1)
[miner2] Stored ore(diamond,22,30,4) in backpack.
[miner2] No known ore left, returning to depot with 2 ores.
[miner6] Dropping near(_,_) desires and intentions to handle ore(coal,11,24,1)
[miner6] Going for ore(coal,11,24,1)
[miner6] Radio received from miner 5: ore(coal,11,24,1)
[miner6] Handling ore(coal,11,24,1) now.
[miner3] I am at (27,5) which is near (27,4)
[miner3] I chose to go near 31 18 Coordinates
[miner5] I've reached 11x24
[miner9] I am at (14,14) which is near (15,15)
[miner4] I am at (34,6) which is near (34,7)
[miner9] I chose to go near 3 17 Coordinates
[miner5] Stored ore(coal,11,24,1) in backpack.
[miner5] Blue retriever 1 keeps searching until backpack is full: 1/3
[miner5] I chose to go near 12 23 Coordinates
[miner5] I am at (11,24) which is near (12,23)
[miner5] I chose to go near 24 25 Coordinates
[miner1] I am at (0,27) which is near (0,28)
[miner1] I chose to go near 31 16 Coordinates
[miner8] I am at (18,9) which is near (19,8)
[miner6] I've reached 11x24
[miner8] I chose to go near 29 33 Coordinates
[WorldModelB] Agent 6 is trying the pick ore, but there is no ore at 11x24!
[miner9] I am at (4,18) which is near (3,17)
[miner9] I chose to go near 14 19 Coordinates
[miner6] failed to catch ore ore(coal,11,24,1)
[miner6] I chose to go near 28 0 Coordinates
[miner5] I am at (23,24) which is near (24,25)
[miner5] I chose to go near 0 13 Coordinates
[miner9] I am at (12,19) and I can't get to' (14,19)
[miner9] I chose to go near 0 27 Coordinates
[miner9] I am at (0,26) which is near (0,27)
[miner8] I am at (29,32) which is near (29,33)
[miner9] I chose to go near 2 20 Coordinates
[miner8] I chose to go near 11 23 Coordinates
[miner1] I am at (31,17) which is near (31,16)
[miner5] I am at (0,14) which is near (0,13)
[miner1] I chose to go near 29 5 Coordinates
[miner5] I chose to go near 12 11 Coordinates
[miner2] I've reached 16x16
[WorldModelB] Agent 2 carried 2 ores to depot, worth 8 points!
[miner9] I am at (2,21) which is near (2,20)
[miner2] Dropped backpack with 2 ores, worth 16 points.
[leader] Team red is now leading with 32 points.
[miner9] I chose to go near 20 16 Coordinates
[miner2] Red retriever 1 staying near explorer at 30 15
[miner4] I am at (1,6) which is near (0,7)
[miner6] I am at (28,1) which is near (28,0)
[miner3] I am at (31,17) which is near (31,18)
[miner6] I chose to go near 16 11 Coordinates
[miner3] I chose to go near 5 1 Coordinates
[miner4] I am at (0,13) which is near (0,14)
[miner1] I am at (29,6) which is near (29,5)
[miner5] I am at (11,11) which is near (12,11)
[miner1] I chose to go near 29 30 Coordinates
[miner5] I chose to go near 9 28 Coordinates
[miner8] I am at (11,24) which is near (11,23)
[miner8] I chose to go near 30 28 Coordinates
[miner2] I am at (30,16) which is near (30,15)
[miner2] Red retriever 1 staying near explorer at 29 11
[miner9] I am at (20,17) which is near (20,16)
[miner9] I chose to go near 3 7 Coordinates
[miner2] I am at (29,12) which is near (29,11)
[miner2] Red retriever 1 staying near explorer at 29 17
[miner7] I am at (26,7) which is near (26,6)
[miner7] I chose to go near 33 3 Coordinates
[miner2] I am at (29,16) which is near (29,17)
[miner2] Red retriever 1 staying near explorer at 29 20
[miner2] I am at (29,19) which is near (29,20)
[miner2] Red retriever 1 staying near explorer at 29 22
[miner2] I am at (29,21) which is near (29,22)
[miner2] Red retriever 1 staying near explorer at 29 25
[miner8] I am at (30,27) which is near (30,28)
[miner8] I chose to go near 13 33 Coordinates
[miner7] I am at (33,4) which is near (33,3)
[miner2] Ore perceived: ore(iron,30,30,2)
[miner1] Scout report: ore(iron,30,30,2)
[miner3] I am at (5,2) which is near (5,1)
[miner1] I am at (29,29) which is near (29,30)
[miner2] Dropping near(_,_) desires and intentions to handle ore(iron,30,30,2)
[miner7] I chose to go near 24 1 Coordinates
[miner1] I chose to go near 0 18 Coordinates
[miner3] I chose to go near 5 9 Coordinates
[miner2] Going for ore(iron,30,30,2)
[miner2] Radio received from miner 1: ore(iron,30,30,2)
[miner2] Handling ore(iron,30,30,2) now.
[miner2] Radio received from miner 1: ore(gold,31,31,3)
[miner1] Scout report: ore(gold,31,31,3)
[miner6] I am at (16,10) which is near (16,11)
[miner6] I chose to go near 23 15 Coordinates
[miner3] I am at (5,8) which is near (5,9)
[miner3] I chose to go near 4 11 Coordinates
[miner2] I've reached 30x30
[miner3] I am at (4,10) which is near (4,11)
[miner7] I am at (24,2) which is near (24,1)
[miner7] I chose to go near 14 5 Coordinates
[miner2] Stored ore(iron,30,30,2) in backpack.
[miner2] Ore distances: [d(2,ore(gold,31,31,3))]1
[miner2] Next ore is ore(gold,31,31,3)
[miner3] I chose to go near 4 5 Coordinates
[miner2] Handling ore(gold,31,31,3) now.
[miner2] I've reached 31x31
[miner9] I am at (3,8) which is near (3,7)
[miner4] I am at (34,13) which is near (34,14)
[miner8] I am at (14,33) which is near (13,33)
[miner9] I chose to go near 12 15 Coordinates
[miner8] I chose to go near 24 8 Coordinates
[miner6] I am at (23,14) which is near (23,15)
[miner6] I chose to go near 24 21 Coordinates
[miner2] Stored ore(gold,31,31,3) in backpack.
[miner3] I am at (4,6) which is near (4,5)
[miner2] No known ore left, returning to depot with 2 ores.
[miner3] I chose to go near 29 6 Coordinates
[miner4] I am at (34,20) which is near (34,21)
[miner7] I am at (15,4) which is near (14,5)
[miner7] I chose to go near 26 26 Coordinates
[miner3] I am at (28,6) which is near (29,6)
[miner3] I chose to go near 19 26 Coordinates
[miner2] I've reached 16x16
[WorldModelB] Agent 2 carried 2 ores to depot, worth 5 points!
[miner2] Dropped backpack with 2 ores, worth 5 points.
[leader] Team red is now leading with 37 points.
[miner2] Red retriever 1 staying near explorer at 13 26
[miner6] I am at (24,20) which is near (24,21)
[miner6] I chose to go near 15 11 Coordinates
[miner8] I am at (24,9) which is near (24,8)
[miner8] I chose to go near 26 16 Coordinates
[miner9] I am at (12,14) which is near (12,15)
[miner9] I chose to go near 16 25 Coordinates
[miner4] I am at (1,21) which is near (0,21)
[miner8] I am at (26,15) which is near (26,16)
[miner8] I chose to go near 23 31 Coordinates
[miner2] I am at (13,25) which is near (13,26)
[miner2] Red retriever 1 staying near explorer at 11 22
[miner4] I am at (0,27) which is near (0,28)
[miner2] I am at (11,23) which is near (11,22)
[miner2] Red retriever 1 staying near explorer at 11 22
[miner3] I am at (19,25) which is near (19,26)
[miner2] I am at (11,23) which is near (11,22)
[miner3] I chose to go near 4 3 Coordinates
[miner2] Red retriever 1 staying near explorer at 11 22
[miner2] I am at (11,23) which is near (11,22)
[miner2] Red retriever 1 staying near explorer at 11 22
[miner2] I am at (11,23) which is near (11,22)
[miner2] Red retriever 1 staying near explorer at 11 22
[miner2] I am at (11,23) which is near (11,22)
[miner2] Red retriever 1 staying near explorer at 11 22
[miner2] I am at (11,23) which is near (11,22)
[miner2] Red retriever 1 staying near explorer at 11 22
[miner5] I am at (9,29) which is near (9,28)
[miner2] I am at (11,23) which is near (11,22)
[miner5] I chose to go near 27 13 Coordinates
[miner2] Red retriever 1 staying near explorer at 11 22
[miner2] I am at (11,23) which is near (11,22)
[miner2] Red retriever 1 staying near explorer at 11 22
[miner2] I am at (11,23) which is near (11,22)
[miner2] Red retriever 1 staying near explorer at 11 22
[miner8] I am at (23,30) which is near (23,31)
[miner8] I chose to go near 1 16 Coordinates
[miner2] I am at (11,23) which is near (11,22)
[miner2] Red retriever 1 staying near explorer at 11 22
[miner2] I am at (11,23) which is near (11,22)
[miner2] Red retriever 1 staying near explorer at 11 22
[miner2] I am at (11,23) which is near (11,22)
[miner2] Red retriever 1 staying near explorer at 11 22
[miner2] I am at (11,23) which is near (11,22)
[miner2] Red retriever 1 staying near explorer at 11 22
[miner2] I am at (11,23) which is near (11,22)
[miner2] Red retriever 1 staying near explorer at 11 22
[miner2] I am at (11,23) which is near (11,22)
[miner2] Red retriever 1 staying near explorer at 11 22
[miner2] I am at (11,23) which is near (11,22)
[miner2] Red retriever 1 staying near explorer at 11 22
[miner2] I am at (11,23) which is near (11,22)
[miner2] Red retriever 1 staying near explorer at 11 22
[miner2] I am at (11,23) which is near (11,22)
[miner2] Red retriever 1 staying near explorer at 11 22
[miner2] I am at (11,23) which is near (11,22)
[miner2] Red retriever 1 staying near explorer at 11 22
[miner2] I am at (11,23) which is near (11,22)
[miner2] Red retriever 1 staying near explorer at 11 22
[miner2] I am at (11,23) which is near (11,22)
[miner2] Red retriever 1 staying near explorer at 11 22
[miner2] I am at (11,23) which is near (11,22)
[miner2] Red retriever 1 staying near explorer at 11 22
[miner2] I am at (11,23) which is near (11,22)
[miner2] Red retriever 1 staying near explorer at 11 22
[miner2] I am at (11,23) which is near (11,22)
[miner2] Red retriever 1 staying near explorer at 11 22
[miner2] I am at (11,23) which is near (11,22)
[miner2] Red retriever 1 staying near explorer at 11 22
[miner2] I am at (11,23) which is near (11,22)
[miner2] Red retriever 1 staying near explorer at 11 22
[miner2] I am at (11,23) which is near (11,22)
[miner2] Red retriever 1 staying near explorer at 11 22
[miner2] I am at (11,23) which is near (11,22)
[miner2] Red retriever 1 staying near explorer at 11 22
[miner2] I am at (11,23) which is near (11,22)
[miner2] Red retriever 1 staying near explorer at 11 22
[miner2] I am at (11,23) which is near (11,22)
[miner2] Red retriever 1 staying near explorer at 11 22
[miner2] I am at (11,23) which is near (11,22)
[miner2] Red retriever 1 staying near explorer at 11 22
[miner2] I am at (11,23) which is near (11,22)
[miner2] Red retriever 1 staying near explorer at 11 22
[miner2] I am at (11,23) which is near (11,22)
[miner3] I am at (4,4) which is near (4,3)
[miner3] I chose to go near 18 26 Coordinates
[miner2] Red retriever 1 staying near explorer at 11 22
[miner2] I am at (11,23) which is near (11,22)
[miner2] Red retriever 1 staying near explorer at 11 22
[miner2] I am at (11,23) which is near (11,22)
[miner2] Red retriever 1 staying near explorer at 11 22
[miner2] I am at (11,23) which is near (11,22)
[miner2] Red retriever 1 staying near explorer at 11 22
[miner2] I am at (11,23) which is near (11,22)
[miner2] Red retriever 1 staying near explorer at 11 22
[miner2] I am at (11,23) which is near (11,22)
[miner2] Red retriever 1 staying near explorer at 11 22
[miner2] I am at (11,23) which is near (11,22)
[miner2] Red retriever 1 staying near explorer at 11 22
[miner2] I am at (11,23) which is near (11,22)
[miner2] Red retriever 1 staying near explorer at 11 22
[miner8] I am at (1,17) which is near (1,16)
[miner8] I chose to go near 14 0 Coordinates
[miner2] I am at (11,23) which is near (11,22)
[miner2] Red retriever 1 staying near explorer at 11 22
[miner2] I am at (11,23) which is near (11,22)
[miner2] Red retriever 1 staying near explorer at 11 22
[miner2] I am at (11,23) which is near (11,22)
[miner2] Red retriever 1 staying near explorer at 11 22
[miner2] I am at (11,23) which is near (11,22)
[miner2] Red retriever 1 staying near explorer at 11 22
[miner4] I am at (34,27) which is near (34,28)
[miner2] I am at (11,23) which is near (11,22)
[miner2] Red retriever 1 staying near explorer at 11 22
[miner2] I am at (11,23) which is near (11,22)
[miner2] Red retriever 1 staying near explorer at 11 22
[miner2] I am at (11,23) which is near (11,22)
[miner2] Red retriever 1 staying near explorer at 11 22
[miner2] I am at (11,23) which is near (11,22)
[miner2] Red retriever 1 staying near explorer at 11 22
[miner6] I am at (16,12) which is near (15,11)
[miner2] I am at (11,23) which is near (11,22)
[miner6] I chose to go near 16 27 Coordinates
[miner2] Red retriever 1 staying near explorer at 11 22
[miner2] I am at (11,23) which is near (11,22)
[miner2] Red retriever 1 staying near explorer at 11 22
[miner2] I am at (11,23) which is near (11,22)
[miner2] Red retriever 1 staying near explorer at 11 22
[miner2] I am at (11,23) which is near (11,22)
[miner2] Red retriever 1 staying near explorer at 11 22
[miner2] I am at (11,23) which is near (11,22)
[miner2] Red retriever 1 staying near explorer at 11 22
[miner2] I am at (11,23) which is near (11,22)
[miner2] Red retriever 1 staying near explorer at 11 22
[miner2] I am at (11,23) which is near (11,22)
[miner2] Red retriever 1 staying near explorer at 11 22
[miner2] I am at (11,23) which is near (11,22)
[miner2] Red retriever 1 staying near explorer at 11 22
[miner2] I am at (11,23) which is near (11,22)
[miner2] Red retriever 1 staying near explorer at 11 22
[miner2] I am at (11,23) which is near (11,22)
[miner2] Red retriever 1 staying near explorer at 11 22
[miner2] I am at (11,23) which is near (11,22)
[miner2] Red retriever 1 staying near explorer at 11 22
[miner2] I am at (11,23) which is near (11,22)
[miner2] Red retriever 1 staying near explorer at 11 22
[miner2] I am at (11,23) which is near (11,22)
[miner5] I am at (27,14) which is near (27,13)
[miner2] Red retriever 1 staying near explorer at 11 22
[miner5] I chose to go near 10 24 Coordinates
[miner2] I am at (11,23) which is near (11,22)
[miner1] I am at (0,19) which is near (0,18)
[miner7] I am at (26,25) which is near (26,26)
[miner2] Red retriever 1 staying near explorer at 11 22
[miner1] I chose to go near 19 32 Coordinates
[miner7] I chose to go near 33 18 Coordinates
[miner2] I am at (11,23) which is near (11,22)
[miner2] Red retriever 1 staying near explorer at 11 22
[miner2] I am at (11,23) which is near (11,22)
[miner2] Red retriever 1 staying near explorer at 11 22
[miner2] I am at (11,23) which is near (11,22)
[miner2] Red retriever 1 staying near explorer at 11 22
[miner2] I am at (11,23) which is near (11,22)
[miner2] Red retriever 1 staying near explorer at 11 22
[miner2] I am at (11,23) which is near (11,22)
[miner2] Red retriever 1 staying near explorer at 11 22
[miner2] I am at (11,23) which is near (11,22)
[miner2] Red retriever 1 staying near explorer at 11 22
[miner2] I am at (11,23) which is near (11,22)
[miner2] Red retriever 1 staying near explorer at 11 22
[miner2] I am at (11,23) which is near (11,22)
[miner2] Red retriever 1 staying near explorer at 11 22
[miner2] I am at (11,23) which is near (11,22)
[miner2] Red retriever 1 staying near explorer at 11 22
[miner6] I am at (16,26) which is near (16,27)
[miner2] I am at (11,23) which is near (11,22)
[miner6] I chose to go near 3 33 Coordinates
[miner2] Red retriever 1 staying near explorer at 11 22
[miner2] I am at (11,23) which is near (11,22)
[miner2] Red retriever 1 staying near explorer at 11 22
[miner2] I am at (11,23) which is near (11,22)
[miner2] Red retriever 1 staying near explorer at 11 22
[miner2] I am at (11,23) which is near (11,22)
[miner2] Red retriever 1 staying near explorer at 11 22
[miner2] I am at (11,23) which is near (11,22)
[miner2] Red retriever 1 staying near explorer at 11 22
[miner7] I am at (33,19) which is near (33,18)
[miner2] I am at (11,23) which is near (11,22)
[miner7] I chose to go near 17 0 Coordinates
[miner2] Red retriever 1 staying near explorer at 11 22
[miner2] I am at (11,23) which is near (11,22)
[miner2] Red retriever 1 staying near explorer at 11 22
[miner2] I am at (11,23) which is near (11,22)
[miner2] Red retriever 1 staying near explorer at 11 22
[miner2] I am at (11,23) which is near (11,22)
[miner2] Red retriever 1 staying near explorer at 11 22
[miner2] I am at (11,23) which is near (11,22)
[miner2] Red retriever 1 staying near explorer at 11 22
[miner2] I am at (11,23) which is near (11,22)
[miner2] Red retriever 1 staying near explorer at 11 22
[miner2] I am at (11,23) which is near (11,22)
[miner2] Red retriever 1 staying near explorer at 11 22
[miner2] I am at (11,23) which is near (11,22)
[miner2] Red retriever 1 staying near explorer at 11 22
[miner2] I am at (11,23) which is near (11,22)
[miner2] Red retriever 1 staying near explorer at 11 22
[miner2] I am at (11,23) which is near (11,22)
[miner2] Red retriever 1 staying near explorer at 11 22
[miner2] I am at (11,23) which is near (11,22)
[miner2] Red retriever 1 staying near explorer at 11 22
[miner2] I am at (11,23) which is near (11,22)
[miner2] Red retriever 1 staying near explorer at 11 22
[miner2] I am at (11,23) which is near (11,22)
[miner2] Red retriever 1 staying near explorer at 11 22
[miner2] I am at (11,23) which is near (11,22)
[miner2] Red retriever 1 staying near explorer at 11 22
[miner6] I am at (4,33) which is near (3,33)
[miner2] I am at (11,23) which is near (11,22)
[miner6] I chose to go near 0 28 Coordinates
[miner2] Red retriever 1 staying near explorer at 11 22
[miner2] I am at (11,23) which is near (11,22)
[miner2] Red retriever 1 staying near explorer at 11 22
[miner2] I am at (11,23) which is near (11,22)
[miner2] Red retriever 1 staying near explorer at 11 22
[miner2] I am at (11,23) which is near (11,22)
[miner2] Red retriever 1 staying near explorer at 11 22
[miner2] I am at (11,23) which is near (11,22)
[miner2] Red retriever 1 staying near explorer at 11 22
[miner2] I am at (11,23) which is near (11,22)
[miner2] Red retriever 1 staying near explorer at 11 22
[miner2] I am at (11,23) which is near (11,22)
[miner2] Red retriever 1 staying near explorer at 11 22
[miner2] I am at (11,23) which is near (11,22)
[miner2] Red retriever 1 staying near explorer at 11 22
[miner2] I am at (11,23) which is near (11,22)
[miner2] Red retriever 1 staying near explorer at 11 22
[miner2] I am at (11,23) which is near (11,22)
[miner2] Red retriever 1 staying near explorer at 11 22
[miner2] I am at (11,23) which is near (11,22)
[miner2] Red retriever 1 staying near explorer at 11 22
[miner2] I am at (11,23) which is near (11,22)
[miner2] Red retriever 1 staying near explorer at 11 22
[miner2] I am at (11,23) which is near (11,22)
[miner2] Red retriever 1 staying near explorer at 11 22
[miner2] I am at (11,23) which is near (11,22)
[miner2] Red retriever 1 staying near explorer at 11 22
[miner2] I am at (11,23) which is near (11,22)
[miner2] Red retriever 1 staying near explorer at 11 22
[miner2] I am at (11,23) which is near (11,22)
[miner2] Red retriever 1 staying near explorer at 11 22
[miner2] I am at (11,23) which is near (11,22)
[miner2] Red retriever 1 staying near explorer at 11 22
[miner2] I am at (11,23) which is near (11,22)
[miner2] Red retriever 1 staying near explorer at 11 22
[miner2] I am at (11,23) which is near (11,22)
[miner2] Red retriever 1 staying near explorer at 11 22
[miner2] I am at (11,23) which is near (11,22)
[miner2] Red retriever 1 staying near explorer at 11 22
[miner7] I am at (17,1) which is near (17,0)
[miner2] I am at (11,23) which is near (11,22)
[miner7] I chose to go near 30 25 Coordinates
[miner2] Red retriever 1 staying near explorer at 11 22
[miner2] I am at (11,23) which is near (11,22)
[miner2] Red retriever 1 staying near explorer at 11 22
[miner2] I am at (11,23) which is near (11,22)
[miner2] Red retriever 1 staying near explorer at 11 22
[miner2] I am at (11,23) which is near (11,22)
[miner2] Red retriever 1 staying near explorer at 11 22
[miner2] I am at (11,23) which is near (11,22)
[miner2] Red retriever 1 staying near explorer at 11 22
[miner2] I am at (11,23) which is near (11,22)
[miner2] Red retriever 1 staying near explorer at 11 22
[miner2] I am at (11,23) which is near (11,22)
[miner2] Red retriever 1 staying near explorer at 11 22
[miner2] I am at (11,23) which is near (11,22)
[miner2] Red retriever 1 staying near explorer at 11 22
[miner2] I am at (11,23) which is near (11,22)
[miner2] Red retriever 1 staying near explorer at 11 22
[miner2] I am at (11,23) which is near (11,22)
[miner2] Red retriever 1 staying near explorer at 11 22
[miner2] I am at (11,23) which is near (11,22)
[miner2] Red retriever 1 staying near explorer at 11 22
[miner2] I am at (11,23) which is near (11,22)
[miner2] Red retriever 1 staying near explorer at 11 22
[miner2] I am at (11,23) which is near (11,22)
[miner2] Red retriever 1 staying near explorer at 11 22
[miner2] I am at (11,23) which is near (11,22)
[miner2] Red retriever 1 staying near explorer at 11 22
[miner2] I am at (11,23) which is near (11,22)
[miner8] I am at (14,1) which is near (14,0)
[miner2] Red retriever 1 staying near explorer at 11 22
[miner8] I chose to go near 30 12 Coordinates
[miner2] I am at (11,23) which is near (11,22)
[miner2] Red retriever 1 staying near explorer at 11 22
[miner2] I am at (11,23) which is near (11,22)
[miner2] Red retriever 1 staying near explorer at 11 22
[miner2] I am at (11,23) which is near (11,22)
[miner2] Red retriever 1 staying near explorer at 11 22
[miner2] I am at (11,23) which is near (11,22)
[miner3] I am at (18,25) which is near (18,26)
[miner2] Red retriever 1 staying near explorer at 11 22
[miner3] I chose to go near 12 2 Coordinates
[miner2] I am at (11,23) which is near (11,22)
[miner2] Red retriever 1 staying near explorer at 11 22
[miner2] I am at (11,23) which is near (11,22)
[miner2] Red retriever 1 staying near explorer at 11 22
[miner2] I am at (11,23) which is near (11,22)
[miner2] Red retriever 1 staying near explorer at 11 22
[miner2] I am at (11,23) which is near (11,22)
[miner2] Red retriever 1 staying near explorer at 11 22
[miner2] I am at (11,23) which is near (11,22)
[miner2] Red retriever 1 staying near explorer at 11 22
[miner2] I am at (11,23) which is near (11,22)
[miner2] Red retriever 1 staying near explorer at 11 22
[miner2] I am at (11,23) which is near (11,22)
[miner2] Red retriever 1 staying near explorer at 11 22
[miner2] I am at (11,23) which is near (11,22)
[miner2] Red retriever 1 staying near explorer at 11 22
[miner2] I am at (11,23) which is near (11,22)
[miner2] Red retriever 1 staying near explorer at 11 22
[miner2] I am at (11,23) which is near (11,22)
[miner2] Red retriever 1 staying near explorer at 11 22
[miner2] I am at (11,23) which is near (11,22)
[miner2] Red retriever 1 staying near explorer at 11 22
[miner7] I am at (30,24) which is near (30,25)
[miner7] I chose to go near 25 13 Coordinates
[miner2] I am at (11,23) which is near (11,22)
[miner2] Red retriever 1 staying near explorer at 11 22
[miner2] I am at (11,23) which is near (11,22)
[miner2] Red retriever 1 staying near explorer at 11 22
[miner8] I am at (30,11) which is near (30,12)
[miner8] I chose to go near 20 2 Coordinates
[miner2] I am at (11,23) which is near (11,22)
[miner2] Red retriever 1 staying near explorer at 11 22
[miner2] I am at (11,23) which is near (11,22)
[miner2] Red retriever 1 staying near explorer at 11 22
[miner2] I am at (11,23) which is near (11,22)
[miner2] Red retriever 1 staying near explorer at 11 22
[miner2] I am at (11,23) which is near (11,22)
[miner2] Red retriever 1 staying near explorer at 11 22
[miner2] I am at (11,23) which is near (11,22)
[miner2] Red retriever 1 staying near explorer at 11 22
[miner2] I am at (11,23) which is near (11,22)
[miner2] Red retriever 1 staying near explorer at 11 22
[miner2] I am at (11,23) which is near (11,22)
[miner2] Red retriever 1 staying near explorer at 11 22
[miner2] I am at (11,23) which is near (11,22)
[miner2] Red retriever 1 staying near explorer at 11 22
[miner2] I am at (11,23) which is near (11,22)
[miner2] Red retriever 1 staying near explorer at 11 22
[miner2] I am at (11,23) which is near (11,22)
[miner2] Red retriever 1 staying near explorer at 11 22
[miner2] I am at (11,23) which is near (11,22)
[miner3] I am at (11,3) which is near (12,2)
[miner2] Red retriever 1 staying near explorer at 11 22
[miner9] I am at (16,24) which is near (16,25)
[miner3] I chose to go near 3 1 Coordinates
[miner9] I chose to go near 25 0 Coordinates
[miner2] I am at (11,23) which is near (11,22)
[miner2] Red retriever 1 staying near explorer at 11 22
[miner2] I am at (11,23) which is near (11,22)
[miner2] Red retriever 1 staying near explorer at 11 22
[miner2] I am at (11,23) which is near (11,22)
[miner2] Red retriever 1 staying near explorer at 11 22
[miner2] I am at (11,23) which is near (11,22)
[miner2] Red retriever 1 staying near explorer at 11 22
[miner2] I am at (11,23) which is near (11,22)
[miner2] Red retriever 1 staying near explorer at 11 22
[miner2] I am at (11,23) which is near (11,22)
[miner2] Red retriever 1 staying near explorer at 11 22
[miner3] I am at (3,2) which is near (3,1)
[miner3] I chose to go near 6 13 Coordinates
[miner2] I am at (11,23) which is near (11,22)
[miner2] Red retriever 1 staying near explorer at 11 22
[miner4] I am at (0,1) which is near (0,0)
[miner2] I am at (11,23) which is near (11,22)
[miner2] Red retriever 1 staying near explorer at 11 22
[miner2] I am at (11,23) which is near (11,22)
[miner2] Red retriever 1 staying near explorer at 11 22
[miner2] I am at (11,23) which is near (11,22)
[miner2] Red retriever 1 staying near explorer at 11 22
[miner2] I am at (11,23) which is near (11,22)
[miner2] Red retriever 1 staying near explorer at 11 22
[miner2] I am at (11,23) which is near (11,22)
[miner2] Red retriever 1 staying near explorer at 11 22
[miner2] I am at (11,23) which is near (11,22)
[miner2] Red retriever 1 staying near explorer at 11 22
[miner2] I am at (11,23) which is near (11,22)
[miner2] Red retriever 1 staying near explorer at 11 22
[miner2] I am at (11,23) which is near (11,22)
[miner2] Red retriever 1 staying near explorer at 11 22
[miner2] I am at (11,23) which is near (11,22)
[miner2] Red retriever 1 staying near explorer at 11 22
[miner2] I am at (11,23) which is near (11,22)
[miner2] Red retriever 1 staying near explorer at 11 22
[miner2] I am at (11,23) which is near (11,22)
[miner2] Red retriever 1 staying near explorer at 11 22
[miner2] I am at (11,23) which is near (11,22)
[miner2] Red retriever 1 staying near explorer at 11 22
[miner2] I am at (11,23) which is near (11,22)
[miner2] Red retriever 1 staying near explorer at 11 22
[miner2] I am at (11,23) which is near (11,22)
[miner2] Red retriever 1 staying near explorer at 11 22
[miner2] I am at (11,23) which is near (11,22)
[miner2] Red retriever 1 staying near explorer at 11 22
[miner2] I am at (11,23) which is near (11,22)
[miner2] Red retriever 1 staying near explorer at 11 22
[miner2] I am at (11,23) which is near (11,22)
[miner2] Red retriever 1 staying near explorer at 11 22
[miner2] I am at (11,23) which is near (11,22)
[miner2] Red retriever 1 staying near explorer at 11 22
[miner2] I am at (11,23) which is near (11,22)
[miner3] I am at (6,12) which is near (6,13)
[miner2] Red retriever 1 staying near explorer at 11 22
[miner3] I chose to go near 12 3 Coordinates
[miner2] I am at (11,23) which is near (11,22)
[miner2] Red retriever 1 staying near explorer at 11 22
[miner2] I am at (11,23) which is near (11,22)
[miner2] Red retriever 1 staying near explorer at 11 22
[miner2] I am at (11,23) which is near (11,22)
[miner2] Red retriever 1 staying near explorer at 11 22
[miner2] I am at (11,23) which is near (11,22)
[miner2] Red retriever 1 staying near explorer at 11 22
[miner2] I am at (11,23) which is near (11,22)
[miner2] Red retriever 1 staying near explorer at 11 22
[miner2] I am at (11,23) which is near (11,22)
[miner2] Red retriever 1 staying near explorer at 11 22
[miner2] I am at (11,23) which is near (11,22)
[miner2] Red retriever 1 staying near explorer at 11 22
[miner2] I am at (11,23) which is near (11,22)
[miner2] Red retriever 1 staying near explorer at 11 22
[miner2] I am at (11,23) which is near (11,22)
[miner2] Red retriever 1 staying near explorer at 11 22
[miner2] I am at (11,23) which is near (11,22)
[miner2] Red retriever 1 staying near explorer at 11 22
[miner2] I am at (11,23) which is near (11,22)
[miner2] Red retriever 1 staying near explorer at 11 22
[miner2] I am at (11,23) which is near (11,22)
[miner2] Red retriever 1 staying near explorer at 11 22
[miner2] I am at (11,23) which is near (11,22)
[miner2] Red retriever 1 staying near explorer at 11 22
[miner2] I am at (11,23) which is near (11,22)
[miner2] Red retriever 1 staying near explorer at 11 22
[miner2] I am at (11,23) which is near (11,22)
[miner2] Red retriever 1 staying near explorer at 11 22
[miner2] I am at (11,23) which is near (11,22)
[miner2] Red retriever 1 staying near explorer at 11 22
[miner2] I am at (11,23) which is near (11,22)
[miner3] I am at (11,4) which is near (12,3)
[miner2] Red retriever 1 staying near explorer at 11 22
[miner3] I chose to go near 14 25 Coordinates
[miner2] I am at (11,23) which is near (11,22)
[miner2] Red retriever 1 staying near explorer at 11 22
[miner2] I am at (11,23) which is near (11,22)
[miner2] Red retriever 1 staying near explorer at 11 22
[miner2] I am at (11,23) which is near (11,22)
[miner2] Red retriever 1 staying near explorer at 11 22
[miner2] I am at (11,23) which is near (11,22)
[miner2] Red retriever 1 staying near explorer at 11 22
[miner2] I am at (11,23) which is near (11,22)
[miner2] Red retriever 1 staying near explorer at 11 22
[miner2] I am at (11,23) which is near (11,22)
[miner2] Red retriever 1 staying near explorer at 11 22
[miner2] I am at (11,23) which is near (11,22)
[miner2] Red retriever 1 staying near explorer at 11 22
[miner4] I am at (33,1) which is near (34,0)
[miner2] I am at (11,23) which is near (11,22)
[miner2] Red retriever 1 staying near explorer at 11 22
[miner2] I am at (11,23) which is near (11,22)
[miner2] Red retriever 1 staying near explorer at 11 22
[miner2] I am at (11,23) which is near (11,22)
[miner2] Red retriever 1 staying near explorer at 11 22
[miner2] I am at (11,23) which is near (11,22)
[miner2] Red retriever 1 staying near explorer at 11 22
[miner2] I am at (11,23) which is near (11,22)
[miner2] Red retriever 1 staying near explorer at 11 22
[miner2] I am at (11,23) which is near (11,22)
[miner2] Red retriever 1 staying near explorer at 11 22
[miner4] I am at (34,6) which is near (34,7)
[miner2] I am at (11,23) which is near (11,22)
[miner2] Red retriever 1 staying near explorer at 11 22
[miner2] I am at (11,23) which is near (11,22)
[miner2] Red retriever 1 staying near explorer at 11 22
[miner2] I am at (11,23) which is near (11,22)
[miner2] Red retriever 1 staying near explorer at 11 22
[miner2] I am at (11,23) which is near (11,22)
[miner2] Red retriever 1 staying near explorer at 11 22
[miner2] I am at (11,23) which is near (11,22)
[miner2] Red retriever 1 staying near explorer at 11 22
[miner2] I am at (11,23) which is near (11,22)
[miner2] Red retriever 1 staying near explorer at 11 22
[miner2] I am at (11,23) which is near (11,22)
[miner2] Red retriever 1 staying near explorer at 11 22
[miner2] I am at (11,23) which is near (11,22)
[miner2] Red retriever 1 staying near explorer at 11 22
[miner2] I am at (11,23) which is near (11,22)
[miner2] Red retriever 1 staying near explorer at 11 22
[miner2] I am at (11,23) which is near (11,22)
[miner3] I am at (14,24) which is near (14,25)
[miner3] I chose to go near 33 0 Coordinates
[miner2] Red retriever 1 staying near explorer at 11 22
[miner2] I am at (11,23) which is near (11,22)
[miner2] Red retriever 1 staying near explorer at 11 22
[miner2] I am at (11,23) which is near (11,22)
[miner2] Red retriever 1 staying near explorer at 11 22
[miner2] I am at (11,23) which is near (11,22)
[miner2] Red retriever 1 staying near explorer at 11 22
[miner2] I am at (11,23) which is near (11,22)
[miner2] Red retriever 1 staying near explorer at 11 22
[miner2] I am at (11,23) which is near (11,22)
[miner2] Red retriever 1 staying near explorer at 11 22
[miner2] I am at (11,23) which is near (11,22)
[miner2] Red retriever 1 staying near explorer at 11 22
[miner2] I am at (11,23) which is near (11,22)
[miner2] Red retriever 1 staying near explorer at 11 22
[miner2] I am at (11,23) which is near (11,22)
[miner2] Red retriever 1 staying near explorer at 11 22
[miner7] I am at (25,14) which is near (25,13)
[miner7] I chose to go near 6 27 Coordinates
[miner2] I am at (11,23) which is near (11,22)
[miner2] Red retriever 1 staying near explorer at 11 22
[miner2] I am at (11,23) which is near (11,22)
[miner2] Red retriever 1 staying near explorer at 11 22
[miner2] I am at (11,23) which is near (11,22)
[miner2] Red retriever 1 staying near explorer at 11 22
[miner2] I am at (11,23) which is near (11,22)
[miner2] Red retriever 1 staying near explorer at 11 22
[miner8] I am at (21,3) which is near (20,2)
[miner8] I chose to go near 33 4 Coordinates
[miner2] I am at (11,23) which is near (11,22)
[miner2] Red retriever 1 staying near explorer at 11 22
[miner2] I am at (11,23) which is near (11,22)
[miner2] Red retriever 1 staying near explorer at 11 22
[miner2] I am at (11,23) which is near (11,22)
[miner2] Red retriever 1 staying near explorer at 11 22
[miner2] I am at (11,23) which is near (11,22)
[miner2] Red retriever 1 staying near explorer at 11 22
[miner2] I am at (11,23) which is near (11,22)
[miner2] Red retriever 1 staying near explorer at 11 22
[miner2] I am at (11,23) which is near (11,22)
[miner2] Red retriever 1 staying near explorer at 11 22
[miner2] I am at (11,23) which is near (11,22)
[miner2] Red retriever 1 staying near explorer at 11 22
[miner8] I am at (32,3) which is near (33,4)
[miner5] I am at (9,25) which is near (10,24)
[miner2] I am at (11,23) which is near (11,22)
[miner8] I chose to go near 33 3 Coordinates
[miner8] I am at (32,3) which is near (33,3)
[miner5] I chose to go near 11 27 Coordinates
[miner8] I chose to go near 20 17 Coordinates
[miner2] Red retriever 1 staying near explorer at 11 22
[miner4] I am at (1,6) which is near (0,7)
[miner2] I am at (11,23) which is near (11,22)
[miner2] Red retriever 1 staying near explorer at 11 22
[miner2] I am at (11,23) which is near (11,22)
[miner2] Red retriever 1 staying near explorer at 11 22
[miner2] I am at (11,23) which is near (11,22)
[miner2] Red retriever 1 staying near explorer at 11 22
[miner2] I am at (11,23) which is near (11,22)
[miner2] Red retriever 1 staying near explorer at 11 22
[miner2] I am at (11,23) which is near (11,22)
[miner2] Red retriever 1 staying near explorer at 11 22
[miner2] I am at (11,23) which is near (11,22)
[miner2] Red retriever 1 staying near explorer at 11 22
[miner2] I am at (11,23) which is near (11,22)
[miner2] Red retriever 1 staying near explorer at 11 22
[miner2] I am at (11,23) which is near (11,22)
[miner2] Red retriever 1 staying near explorer at 11 22
[miner2] I am at (11,23) which is near (11,22)
[miner4] I am at (0,13) which is near (0,14)
[miner2] Red retriever 1 staying near explorer at 11 22
[miner2] I am at (11,23) which is near (11,22)
[miner2] Red retriever 1 staying near explorer at 11 22
[miner2] I am at (11,23) which is near (11,22)
[miner2] Red retriever 1 staying near explorer at 11 22
[miner2] I am at (11,23) which is near (11,22)
[miner2] Red retriever 1 staying near explorer at 11 22
[miner2] I am at (11,23) which is near (11,22)
[miner9] I am at (25,1) which is near (25,0)
[miner9] I chose to go near 21 12 Coordinates
[miner2] Red retriever 1 staying near explorer at 11 22
[miner2] I am at (11,23) which is near (11,22)
[miner2] Red retriever 1 staying near explorer at 11 22
[miner2] I am at (11,23) which is near (11,22)
[miner2] Red retriever 1 staying near explorer at 11 22
[miner2] I am at (11,23) which is near (11,22)
[miner2] Red retriever 1 staying near explorer at 11 22
[miner2] I am at (11,23) which is near (11,22)
[miner2] Red retriever 1 staying near explorer at 11 22
[miner2] I am at (11,23) which is near (11,22)
[miner2] Red retriever 1 staying near explorer at 11 22
[miner2] I am at (11,23) which is near (11,22)
[miner2] Red retriever 1 staying near explorer at 11 22
[miner2] I am at (11,23) which is near (11,22)
[miner2] Red retriever 1 staying near explorer at 11 22
[miner2] I am at (11,23) which is near (11,22)
[miner2] Red retriever 1 staying near explorer at 11 22
[miner2] I am at (11,23) which is near (11,22)
[miner2] Red retriever 1 staying near explorer at 11 22
[miner2] I am at (11,23) which is near (11,22)
[miner2] Red retriever 1 staying near explorer at 11 22
[miner2] I am at (11,23) which is near (11,22)
[miner2] Red retriever 1 staying near explorer at 11 22
[miner2] I am at (11,23) which is near (11,22)
[miner2] Red retriever 1 staying near explorer at 11 22
[miner2] I am at (11,23) which is near (11,22)
[miner9] I am at (21,11) which is near (21,12)
[miner9] I chose to go near 5 8 Coordinates
[miner2] Red retriever 1 staying near explorer at 11 22
[miner2] I am at (11,23) which is near (11,22)
[miner2] Red retriever 1 staying near explorer at 11 22
[miner2] I am at (11,23) which is near (11,22)
[miner2] Red retriever 1 staying near explorer at 11 22
[miner2] I am at (11,23) which is near (11,22)
[miner2] Red retriever 1 staying near explorer at 11 22
[miner2] I am at (11,23) which is near (11,22)
[miner2] Red retriever 1 staying near explorer at 11 22
[miner2] I am at (11,23) which is near (11,22)
[miner2] Red retriever 1 staying near explorer at 11 22
[miner2] I am at (11,23) which is near (11,22)
[miner5] I am at (11,28) which is near (11,27)
[miner2] Red retriever 1 staying near explorer at 11 22
[miner5] I chose to go near 15 2 Coordinates
[miner2] I am at (11,23) which is near (11,22)
[miner2] Red retriever 1 staying near explorer at 11 22
[miner2] I am at (11,23) which is near (11,22)
[miner2] Red retriever 1 staying near explorer at 11 22
[miner2] I am at (11,23) which is near (11,22)
[miner2] Red retriever 1 staying near explorer at 11 22
[miner2] I am at (11,23) which is near (11,22)
[miner2] Red retriever 1 staying near explorer at 11 22
[miner2] I am at (11,23) which is near (11,22)
[miner2] Red retriever 1 staying near explorer at 11 22
[miner2] I am at (11,23) which is near (11,22)
[miner2] Red retriever 1 staying near explorer at 11 22
[miner6] I am at (0,29) which is near (0,28)
[miner6] I chose to go near 20 0 Coordinates
[miner2] I am at (11,23) which is near (11,22)
[miner2] Red retriever 1 staying near explorer at 11 22
[miner2] I am at (11,23) which is near (11,22)
[miner2] Red retriever 1 staying near explorer at 11 22
[miner2] I am at (11,23) which is near (11,22)
[miner2] Red retriever 1 staying near explorer at 11 22
[miner2] I am at (11,23) which is near (11,22)
[miner2] Red retriever 1 staying near explorer at 11 22
[miner2] I am at (11,23) which is near (11,22)
[miner2] Red retriever 1 staying near explorer at 11 22
[miner2] I am at (11,23) which is near (11,22)
[miner2] Red retriever 1 staying near explorer at 11 22
[miner2] I am at (11,23) which is near (11,22)
[miner2] Red retriever 1 staying near explorer at 11 22
[miner2] I am at (11,23) which is near (11,22)
[miner2] Red retriever 1 staying near explorer at 11 22
[miner9] I am at (5,9) which is near (5,8)
[miner2] I am at (11,23) which is near (11,22)
[miner9] I chose to go near 0 2 Coordinates
[miner2] Red retriever 1 staying near explorer at 11 22
[miner2] I am at (11,23) which is near (11,22)
[miner2] Red retriever 1 staying near explorer at 11 22
[miner2] I am at (11,23) which is near (11,22)
[miner2] Red retriever 1 staying near explorer at 11 22
[miner2] I am at (11,23) which is near (11,22)
[miner2] Red retriever 1 staying near explorer at 11 22
[miner2] I am at (11,23) which is near (11,22)
[miner2] Red retriever 1 staying near explorer at 11 22
[miner4] I am at (34,13) which is near (34,14)
[miner2] I am at (11,23) which is near (11,22)
[miner2] Red retriever 1 staying near explorer at 11 22
[miner2] I am at (11,23) which is near (11,22)
[miner2] Red retriever 1 staying near explorer at 11 22
[miner2] I am at (11,23) which is near (11,22)
[miner2] Red retriever 1 staying near explorer at 11 22
[miner2] I am at (11,23) which is near (11,22)
[miner2] Red retriever 1 staying near explorer at 11 22
[miner2] I am at (11,23) which is near (11,22)
[miner2] Red retriever 1 staying near explorer at 11 22
[miner2] I am at (11,23) which is near (11,22)
[miner2] Red retriever 1 staying near explorer at 11 22
[miner2] I am at (11,23) which is near (11,22)
[miner2] Red retriever 1 staying near explorer at 11 22
[miner2] I am at (11,23) which is near (11,22)
[miner2] Red retriever 1 staying near explorer at 11 22
[miner2] I am at (11,23) which is near (11,22)
[miner2] Red retriever 1 staying near explorer at 11 22
[miner4] I am at (34,20) which is near (34,21)
[miner2] I am at (11,23) which is near (11,22)
[miner2] Red retriever 1 staying near explorer at 11 22
[miner2] I am at (11,23) which is near (11,22)
[miner2] Red retriever 1 staying near explorer at 11 22
[miner2] I am at (11,23) which is near (11,22)
[miner2] Red retriever 1 staying near explorer at 11 22
[miner2] I am at (11,23) which is near (11,22)
[miner2] Red retriever 1 staying near explorer at 11 22
[miner2] I am at (11,23) which is near (11,22)
[miner2] Red retriever 1 staying near explorer at 11 22
[miner5] I am at (14,2) which is near (15,2)
[miner2] I am at (11,23) which is near (11,22)
[miner5] I chose to go near 28 7 Coordinates
[miner2] Red retriever 1 staying near explorer at 11 22
[miner2] I am at (11,23) which is near (11,22)
[miner2] Red retriever 1 staying near explorer at 11 22
[miner2] I am at (11,23) which is near (11,22)
[miner2] Red retriever 1 staying near explorer at 11 22
[miner2] I am at (11,23) which is near (11,22)
[miner2] Red retriever 1 staying near explorer at 11 22
[miner2] I am at (11,23) which is near (11,22)
[miner2] Red retriever 1 staying near explorer at 11 22
[miner2] I am at (11,23) which is near (11,22)
[miner2] Red retriever 1 staying near explorer at 11 22
[miner2] I am at (11,23) which is near (11,22)
[miner2] Red retriever 1 staying near explorer at 11 22
[miner2] I am at (11,23) which is near (11,22)
[miner2] Red retriever 1 staying near explorer at 11 22
[miner2] I am at (11,23) which is near (11,22)
[miner2] Red retriever 1 staying near explorer at 11 22
[miner2] I am at (11,23) which is near (11,22)
[miner2] Red retriever 1 staying near explorer at 11 22
[miner2] I am at (11,23) which is near (11,22)
[miner2] Red retriever 1 staying near explorer at 11 22
[miner2] I am at (11,23) which is near (11,22)
[miner2] Red retriever 1 staying near explorer at 11 22
[miner2] I am at (11,23) which is near (11,22)
[miner2] Red retriever 1 staying near explorer at 11 22
[miner2] I am at (11,23) which is near (11,22)
[miner2] Red retriever 1 staying near explorer at 11 22
[miner2] I am at (11,23) which is near (11,22)
[miner2] Red retriever 1 staying near explorer at 11 22
[miner2] I am at (11,23) which is near (11,22)
[miner5] I am at (28,6) which is near (28,7)
[miner2] Red retriever 1 staying near explorer at 11 22
[miner5] I chose to go near 30 7 Coordinates
[miner2] I am at (11,23) which is near (11,22)
[miner2] Red retriever 1 staying near explorer at 11 22
[miner8] I am at (20,16) which is near (20,17)
[miner5] I am at (29,6) which is near (30,7)
[miner2] I am at (11,23) which is near (11,22)
[miner5] I chose to go near 3 25 Coordinates
[miner2] Red retriever 1 staying near explorer at 11 22
[miner8] I chose to go near 13 30 Coordinates
[miner2] I am at (11,23) which is near (11,22)
[miner2] Red retriever 1 staying near explorer at 11 22
[miner2] I am at (11,23) which is near (11,22)
[miner2] Red retriever 1 staying near explorer at 11 22
[miner2] I am at (11,23) which is near (11,22)
[miner2] Red retriever 1 staying near explorer at 11 22
[miner2] I am at (11,23) which is near (11,22)
[miner2] Red retriever 1 staying near explorer at 11 22
[miner2] I am at (11,23) which is near (11,22)
[miner2] Red retriever 1 staying near explorer at 11 22
[miner1] I am at (17,32) and I can't get to' (19,32)
[miner2] I am at (11,23) which is near (11,22)
[miner1] I chose to go near 26 26 Coordinates
[miner2] Red retriever 1 staying near explorer at 11 22
[miner2] I am at (11,23) which is near (11,22)
[miner2] Red retriever 1 staying near explorer at 11 22
[miner2] I am at (11,23) which is near (11,22)
[miner2] Red retriever 1 staying near explorer at 11 22
[miner2] I am at (11,23) which is near (11,22)
[miner2] Red retriever 1 staying near explorer at 11 22
[miner2] I am at (11,23) which is near (11,22)
[miner2] Red retriever 1 staying near explorer at 11 22
[miner2] I am at (11,23) which is near (11,22)
[miner2] Red retriever 1 staying near explorer at 11 22
[miner2] I am at (11,23) which is near (11,22)
[miner2] Red retriever 1 staying near explorer at 11 22
[miner2] I am at (11,23) which is near (11,22)
[miner2] Red retriever 1 staying near explorer at 11 22
[miner2] I am at (11,23) which is near (11,22)
[miner8] I am at (13,29) which is near (13,30)
[miner2] Red retriever 1 staying near explorer at 11 22
[miner8] I chose to go near 5 23 Coordinates
[miner2] I am at (11,23) which is near (11,22)
[miner2] Red retriever 1 staying near explorer at 11 22
[miner2] I am at (11,23) which is near (11,22)
[miner1] I am at (26,27) which is near (26,26)
[miner2] Red retriever 1 staying near explorer at 11 22
[miner1] I chose to go near 6 15 Coordinates
[miner2] I am at (11,23) which is near (11,22)
[miner2] Red retriever 1 staying near explorer at 11 22
[miner2] I am at (11,23) which is near (11,22)
[miner2] Red retriever 1 staying near explorer at 11 22
[miner2] I am at (11,23) which is near (11,22)
[miner2] Red retriever 1 staying near explorer at 11 22
[miner2] I am at (11,23) which is near (11,22)
[miner9] I am at (0,3) which is near (0,2)
[miner2] Red retriever 1 staying near explorer at 11 22
[miner9] I chose to go near 32 17 Coordinates
[miner2] I am at (11,23) which is near (11,22)
[miner2] Red retriever 1 staying near explorer at 11 22
[miner2] I am at (11,23) which is near (11,22)
[miner2] Red retriever 1 staying near explorer at 11 22
[miner2] I am at (11,23) which is near (11,22)
[miner2] Red retriever 1 staying near explorer at 11 22
[miner2] I am at (11,23) which is near (11,22)
[miner2] Red retriever 1 staying near explorer at 11 22
[miner2] I am at (11,23) which is near (11,22)
[miner2] Red retriever 1 staying near explorer at 11 22
[miner2] I am at (11,23) which is near (11,22)
[miner2] Red retriever 1 staying near explorer at 11 22
[miner2] I am at (11,23) which is near (11,22)
[miner2] Red retriever 1 staying near explorer at 11 22
[miner2] I am at (11,23) which is near (11,22)
[miner2] Red retriever 1 staying near explorer at 11 22
[miner2] I am at (11,23) which is near (11,22)
[miner8] I am at (6,22) which is near (5,23)
[miner2] Red retriever 1 staying near explorer at 11 22
[miner8] I chose to go near 6 20 Coordinates
[miner2] I am at (11,23) which is near (11,22)
[miner2] Red retriever 1 staying near explorer at 11 22
[miner8] I am at (6,21) which is near (6,20)
[miner2] I am at (11,23) which is near (11,22)
[miner8] I chose to go near 21 11 Coordinates
[miner2] Red retriever 1 staying near explorer at 11 22
[miner2] I am at (11,23) which is near (11,22)
[miner2] Red retriever 1 staying near explorer at 11 22
[miner2] I am at (11,23) which is near (11,22)
[miner2] Red retriever 1 staying near explorer at 11 22
[miner2] I am at (11,23) which is near (11,22)
[miner2] Red retriever 1 staying near explorer at 11 22
[miner2] I am at (11,23) which is near (11,22)
[miner2] Red retriever 1 staying near explorer at 11 22
[miner2] I am at (11,23) which is near (11,22)
[miner2] Red retriever 1 staying near explorer at 11 22
[miner2] I am at (11,23) which is near (11,22)
[miner2] Red retriever 1 staying near explorer at 11 22
[miner2] I am at (11,23) which is near (11,22)
[miner2] Red retriever 1 staying near explorer at 11 22
[miner2] I am at (11,23) which is near (11,22)
[miner2] Red retriever 1 staying near explorer at 11 22
[miner2] I am at (11,23) which is near (11,22)
[miner2] Red retriever 1 staying near explorer at 11 22
[miner7] I am at (5,28) which is near (6,27)
[miner2] I am at (11,23) which is near (11,22)
[miner7] I chose to go near 16 7 Coordinates
[miner2] Red retriever 1 staying near explorer at 11 22
[miner2] I am at (11,23) which is near (11,22)
[miner2] Red retriever 1 staying near explorer at 11 22
[miner2] I am at (11,23) which is near (11,22)
[miner2] Red retriever 1 staying near explorer at 11 22
[miner2] I am at (11,23) which is near (11,22)
[miner2] Red retriever 1 staying near explorer at 11 22
[miner2] I am at (11,23) which is near (11,22)
[miner2] Red retriever 1 staying near explorer at 11 22
[miner2] I am at (11,23) which is near (11,22)
[miner2] Red retriever 1 staying near explorer at 11 22
[miner2] I am at (11,23) which is near (11,22)
[miner2] Red retriever 1 staying near explorer at 11 22
[miner2] I am at (11,23) which is near (11,22)
[miner2] Red retriever 1 staying near explorer at 11 22
[miner2] I am at (11,23) which is near (11,22)
[miner2] Red retriever 1 staying near explorer at 11 22
[miner2] I am at (11,23) which is near (11,22)
[miner2] Red retriever 1 staying near explorer at 11 22
[miner2] I am at (11,23) which is near (11,22)
[miner2] Red retriever 1 staying near explorer at 11 22
[miner2] I am at (11,23) which is near (11,22)
[miner2] Red retriever 1 staying near explorer at 11 22
[miner2] I am at (11,23) which is near (11,22)
[miner2] Red retriever 1 staying near explorer at 11 22
[miner2] I am at (11,23) which is near (11,22)
[miner2] Red retriever 1 staying near explorer at 11 22
[miner2] I am at (11,23) which is near (11,22)
[miner2] Red retriever 1 staying near explorer at 11 22
[miner2] I am at (11,23) which is near (11,22)
[miner4] I am at (1,21) which is near (0,21)
[miner2] Red retriever 1 staying near explorer at 11 22
[miner2] I am at (11,23) which is near (11,22)
[miner2] Red retriever 1 staying near explorer at 11 22
[miner2] I am at (11,23) which is near (11,22)
[miner2] Red retriever 1 staying near explorer at 11 22
[miner2] I am at (11,23) which is near (11,22)
[miner2] Red retriever 1 staying near explorer at 11 22
[miner2] I am at (11,23) which is near (11,22)
[miner2] Red retriever 1 staying near explorer at 11 22
[miner2] I am at (11,23) which is near (11,22)
[miner2] Red retriever 1 staying near explorer at 11 22
[miner2] I am at (11,23) which is near (11,22)
[miner2] Red retriever 1 staying near explorer at 11 22
[miner2] I am at (11,23) which is near (11,22)
[miner2] Red retriever 1 staying near explorer at 11 22
[miner2] I am at (11,23) which is near (11,22)
[miner4] I am at (0,27) which is near (0,28)
[miner2] Red retriever 1 staying near explorer at 11 22
[miner2] I am at (11,23) which is near (11,22)
[miner2] Red retriever 1 staying near explorer at 11 22
[miner2] I am at (11,23) which is near (11,22)
[miner2] Red retriever 1 staying near explorer at 11 22
[miner2] I am at (11,23) which is near (11,22)
[miner2] Red retriever 1 staying near explorer at 11 22
[miner2] I am at (11,23) which is near (11,22)
[miner2] Red retriever 1 staying near explorer at 11 22
[miner2] I am at (11,23) which is near (11,22)
[miner2] Red retriever 1 staying near explorer at 11 22
[miner2] I am at (11,23) which is near (11,22)
[miner2] Red retriever 1 staying near explorer at 11 22
[miner2] I am at (11,23) which is near (11,22)
[miner2] Red retriever 1 staying near explorer at 11 22
[miner2] I am at (11,23) which is near (11,22)
[miner2] Red retriever 1 staying near explorer at 11 22
[miner2] I am at (11,23) which is near (11,22)
[miner2] Red retriever 1 staying near explorer at 11 22
[miner2] I am at (11,23) which is near (11,22)
[miner2] Red retriever 1 staying near explorer at 11 22
[miner2] I am at (11,23) which is near (11,22)
[miner2] Red retriever 1 staying near explorer at 11 22
[miner2] I am at (11,23) which is near (11,22)
[miner2] Red retriever 1 staying near explorer at 11 22
[miner2] I am at (11,23) which is near (11,22)
[miner2] Red retriever 1 staying near explorer at 11 22
[miner2] I am at (11,23) which is near (11,22)
[miner2] Red retriever 1 staying near explorer at 11 22
[miner2] I am at (11,23) which is near (11,22)
[miner2] Red retriever 1 staying near explorer at 11 22
[miner2] I am at (11,23) which is near (11,22)
[miner2] Red retriever 1 staying near explorer at 11 22
[miner2] I am at (11,23) which is near (11,22)
[miner2] Red retriever 1 staying near explorer at 11 22
[miner2] I am at (11,23) which is near (11,22)
[miner2] Red retriever 1 staying near explorer at 11 22
[miner2] I am at (11,23) which is near (11,22)
[miner2] Red retriever 1 staying near explorer at 11 22
[miner2] I am at (11,23) which is near (11,22)
[miner2] Red retriever 1 staying near explorer at 11 22
[miner2] I am at (11,23) which is near (11,22)
[miner2] Red retriever 1 staying near explorer at 11 22
[miner2] I am at (11,23) which is near (11,22)
[miner2] Red retriever 1 staying near explorer at 11 22
[miner2] I am at (11,23) which is near (11,22)
[miner2] Red retriever 1 staying near explorer at 11 22
[miner2] I am at (11,23) which is near (11,22)
[miner2] Red retriever 1 staying near explorer at 11 22
[miner2] I am at (11,23) which is near (11,22)
[miner2] Red retriever 1 staying near explorer at 11 22
[miner2] I am at (11,23) which is near (11,22)
[miner2] Red retriever 1 staying near explorer at 11 22
[miner2] I am at (11,23) which is near (11,22)
[miner2] Red retriever 1 staying near explorer at 11 22
[miner2] I am at (11,23) which is near (11,22)
[miner2] Red retriever 1 staying near explorer at 11 22
[miner3] I am at (33,1) which is near (33,0)
[miner2] I am at (11,23) which is near (11,22)
[miner3] I chose to go near 22 9 Coordinates
[miner2] Red retriever 1 staying near explorer at 11 22
[miner2] I am at (11,23) which is near (11,22)
[miner2] Red retriever 1 staying near explorer at 11 22
[miner2] I am at (11,23) which is near (11,22)
[miner2] Red retriever 1 staying near explorer at 11 22
[miner2] I am at (11,23) which is near (11,22)
[miner2] Red retriever 1 staying near explorer at 11 22
[miner2] I am at (11,23) which is near (11,22)
[miner2] Red retriever 1 staying near explorer at 11 22
[miner1] I am at (6,16) which is near (6,15)
[miner1] I chose to go near 30 17 Coordinates
[miner2] I am at (11,23) which is near (11,22)
[miner2] Red retriever 1 staying near explorer at 11 22
[miner2] I am at (11,23) which is near (11,22)
[miner2] Red retriever 1 staying near explorer at 11 22
[miner2] I am at (11,23) which is near (11,22)
[miner2] Red retriever 1 staying near explorer at 11 22
[miner4] I am at (34,27) which is near (34,28)
[miner2] I am at (11,23) which is near (11,22)
[miner8] I am at (21,12) which is near (21,11)
[miner2] Red retriever 1 staying near explorer at 11 22
[miner2] I am at (11,23) which is near (11,22)
[miner2] Red retriever 1 staying near explorer at 11 22
[miner2] I am at (11,23) which is near (11,22)
[miner2] Red retriever 1 staying near explorer at 11 22
[miner2] I am at (11,23) which is near (11,22)
[miner2] Red retriever 1 staying near explorer at 11 22
[miner2] I am at (11,23) which is near (11,22)
[miner2] Red retriever 1 staying near explorer at 11 22
[miner8] I chose to go near 22 16 Coordinates
[miner3] I am at (22,8) which is near (22,9)
[miner2] I am at (11,23) which is near (11,22)
[miner3] I chose to go near 7 14 Coordinates
[miner2] Red retriever 1 staying near explorer at 11 22
[miner2] I am at (11,23) which is near (11,22)
[miner2] Red retriever 1 staying near explorer at 11 22
[miner2] I am at (11,23) which is near (11,22)
[miner2] Red retriever 1 staying near explorer at 11 22
[miner2] I am at (11,23) which is near (11,22)
[miner2] Red retriever 1 staying near explorer at 11 22
[miner2] I am at (11,23) which is near (11,22)
[miner2] Red retriever 1 staying near explorer at 11 22
[miner8] I am at (22,15) which is near (22,16)
[miner2] I am at (11,23) which is near (11,22)
[miner8] I chose to go near 11 2 Coordinates
[miner2] Red retriever 1 staying near explorer at 11 22
[miner2] I am at (11,23) which is near (11,22)
[miner2] Red retriever 1 staying near explorer at 11 22
[miner2] I am at (11,23) which is near (11,22)
[miner2] Red retriever 1 staying near explorer at 11 22
[miner2] I am at (11,23) which is near (11,22)
[miner2] Red retriever 1 staying near explorer at 11 22
[miner2] I am at (11,23) which is near (11,22)
[miner2] Red retriever 1 staying near explorer at 11 22
[miner2] I am at (11,23) which is near (11,22)
[miner2] Red retriever 1 staying near explorer at 11 22
[miner2] I am at (11,23) which is near (11,22)
[miner2] Red retriever 1 staying near explorer at 11 22
[miner2] I am at (11,23) which is near (11,22)
[miner2] Red retriever 1 staying near explorer at 11 22
[miner2] I am at (11,23) which is near (11,22)
[miner2] Red retriever 1 staying near explorer at 11 22
[miner2] I am at (11,23) which is near (11,22)
[miner2] Red retriever 1 staying near explorer at 11 22
[miner2] I am at (11,23) which is near (11,22)
[miner2] Red retriever 1 staying near explorer at 11 22
[miner2] I am at (11,23) which is near (11,22)
[miner2] Red retriever 1 staying near explorer at 11 22
[miner2] I am at (11,23) which is near (11,22)
[miner2] Red retriever 1 staying near explorer at 11 22
[miner2] I am at (11,23) which is near (11,22)
[miner2] Red retriever 1 staying near explorer at 11 22
[miner2] I am at (11,23) which is near (11,22)
[miner2] Red retriever 1 staying near explorer at 11 22
[miner2] I am at (11,23) which is near (11,22)
[miner2] Red retriever 1 staying near explorer at 11 22
[miner5] I am at (4,24) which is near (3,25)
[miner5] I chose to go near 9 2 Coordinates
[miner2] I am at (11,23) which is near (11,22)
[miner2] Red retriever 1 staying near explorer at 11 22
[miner2] I am at (11,23) which is near (11,22)
[miner2] Red retriever 1 staying near explorer at 11 22
[miner2] I am at (11,23) which is near (11,22)
[miner3] I am at (7,13) which is near (7,14)
[miner3] I chose to go near 22 7 Coordinates
[miner2] Red retriever 1 staying near explorer at 11 22
[miner2] I am at (11,23) which is near (11,22)
[miner2] Red retriever 1 staying near explorer at 11 22
[miner2] I am at (11,23) which is near (11,22)
[miner2] Red retriever 1 staying near explorer at 11 22
[miner2] I am at (11,23) which is near (11,22)
[miner2] Red retriever 1 staying near explorer at 11 22
[miner2] I am at (11,23) which is near (11,22)
[miner2] Red retriever 1 staying near explorer at 11 22
[miner2] I am at (11,23) which is near (11,22)
[miner2] Red retriever 1 staying near explorer at 11 22
[miner2] I am at (11,23) which is near (11,22)
[miner2] Red retriever 1 staying near explorer at 11 22
[miner8] I am at (11,3) which is near (11,2)
[miner2] I am at (11,23) which is near (11,22)
[miner8] I chose to go near 2 25 Coordinates
[miner2] Red retriever 1 staying near explorer at 11 22
[miner2] I am at (11,23) which is near (11,22)
[miner2] Red retriever 1 staying near explorer at 11 22
[miner2] I am at (11,23) which is near (11,22)
[miner2] Red retriever 1 staying near explorer at 11 22
[miner6] I am at (20,1) which is near (20,0)
[miner2] I am at (11,23) which is near (11,22)
[miner2] Red retriever 1 staying near explorer at 11 22
[miner6] I chose to go near 24 5 Coordinates
[miner2] I am at (11,23) which is near (11,22)
[miner2] Red retriever 1 staying near explorer at 11 22
[miner2] I am at (11,23) which is near (11,22)
[miner2] Red retriever 1 staying near explorer at 11 22
[miner2] I am at (11,23) which is near (11,22)
[miner2] Red retriever 1 staying near explorer at 11 22
[miner2] I am at (11,23) which is near (11,22)
[miner2] Red retriever 1 staying near explorer at 11 22
[miner3] I am at (22,8) which is near (22,7)
[miner2] I am at (11,23) which is near (11,22)
[miner3] I chose to go near 31 20 Coordinates
[miner2] Red retriever 1 staying near explorer at 11 22
[miner2] I am at (11,23) which is near (11,22)
[miner2] Red retriever 1 staying near explorer at 11 22
[miner6] I am at (24,4) which is near (24,5)
[miner6] I chose to go near 29 28 Coordinates
[miner2] I am at (11,23) which is near (11,22)
[miner2] Red retriever 1 staying near explorer at 11 22
[miner2] I am at (11,23) which is near (11,22)
[miner2] Red retriever 1 staying near explorer at 11 22
[miner2] I am at (11,23) which is near (11,22)
[miner2] Red retriever 1 staying near explorer at 11 22
[miner2] I am at (11,23) which is near (11,22)
[miner7] I am at (15,7) which is near (16,7)
[miner2] Red retriever 1 staying near explorer at 11 22
[miner7] I chose to go near 13 25 Coordinates
[miner2] I am at (11,23) which is near (11,22)
[miner2] Red retriever 1 staying near explorer at 11 22
[miner2] I am at (11,23) which is near (11,22)
[miner2] Red retriever 1 staying near explorer at 11 22
[miner2] I am at (11,23) which is near (11,22)
[miner2] Red retriever 1 staying near explorer at 11 22
[miner2] I am at (11,23) which is near (11,22)
[miner2] Red retriever 1 staying near explorer at 11 22
[miner2] I am at (11,23) which is near (11,22)
[miner2] Red retriever 1 staying near explorer at 11 22
[miner2] I am at (11,23) which is near (11,22)
[miner2] Red retriever 1 staying near explorer at 11 22
[miner2] I am at (11,23) which is near (11,22)
[miner2] Red retriever 1 staying near explorer at 11 22
[miner2] I am at (11,23) which is near (11,22)
[miner2] Red retriever 1 staying near explorer at 11 22
[miner2] I am at (11,23) which is near (11,22)
[miner2] Red retriever 1 staying near explorer at 11 22
[miner2] I am at (11,23) which is near (11,22)
[miner2] Red retriever 1 staying near explorer at 11 22
[miner2] I am at (11,23) which is near (11,22)
[miner2] Red retriever 1 staying near explorer at 11 22
[miner2] I am at (11,23) which is near (11,22)
[miner2] Red retriever 1 staying near explorer at 11 22
[miner3] I am at (31,19) which is near (31,20)
[miner3] I chose to go near 26 8 Coordinates
[miner2] I am at (11,23) which is near (11,22)
[miner2] Red retriever 1 staying near explorer at 11 22
[miner9] I am at (31,16) which is near (32,17)
[miner2] I am at (11,23) which is near (11,22)
[miner2] Red retriever 1 staying near explorer at 11 22
[miner9] I chose to go near 10 8 Coordinates
[miner2] I am at (11,23) which is near (11,22)
[miner2] Red retriever 1 staying near explorer at 11 22
[miner2] I am at (11,23) which is near (11,22)
[miner2] Red retriever 1 staying near explorer at 11 22
[miner2] I am at (11,23) which is near (11,22)
[miner2] Red retriever 1 staying near explorer at 11 22
[miner2] I am at (11,23) which is near (11,22)
[miner2] Red retriever 1 staying near explorer at 11 22
[miner2] I am at (11,23) which is near (11,22)
[miner2] Red retriever 1 staying near explorer at 11 22
[miner2] I am at (11,23) which is near (11,22)
[miner2] Red retriever 1 staying near explorer at 11 22
[miner2] I am at (11,23) which is near (11,22)
[miner2] Red retriever 1 staying near explorer at 11 22
[miner2] I am at (11,23) which is near (11,22)
[miner2] Red retriever 1 staying near explorer at 11 22
[miner1] I am at (29,18) which is near (30,17)
[miner2] I am at (11,23) which is near (11,22)
[miner1] I chose to go near 31 24 Coordinates
[miner2] Red retriever 1 staying near explorer at 11 22
[miner7] I am at (13,24) which is near (13,25)
[miner2] I am at (11,23) which is near (11,22)
[miner7] I chose to go near 6 27 Coordinates
[miner2] Red retriever 1 staying near explorer at 11 22
[miner3] I am at (26,9) which is near (26,8)
[miner2] I am at (11,23) which is near (11,22)
[miner3] I chose to go near 31 27 Coordinates
[miner2] Red retriever 1 staying near explorer at 11 22
[miner2] I am at (11,23) which is near (11,22)
[miner2] Red retriever 1 staying near explorer at 11 22
[miner2] I am at (11,23) which is near (11,22)
[miner2] Red retriever 1 staying near explorer at 11 22
[miner1] I am at (31,23) which is near (31,24)
[miner1] I chose to go near 18 25 Coordinates
[miner2] I am at (11,23) which is near (11,22)
[miner2] Red retriever 1 staying near explorer at 11 22
[miner2] I am at (11,23) which is near (11,22)
[miner2] Red retriever 1 staying near explorer at 11 22
[miner2] I am at (11,23) which is near (11,22)
[miner2] Red retriever 1 staying near explorer at 11 22
[miner2] I am at (11,23) which is near (11,22)
[miner2] Red retriever 1 staying near explorer at 11 22
[miner2] I am at (11,23) which is near (11,22)
[miner2] Red retriever 1 staying near explorer at 11 22
[miner2] I am at (11,23) which is near (11,22)
[miner2] Red retriever 1 staying near explorer at 11 22
[miner2] I am at (11,23) which is near (11,22)
[miner2] Red retriever 1 staying near explorer at 11 22
[miner2] I am at (11,23) which is near (11,22)
[miner2] Red retriever 1 staying near explorer at 11 22
[miner2] I am at (11,23) which is near (11,22)
[miner2] Red retriever 1 staying near explorer at 11 22
[miner2] I am at (11,23) which is near (11,22)
[miner2] Red retriever 1 staying near explorer at 11 22
[miner1] I am at (18,24) which is near (18,25)
[miner2] I am at (11,23) which is near (11,22)
[miner1] I chose to go near 0 18 Coordinates
[miner2] Red retriever 1 staying near explorer at 11 22
[miner2] I am at (11,23) which is near (11,22)
[miner2] Red retriever 1 staying near explorer at 11 22
[miner2] I am at (11,23) which is near (11,22)
[miner2] Red retriever 1 staying near explorer at 11 22
[miner2] I am at (11,23) which is near (11,22)
[miner2] Red retriever 1 staying near explorer at 11 22
[miner2] I am at (11,23) which is near (11,22)
[miner3] I am at (31,26) which is near (31,27)
[miner3] I chose to go near 6 20 Coordinates
[miner2] Red retriever 1 staying near explorer at 11 22
[miner2] I am at (11,23) which is near (11,22)
[miner8] I am at (1,24) which is near (2,25)
[miner8] I chose to go near 17 11 Coordinates
[miner2] Red retriever 1 staying near explorer at 11 22
[miner2] I am at (11,23) which is near (11,22)
[miner2] Red retriever 1 staying near explorer at 11 22
[miner2] I am at (11,23) which is near (11,22)
[miner2] Red retriever 1 staying near explorer at 11 22
[miner2] I am at (11,23) which is near (11,22)
[miner2] Red retriever 1 staying near explorer at 11 22
[miner2] I am at (11,23) which is near (11,22)
[miner2] Red retriever 1 staying near explorer at 11 22
[miner2] I am at (11,23) which is near (11,22)
[miner2] Red retriever 1 staying near explorer at 11 22
[miner2] I am at (11,23) which is near (11,22)
[miner2] Red retriever 1 staying near explorer at 11 22
[miner2] I am at (11,23) which is near (11,22)
[miner2] Red retriever 1 staying near explorer at 11 22
[miner2] I am at (11,23) which is near (11,22)
[miner2] Red retriever 1 staying near explorer at 11 22
[miner2] I am at (11,23) which is near (11,22)
[miner2] Red retriever 1 staying near explorer at 11 22
[miner2] I am at (11,23) which is near (11,22)
[miner2] Red retriever 1 staying near explorer at 11 22
[miner2] I am at (11,23) which is near (11,22)
[miner2] Red retriever 1 staying near explorer at 11 22
[miner2] I am at (11,23) which is near (11,22)
[miner2] Red retriever 1 staying near explorer at 11 22
[miner2] I am at (11,23) which is near (11,22)
[miner2] Red retriever 1 staying near explorer at 11 22
[miner2] I am at (11,23) which is near (11,22)
[miner2] Red retriever 1 staying near explorer at 11 22
[miner2] I am at (11,23) which is near (11,22)
[miner2] Red retriever 1 staying near explorer at 11 22
[miner2] I am at (11,23) which is near (11,22)
[miner2] Red retriever 1 staying near explorer at 11 22
[miner2] I am at (11,23) which is near (11,22)
[miner2] Red retriever 1 staying near explorer at 11 22
[miner2] I am at (11,23) which is near (11,22)
[miner2] Red retriever 1 staying near explorer at 11 22
[miner2] I am at (11,23) which is near (11,22)
[miner2] Red retriever 1 staying near explorer at 11 22
[miner2] I am at (11,23) which is near (11,22)
[miner2] Red retriever 1 staying near explorer at 11 22
[miner2] I am at (11,23) which is near (11,22)
[miner2] Red retriever 1 staying near explorer at 11 22
[miner2] I am at (11,23) which is near (11,22)
[miner2] Red retriever 1 staying near explorer at 11 22
[miner2] I am at (11,23) which is near (11,22)
[miner2] Red retriever 1 staying near explorer at 11 22
[miner2] I am at (11,23) which is near (11,22)
[miner2] Red retriever 1 staying near explorer at 11 22
[miner2] I am at (11,23) which is near (11,22)
[miner2] Red retriever 1 staying near explorer at 11 22
[miner2] I am at (11,23) which is near (11,22)
[miner2] Red retriever 1 staying near explorer at 11 22
[miner5] I am at (9,3) which is near (9,2)
[miner2] I am at (11,23) which is near (11,22)
[miner5] I chose to go near 30 12 Coordinates
[miner2] Red retriever 1 staying near explorer at 11 22
[miner2] I am at (11,23) which is near (11,22)
[miner2] Red retriever 1 staying near explorer at 11 22
[miner2] I am at (11,23) which is near (11,22)
[miner8] I am at (17,12) which is near (17,11)
[miner2] Red retriever 1 staying near explorer at 11 22
[miner8] I chose to go near 12 27 Coordinates
[miner2] I am at (11,23) which is near (11,22)
[miner2] Red retriever 1 staying near explorer at 11 22
[miner2] I am at (11,23) which is near (11,22)
[miner7] I am at (5,28) which is near (6,27)
[miner7] I chose to go near 0 33 Coordinates
[miner2] Red retriever 1 staying near explorer at 11 22
[miner2] I am at (11,23) which is near (11,22)
[miner2] Red retriever 1 staying near explorer at 11 22
[miner2] I am at (11,23) which is near (11,22)
[miner2] Red retriever 1 staying near explorer at 11 22
[miner2] I am at (11,23) which is near (11,22)
[miner2] Red retriever 1 staying near explorer at 11 22
[miner2] I am at (11,23) which is near (11,22)
[miner2] Red retriever 1 staying near explorer at 11 22
[miner2] I am at (11,23) which is near (11,22)
[miner2] Red retriever 1 staying near explorer at 11 22
[miner2] I am at (11,23) which is near (11,22)
[miner2] Red retriever 1 staying near explorer at 11 22
[miner2] I am at (11,23) which is near (11,22)
[miner2] Red retriever 1 staying near explorer at 11 22
[miner2] I am at (11,23) which is near (11,22)
[miner2] Red retriever 1 staying near explorer at 11 22
[miner2] I am at (11,23) which is near (11,22)
[miner2] Red retriever 1 staying near explorer at 11 22
[miner2] I am at (11,23) which is near (11,22)
[miner2] Red retriever 1 staying near explorer at 11 22
[miner2] I am at (11,23) which is near (11,22)
[miner2] Red retriever 1 staying near explorer at 11 22
[miner2] I am at (11,23) which is near (11,22)
[miner2] Red retriever 1 staying near explorer at 11 22
[miner2] I am at (11,23) which is near (11,22)
[miner2] Red retriever 1 staying near explorer at 11 22
[miner2] I am at (11,23) which is near (11,22)
[miner2] Red retriever 1 staying near explorer at 11 22
[miner8] I am at (12,26) which is near (12,27)
[miner2] I am at (11,23) which is near (11,22)
[miner8] I chose to go near 27 19 Coordinates
[miner2] Red retriever 1 staying near explorer at 11 22
[miner2] I am at (11,23) which is near (11,22)
[miner2] Red retriever 1 staying near explorer at 11 22
[miner2] I am at (11,23) which is near (11,22)
[miner2] Red retriever 1 staying near explorer at 11 22
[miner2] I am at (11,23) which is near (11,22)
[miner2] Red retriever 1 staying near explorer at 11 22
[miner2] I am at (11,23) which is near (11,22)
[miner5] I am at (30,11) which is near (30,12)
[miner2] Red retriever 1 staying near explorer at 11 22
[miner5] I chose to go near 5 10 Coordinates
[miner2] I am at (11,23) which is near (11,22)
[miner2] Red retriever 1 staying near explorer at 11 22
[miner2] I am at (11,23) which is near (11,22)
[miner2] Red retriever 1 staying near explorer at 11 22
[miner2] I am at (11,23) which is near (11,22)
[miner2] Red retriever 1 staying near explorer at 11 22
[miner2] I am at (11,23) which is near (11,22)
[miner2] Red retriever 1 staying near explorer at 11 22
[miner2] I am at (11,23) which is near (11,22)
[miner2] Red retriever 1 staying near explorer at 11 22
[miner2] I am at (11,23) which is near (11,22)
[miner2] Red retriever 1 staying near explorer at 11 22
[miner2] I am at (11,23) which is near (11,22)
[miner2] Red retriever 1 staying near explorer at 11 22
[miner2] I am at (11,23) which is near (11,22)
[miner2] Red retriever 1 staying near explorer at 11 22
[miner8] I am at (27,20) which is near (27,19)
[miner1] I am at (0,19) which is near (0,18)
[miner2] I am at (11,23) which is near (11,22)
[miner8] I chose to go near 27 4 Coordinates
[miner1] I chose to go near 3 2 Coordinates
[miner2] Red retriever 1 staying near explorer at 11 22
[miner2] I am at (11,23) which is near (11,22)
[miner7] I am at (0,32) which is near (0,33)
[miner2] Red retriever 1 staying near explorer at 11 22
[miner7] I chose to go near 12 11 Coordinates
[miner2] I am at (11,23) which is near (11,22)
[miner2] Red retriever 1 staying near explorer at 11 22
[miner2] I am at (11,23) which is near (11,22)
[miner2] Red retriever 1 staying near explorer at 11 22
[miner2] I am at (11,23) which is near (11,22)
[miner2] Red retriever 1 staying near explorer at 11 22
[miner2] I am at (11,23) which is near (11,22)
[miner5] I am at (6,11) which is near (5,10)
[miner2] Red retriever 1 staying near explorer at 11 22
[miner5] I chose to go near 32 18 Coordinates
[miner2] I am at (11,23) which is near (11,22)
[miner2] Red retriever 1 staying near explorer at 11 22
[miner3] I am at (6,21) which is near (6,20)
[miner3] I chose to go near 24 13 Coordinates
[miner2] I am at (11,23) which is near (11,22)
[miner8] I am at (27,5) which is near (27,4)
[miner8] I chose to go near 11 20 Coordinates
[miner2] Red retriever 1 staying near explorer at 11 22
[miner2] I am at (11,23) which is near (11,22)
[miner2] Red retriever 1 staying near explorer at 11 22
[miner2] I am at (11,23) which is near (11,22)
[miner1] I am at (3,3) which is near (3,2)
[miner2] Red retriever 1 staying near explorer at 11 22
[miner1] I chose to go near 1 25 Coordinates
[miner2] I am at (11,23) which is near (11,22)
[miner2] Red retriever 1 staying near explorer at 11 22
[miner2] I am at (11,23) which is near (11,22)
[miner2] Red retriever 1 staying near explorer at 11 22
[miner2] I am at (11,23) which is near (11,22)
[miner2] Red retriever 1 staying near explorer at 11 22
[miner2] I am at (11,23) which is near (11,22)
[miner2] Red retriever 1 staying near explorer at 11 22
[miner2] I am at (11,23) which is near (11,22)
[miner2] Red retriever 1 staying near explorer at 11 22
[miner2] I am at (11,23) which is near (11,22)
[miner2] Red retriever 1 staying near explorer at 11 22
[miner2] I am at (11,23) which is near (11,22)
[miner2] Red retriever 1 staying near explorer at 11 22
[miner2] I am at (11,23) which is near (11,22)
[miner2] Red retriever 1 staying near explorer at 11 22
[miner2] I am at (11,23) which is near (11,22)
[miner2] Red retriever 1 staying near explorer at 11 22
[miner2] I am at (11,23) which is near (11,22)
[miner2] Red retriever 1 staying near explorer at 11 22
[miner2] I am at (11,23) which is near (11,22)
[miner2] Red retriever 1 staying near explorer at 11 22
[miner2] I am at (11,23) which is near (11,22)
[miner2] Red retriever 1 staying near explorer at 11 22
[miner2] I am at (11,23) which is near (11,22)
[miner3] I am at (23,14) which is near (24,13)
[miner2] Red retriever 1 staying near explorer at 11 22
[miner3] I chose to go near 31 23 Coordinates
[miner2] I am at (11,23) which is near (11,22)
[miner2] Red retriever 1 staying near explorer at 11 22
[miner2] I am at (11,23) which is near (11,22)
[miner2] Red retriever 1 staying near explorer at 11 22
[miner2] I am at (11,23) which is near (11,22)
[miner2] Red retriever 1 staying near explorer at 11 22
[miner5] I am at (31,18) which is near (32,18)
[miner2] I am at (11,23) which is near (11,22)
[miner5] I chose to go near 31 9 Coordinates
[miner1] I am at (1,24) which is near (1,25)
[miner2] Red retriever 1 staying near explorer at 11 22
[miner1] I chose to go near 6 0 Coordinates
[miner2] I am at (11,23) which is near (11,22)
[miner2] Red retriever 1 staying near explorer at 11 22
[miner2] I am at (11,23) which is near (11,22)
[miner2] Red retriever 1 staying near explorer at 11 22
[miner2] I am at (11,23) which is near (11,22)
[miner2] Red retriever 1 staying near explorer at 11 22
[miner2] I am at (11,23) which is near (11,22)
[miner2] Red retriever 1 staying near explorer at 11 22
[miner2] I am at (11,23) which is near (11,22)
[miner2] Red retriever 1 staying near explorer at 11 22
[miner3] I am at (31,22) which is near (31,23)
[miner3] I chose to go near 27 4 Coordinates
[miner2] I am at (11,23) which is near (11,22)
[miner5] I am at (31,10) which is near (31,9)
[miner2] Red retriever 1 staying near explorer at 11 22
[miner5] I chose to go near 11 1 Coordinates
[miner2] I am at (11,23) which is near (11,22)
[miner2] Red retriever 1 staying near explorer at 11 22
[miner2] I am at (11,23) which is near (11,22)
[miner2] Red retriever 1 staying near explorer at 11 22
[miner2] I am at (11,23) which is near (11,22)
[miner2] Red retriever 1 staying near explorer at 11 22
[miner2] I am at (11,23) which is near (11,22)
[miner2] Red retriever 1 staying near explorer at 11 22
[miner2] I am at (11,23) which is near (11,22)
[miner2] Red retriever 1 staying near explorer at 11 22
[miner2] I am at (11,23) which is near (11,22)
[miner2] Red retriever 1 staying near explorer at 11 22
[miner2] I am at (11,23) which is near (11,22)
[miner2] Red retriever 1 staying near explorer at 11 22
[miner2] I am at (11,23) which is near (11,22)
[miner2] Red retriever 1 staying near explorer at 11 22
[miner2] I am at (11,23) which is near (11,22)
[miner2] Red retriever 1 staying near explorer at 11 22
[miner2] I am at (11,23) which is near (11,22)
[miner2] Red retriever 1 staying near explorer at 11 22
[miner1] I am at (6,1) which is near (6,0)
[miner1] I chose to go near 24 10 Coordinates
[miner2] I am at (11,23) which is near (11,22)
[miner2] Red retriever 1 staying near explorer at 11 22
[miner2] I am at (11,23) which is near (11,22)
[miner3] I am at (27,5) which is near (27,4)
[miner2] Red retriever 1 staying near explorer at 11 22
[miner3] I chose to go near 24 12 Coordinates
[miner2] I am at (11,23) which is near (11,22)
[miner2] Red retriever 1 staying near explorer at 11 22
[miner2] I am at (11,23) which is near (11,22)
[miner2] Red retriever 1 staying near explorer at 11 22
[miner2] I am at (11,23) which is near (11,22)
[miner2] Red retriever 1 staying near explorer at 11 22
[miner2] I am at (11,23) which is near (11,22)
[miner5] I am at (12,2) which is near (11,1)
[miner5] I chose to go near 0 17 Coordinates
[miner2] Red retriever 1 staying near explorer at 11 22
[miner6] I am at (29,27) which is near (29,28)
[miner6] I chose to go near 15 26 Coordinates
[miner2] I am at (11,23) which is near (11,22)
[miner2] Red retriever 1 staying near explorer at 11 22
[miner2] I am at (11,23) which is near (11,22)
[miner3] I am at (24,11) which is near (24,12)
[miner3] I chose to go near 33 20 Coordinates
[miner2] Red retriever 1 staying near explorer at 11 22
[miner2] I am at (11,23) which is near (11,22)
[miner2] Red retriever 1 staying near explorer at 11 22
[miner2] I am at (11,23) which is near (11,22)
[miner2] Red retriever 1 staying near explorer at 11 22
[leader] Time is over!
[leader] Time is over!
[miner8] Stopping: time is over.
[miner4] Stopping: time is over.
[leader] Final score -> red: 37, blue: 15, green: 27
[leader] Winner: red team with 37 points.
[miner6] Stopping: time is over.
[miner1] Stopping: time is over.
[miner9] Stopping: time is over.
[miner3] Stopping: time is over.
[miner7] Stopping: time is over.
[miner5] Stopping: time is over.
[miner2] Stopping: time is over.
